"year","last_name, first_name","player_id","team_id","pa","pitches","runs_all","runs_heart","runs_shadow","runs_chase","runs_waste"
"2022","Olson, Matt","621566","144","693","2892",16.926739954290632,-1.8664953654632788,-14.397461673809424,18.241647774038277,14.949049219525035
"2022","Odor, Rougned","596059","110","471","1760",-9.134990345777837,2.1302882859565035,-27.409145722910576,8.79577019030357,7.348096900872695
"2022","Arroyo, Christian","624414","111","298","1041",-0.020288413759797785,3.1304406933053963,-13.22972516134365,5.909068387326201,4.169927666952251
"2022","Wisdom, Patrick","621550","112","526","2208",-2.779039874777891,0.2560753335373436,-27.309476638788343,13.686299553831848,10.588061876641255
"2022","Thompson, Trayce","572204","119","255","1138",10.588739292724101,1.898410806950975,-7.284603327474924,11.286644330515065,4.6882874827330046
"2022","Cooper, Garrett","643265","146","469","1861",9.080098568313106,4.2022195990458595,-14.437815744315726,9.368709571426031,9.946985142156954
"2022","Adames, Willy","642715","158","614","2466",17.085739282819684,9.444922169836502,-16.495991244232325,12.06221549956981,12.074592857645658
"2022","Kepler, Max","596146","142","445","1655",-8.101354402205738,-22.4834114746693,-8.543558690296091,14.592924243022855,8.332691519736791
"2022","Donovan, Brendan","680977","138","467","1966",20.717830207026907,-5.306741860639585,-4.099149004691856,18.96556038134329,11.158160691015038
"2022","Peralta, David","444482","139","485","1830",-5.155620339555722,-13.511250552579922,-3.479054473616899,6.980350904483191,4.854333782157925
"2022","Hernández, Teoscar","606192","141","534","2082",16.74493291198905,22.063979915427073,-16.527237805839704,3.4556212494006053,7.7525695530010035
"2022","Grossman, Robbie","543257","144","477","1942",-4.549982389531159,-9.700774590394081,-17.86199564557847,15.883374749589505,7.129413096851914
"2022","Martinez, J.D.","502110","111","594","2389",-0.1050508623324985,-1.8867296734254195,-18.408536938215615,10.067457442598243,10.12275830671032
"2022","Morel, Christopher","666624","112","419","1631",3.7291136852223445,-4.831372063139343,-7.65891479954119,8.41141860169461,7.807981946208275
"2022","Naylor, Josh","647304","114","494","1768",13.863000061457054,2.5683898201372153,-10.416457884067887,11.10807986453393,10.602988260853811
"2022","Díaz, Elias","553869","115","381","1445",-6.955814654791869,-6.274544525330693,-15.553558810926152,10.2114915408878,4.660797140577182
"2022","Haase, Eric","606992","116","350","1376",2.584933396359801,10.715310460021463,-15.401503599279424,0.38849449811509923,6.88263203750271
"2022","Anderson, Brian","605119","146","381","1543",-4.258071900143714,-4.419600553172336,-14.292074245862823,8.665778924000842,5.787823974890636
"2022","McCutchen, Andrew","457705","158","579","2364",1.0516621727229571,-11.893993708046601,-11.451602084703469,16.843492968132217,7.5537649973408
"2022","Vogelbach, Daniel","596129","121","459","2102",12.231612523433453,-7.8718300329059465,-4.8292645420721145,17.575899259698335,7.356807838713206
"2022","Donaldson, Josh","518626","147","544","2175",0.8417823417994625,-1.145800107132792,-20.803714348746762,9.692756061997335,13.098540735681668
"2022","Hicks, Aaron","543305","147","450","2015",-5.206463358656869,-23.743496036951733,-18.68110016415536,24.893124315373633,12.325008527076614
"2022","Hayes, Ke'Bryan","663647","134","560","2227",-11.949577978529407,-13.27806924298256,-14.031026583464199,7.128307150652638,8.23121069726472
"2022","Cruz, Oneil","665833","134","360","1459",11.164823501739622,3.409508099578683,-3.029366336221163,3.908387904198089,6.8762938341840325
"2022","Rodríguez, Julio","677594","136","556","2084",32.63751857342914,10.00695343743918,-1.1048590486754277,12.064236585872347,11.671187598793036
"2022","Franco, Wander","677551","139","343","1216",0.8390295984676783,-2.5116787318501492,-7.6718961960303504,6.615730903636756,4.406873622711426
"2022","Rosario, Eddie","592696","144","270","1010",-8.479677436116587,-2.399293540419862,-12.608027195123103,3.8187420159286445,2.708901283497741
"2022","Dalbec, Bobby","666915","111","353","1475",-9.81215620932296,-0.8644506059212309,-21.4548004736816,7.328467374707106,5.178627495572761
"2022","Contreras, Willson","575929","112","482","1802",10.523075054965755,-1.321754929490262,-8.493779698063465,9.829399046040066,10.5092106364794
"2022","Schwindel, Frank","643524","112","291","1138",-9.130663834905837,-11.165554233647498,-7.463325982513953,6.196004596059923,3.3022117851956905
"2022","Rojas, Miguel","500743","146","506","1816",-9.79476158550857,-16.499391273820677,-10.694882718901349,10.20500008770554,7.19451231950794
"2022","Gordon, Nick","624503","142","442","1550",6.7905327867669225,0.6075153411507542,-4.59273574971165,2.2186366525446752,8.55711654278313
"2022","LeMahieu, DJ","518934","147","540","2150",13.677513941196086,-4.5090655956872325,-9.826142649879134,20.222682248492404,7.790039938270028
"2022","Allen, Nick","669397","133","326","1154",-16.192037412758033,-11.542460660700597,-13.966585775527612,5.40765868730928,3.9093503361609057
"2022","Castillo, Diego","660636","134","282","1149",-4.665942171040937,-7.609081465304038,-6.369426360632758,5.152670193122274,4.159895461773592
"2022","Castro, Rodolfo","666801","134","277","1047",-1.0465070544603137,-2.6832114492390353,-7.197961910388224,4.000618853790637,4.83404745137631
"2022","Frazier, Adam","624428","136","601","2191",-18.343159888403264,-17.845705688969584,-24.829694752412692,14.06395543163086,10.268285121348123
"2022","Estrada, Thairo","642731","137","541","1945",2.5384194790260977,-3.8374406042262437,-13.525607316053305,9.544109729282045,10.35735767002365
"2022","Dickerson, Corey","572816","138","296","1083",0.007503037180338512,-1.9223788210890418,-8.311637569453746,7.297337622597151,2.9441818051259796
"2022","Mejía, Francisco","642336","139","299","1094",-7.31589830975096,-8.089317794846217,-4.400605896128463,3.3764909853310545,1.7975343958926637
"2022","Lowe, Nathaniel","663993","140","643","2525",26.03648653546271,13.135301510370672,-9.475910256007118,11.92959152753897,10.44750375356018
"2022","Ruiz, Keibert","660688","120","433","1538",-11.285427173147783,-14.372772904790152,-14.401723306933063,9.812183106532014,7.676885932043406
"2022","Rivera, Emmanuel","656896","109","359","1324",0.10223768388903774,1.0446389357772943,-11.672014262077033,7.092456162706718,3.63715684748205
"2022","McCarthy, Jake","664983","109","354","1263",17.377947550682908,9.258884908584347,-8.144816044262265,11.18421008968193,5.079668596678927
"2022","Albies, Ozzie","645277","144","269","1027",0.3639658586054546,-0.8056477007594076,-8.261462420055478,4.006912727750069,5.424163251670263
"2022","Aguilar, Jesús","542583","110","506","2078",-3.8372038731237352,-9.498995321613293,-8.440899626048324,7.088653923215633,7.014037151322261
"2022","Farmer, Kyle","571657","113","579","2127",5.8027002466561095,1.2651484696880866,-4.996635244386486,0.22579672521054497,9.308390296143955
"2022","Rodgers, Brendan","663898","115","581","2112",2.8793962472428145,8.179168803798584,-27.32417146282096,12.774295381815909,9.250103524449283
"2022","Andrus, Elvis","462101","145","577","2252",0.9904556639861659,-11.172880457917751,-9.787616637666135,14.021794189855573,7.929158569714504
"2022","Reyes, Victor","622682","116","336","1283",-3.0613524742838565,-2.54140072677085,-9.750125795689176,3.0673755508900857,6.162798497286096
"2022","Stallings, Jacob","607732","146","384","1474",-14.920154803741177,-17.767589297081223,-14.64747110393145,11.340180574935147,6.1547250223363505
"2022","Renfroe, Hunter","592669","158","521","2027",3.9400045714448635,-2.6236150011904575,-12.659178256757636,11.151421432342715,8.071376397050244
"2022","Buxton, Byron","621439","142","382","1529",7.484611846895907,4.451215633218901,-12.019306797075409,6.141253260344604,8.911449750407808
"2022","Pinder, Chad","640461","133","379","1437",-11.048711045597106,-0.3046412571435637,-22.09863556314208,7.20001368421414,4.154552090474379
"2022","Bohm, Alec","664761","143","630","2301",1.2751491031069822,-10.739154907453425,-3.4512071731598084,6.328070095506788,9.137441088213448
"2022","Soto, Juan","665742","135","658","2765",29.95840815383192,-7.973647433423992,-11.698147601845912,33.44103028283976,16.189172906262037
"2022","Duvall, Adam","594807","144","315","1220",-3.096546025282483,-7.5299506348648,-4.424128169277017,4.148064371044993,4.70946840781434
"2022","Báez, Javier","595879","116","589","2092",-3.0152797757875067,-2.24262789804979,-3.26826201710883,0.8799796188686989,1.615630520502405
"2022","Candelario, Jeimer","600869","116","466","1739",-7.110958363330208,-5.7558935208559285,-22.47422156822398,14.114518873544192,7.0046378522055
"2022","Maldonado, Martín","455117","117","379","1501",-14.079061245252394,1.6384017893932339,-23.477445573286538,3.05186736405657,4.708115174584346
"2022","Hiura, Keston","669374","158","266","1146",2.5354800589188597,-4.133607795863994,-3.7567326581961025,6.450382572045442,3.9754379409335234
"2022","Santana, Carlos","467793","136","504","2066",5.308467920204057,-21.195178732553746,-3.559655497650386,18.322396342863478,11.740905807544713
"2022","O'Neill, Tyler","641933","138","383","1594",0.4898663460588869,-7.648585396905561,-11.361829440559234,13.273598102582753,6.226683080940925
"2022","Gorman, Nolan","669357","138","313","1317",3.044733229697557,10.323190950242873,-16.58756447220154,2.494767280202582,6.814339471453648
"2022","Merrifield, Whit","593160","141","550","2017",-6.712618677498751,-18.80251431754662,-6.289503898473858,10.964628072749614,7.41477146577214
"2022","Trout, Mike","545361","108","491","2105",42.5485281595834,10.084325214402202,6.9264841101280386,15.640389483774486,9.897329351278543
"2022","Ohtani, Shohei","660271","108","652","2546",25.740974230698413,19.560761742137558,-16.93097186897783,14.506892111133917,8.604292246404839
"2022","Acuña Jr., Ronald","660670","144","529","2162",12.994202043099383,-10.925321631439193,-1.3477308013688702,15.906646549957799,9.360607925949633
"2022","Mullins, Cedric","656775","110","670","2460",-1.7167725288028508,-15.754343842959248,-13.868864301120295,16.99652136332871,10.909914251948024
"2022","Suzuki, Seiya","673548","112","438","1856",5.633151711598438,-5.653980061790059,-15.013046418474088,17.357999714184423,8.942178477678175
"2022","Solano, Donovan","456781","113","299","1174",0.7519029885978188,5.120991711452016,-13.24714069186612,4.336369793236107,4.541682175775831
"2022","Reynolds, Matt","608703","113","269","1066",-3.0567491483804026,0.8487732466777397,-11.891580845556282,3.255630556349543,4.730427894148604
"2022","Hedges, Austin","595978","114","338","1274",-23.024339228270875,-11.515197864759182,-25.691089786359093,8.529227068452649,5.652721354394739
"2022","Ramírez, José","608070","114","665","2742",32.89601485546777,7.718901983438042,-3.196672696992986,14.796771401216652,13.577014167806105
"2022","Torkelson, Spencer","679529","116","404","1609",-16.264266646400355,-10.5807800043702,-26.80909642209216,13.361721157248917,7.763888622813121
"2022","Freeman, Freddie","518692","119","696","2755",56.49739565944672,-0.36299895526846554,22.6484452436693,20.050944834930572,14.161004536115056
"2022","Yelich, Christian","592885","158","666","2747",14.443560162934745,-2.8025207072659684,-21.61814725681552,23.558308085120707,15.305920041895472
"2022","Miranda, Jose","669304","142","483","1812",9.775918723375725,4.622759875816808,-11.165348468959829,4.1495835802666035,12.168923736252106
"2022","Naquin, Tyler","571980","121","332","1261",0.6693823114741058,2.0218797238689556,-6.669131399894589,3.3464245722344477,1.9702094152652974
"2022","Canha, Mark","592192","121","541","2218",27.620865245886893,-1.0156751990250636,-5.541639497891896,20.29987740619776,13.878302536606121
"2022","Raleigh, Cal","663728","136","415","1642",2.702902752105438,2.8087473409469585,-15.937638445638356,9.60025581296948,6.231538043827373
"2022","Arenado, Nolan","571448","138","617","2330",34.69802205528137,21.58264847861804,-10.894638728369763,12.180255182399543,11.829757122633499
"2022","Arozarena, Randy","668227","139","643","2527",10.903253718677972,-4.8283987593774365,0.45014468334957514,5.255054172647262,10.026453622058575
"2022","Walls, Taylor","670764","139","466","1888",-20.1055992055458,-20.39799593597523,-22.398145819865636,15.809252053905505,6.881290496389553
"2022","Tapia, Raimel","606132","141","433","1578",-0.8365825591402636,-0.11231911829265753,-8.639584591013916,3.6344469435751527,4.280874206591144
"2022","Gurriel Jr., Lourdes","666971","141","492","1852",6.715942911929077,3.6075278719595434,-13.765516014759823,10.412901825841109,6.461029228888246
"2022","Robles, Victor","645302","120","407","1415",-11.334829110961861,-12.027748934841103,-10.233697789661818,6.140230880602955,4.786386732938094
"2022","Riley, Austin","663586","144","692","2641",27.647663964027007,21.83488916042853,-17.24604546194569,10.620806502123951,12.43801376342024
"2022","Rivas III, Alfonso","663845","112","286","1208",-0.3661900694917727,-7.372001236407056,-6.110603594634865,7.844277971054607,5.2721367904955425
"2022","Giménez, Andrés","665926","114","553","2044",24.027015956371283,8.382802761030769,-2.7997168053608457,4.968426910425435,13.475503090275918
"2022","García, Leury","544725","145","314","1151",-23.086123342569923,-13.856555099723,-16.098633464409197,3.243115909619478,3.625949311942835
"2022","Vázquez, Christian","543877","117","426","1632",4.156286456492679,-6.564250442870638,-6.433824028488306,11.077658943714537,6.076701984137115
"2022","García, Avisaíl","541645","146","380","1367",-17.158019533441898,-0.38730828712671017,-19.812394113330594,-0.7691376682186069,3.8108205352340025
"2022","Urshela, Gio","570482","142","549","2017",6.401913697701463,-5.30954596478829,-11.021449109315851,14.422445918961149,8.310462852844472
"2022","Escobar, Eduardo","500871","121","539","2089",-8.880820311528177,-11.414572542531271,-17.510300277440265,12.430109082676136,7.613943425767207
"2022","Alfaro, Jorge","595751","135","274","1008",-2.243611873409643,2.4882397368849514,-6.468009921854452,-1.7715194344598868,3.50767774601975
"2022","Crawford, Brandon","543063","137","455","1720",-6.421016550080105,-12.71847423307589,-13.478076940786716,9.99306355805223,9.782471065730284
"2022","Thomas, Lane","657041","120","548","2204",-5.377263847298968,-15.520397869364087,-13.466780764634361,14.873265427028988,8.736649359670487
"2022","Harris II, Michael","671739","144","441","1655",23.699450012868233,7.281707281006078,7.615704306415987,3.8236051663258595,4.978433259120379
"2022","Rutschman, Adley","668939","110","470","2009",9.889354631994191,0.6861166890297934,-18.766124257679287,18.243307052955604,9.726055147688028
"2022","Cron, C.J.","543068","115","626","2500",14.996223456678555,13.856258104403423,-14.370127690362441,7.572453689319858,7.9376393533177065
"2022","Moncada, Yoán","660162","145","431","1724",-8.104444832401065,-9.432359794042336,-20.54669770380574,14.929126338488395,6.9454863269586005
"2022","Robert Jr., Luis","673357","145","400","1349",15.844234219862365,11.360090074352305,-4.471472313434009,3.2831139239426843,5.672502535001337
"2022","Bregman, Alex","608324","117","655","2521",28.145621976397834,-12.630080876503838,-5.083434776670076,29.274387526156318,16.584750103415413
"2022","Melendez, MJ","669004","118","533","2196",-0.6343034792469533,-7.387129532363594,-16.782476551833497,15.671849887261809,7.863452717688332
"2022","Narváez, Omar","553882","158","295","1182",-11.74273759597943,-15.109253921697334,-12.028566943442668,9.166714642808829,6.228368626351751
"2022","Tellez, Rowdy","642133","158","590","2392",8.557265307773529,-4.378079377178388,-7.8999962504482,12.082193387461459,8.75314754793859
"2022","Harper, Bryce","547180","143","417","1594",24.762965857703392,20.21977669971359,-8.29573373612853,4.150033232024118,8.688889662094244
"2022","Crawford, J.P.","641487","136","603","2477",-5.449537073304915,-20.188227584364437,-17.228299261445184,20.390109653754262,11.576880118750465
"2022","Espinal, Santiago","669289","141","490","1912",-3.8755949185354543,-6.620302986002829,-17.77111556937184,11.666578978770293,8.849244658068931
"2022","Rengifo, Luis","650859","108","511","1818",-10.095317851295112,-4.049378709597426,-16.410519766053184,5.090412982632072,5.274167641723393
"2022","Pham, Tommy","502054","111","622","2505",-1.4915387978498558,-15.964057702223,-15.240170002457653,19.097696078537762,10.614992828293008
"2022","McMahon, Ryan","641857","115","597","2559",2.9615014577010736,-13.495315202353938,-11.676404510556164,18.749189141950172,9.384032028661032
"2022","Sheets, Gavin","657757","145","410","1699",2.365029435627168,-7.437711751196704,-5.994774705374941,8.387237870393367,7.410278021805441
"2022","Greene, Riley","682985","116","418","1716",3.1126742650338635,3.8711216055906443,-17.37849915101852,9.109059227309443,7.510992583152312
"2022","Gurriel, Yuli","493329","117","584","2116",-17.84338588873373,-10.080513787710895,-28.162923112010592,12.380308855019148,8.019742155968569
"2022","Mancini, Trey","641820","117","585","2368",4.147841781838631,-21.90416988802116,-0.7524831819753408,16.254914709012063,10.549580142823071
"2022","Judge, Aaron","592450","147","676","2904",82.66176445244656,51.782125764798856,-9.461353389083056,23.965953834782944,16.37503824194737
"2022","Machín, Vimael","605353","133","253","1002",-4.431473353673669,-8.31700774416096,-9.656612273126287,8.625366655315236,4.916780008298349
"2022","Chavis, Michael","656308","134","425","1524",-12.574444392393541,0.5969131320424099,-18.3146194778019,1.3627081347078858,3.780553818658078
"2022","Drury, Brandon","592273","135","568","2242",25.679093034742074,0.3445884436147447,-0.05492327522206264,14.95935260623692,10.430075260112435
"2022","Machado, Manny","592518","135","634","2371",42.1327256496437,17.021666262611536,3.0772689542813545,14.890779778631817,7.143010654118932
"2022","Flores, Wilmer","527038","137","601","2426",13.868266537376195,-8.054834578637282,-4.9742821007282085,16.56095849725026,10.336424719491452
"2022","Knizner, Andrew","668800","138","293","1103",-11.59339670931802,-2.0277333147853946,-19.09772003160214,3.415638889777768,6.116417747291728
"2022","Biggio, Cavan","624415","141","303","1282",0.9061336432458075,-7.292379124608354,-11.795016935986435,14.040237469248002,5.953292234592615
"2022","Story, Trevor","596115","111","392","1575",7.148788107680645,1.3819944325743005,-7.124006211284365,6.711947233765518,6.1788526526251975
"2022","Tucker, Kyle","663656","117","605","2262",27.924752880722203,21.184067723895147,-22.60527886776167,19.39304678915287,9.952917235435846
"2022","McCormick, Chas","676801","117","407","1584",4.19335559373905,-3.8626516422080237,-4.449341052908954,7.91698240067901,4.588365888177014
"2022","Betts, Mookie","605141","119","639","2428",37.58249893193655,5.157721232744689,-2.65868132472438,24.00374209089423,11.0797169330219
"2022","Turner, Trea","607208","119","707","2720",24.803652239743975,-3.4979772899360313,0.1898468279936686,16.345321729113067,11.766460972573274
"2022","Bleday, JJ","668709","146","238","1029",-8.857400580113222,-15.358797427439447,-6.491743758689613,9.926762637111727,3.066377968904124
"2022","Arraez, Luis","650333","142","601","2413",22.14328068481689,0.17721772169686686,-11.07885158271392,22.814371019299514,10.230543526534467
"2022","Guillorme, Luis","641645","121","334","1373",-6.102529476100733,-15.37866508966227,-3.2678898656810147,7.652564151322029,4.891461327920531
"2022","Kiner-Falefa, Isiah","643396","147","529","1940",-2.490161661895103,-1.616539648875105,-16.9372048205578,8.954578483657864,7.109004323879938
"2022","Bader, Harrison","664056","147","313","1187",-2.058935774413784,-2.6821558560816072,-4.052568553033261,0.506422682484897,4.169365952216163
"2022","Nootbaar, Lars","663457","138","346","1389",7.378975746836347,-5.592622154366703,-8.613510902047448,15.047205399340577,6.537903403909919
"2022","Margot, Manuel","622534","139","362","1397",-2.1339558272308756,-3.725413512795273,-7.179765516602625,3.4755728824210865,5.295650319745931
"2022","Bichette, Bo","666182","141","697","2522",18.4188618273205,16.246028179692487,-12.31449131043031,7.807155752051118,6.6801692060072355
"2022","Hays, Austin","669720","110","582","2051",-1.683191250586388,3.670905623813308,-19.669658277033314,6.706473364978744,7.609088037654888
"2022","Kwan, Steven","680757","114","636","2643",13.834197406210768,-11.27606449722727,-12.26984767907183,26.359196359400556,11.02091322310935
"2022","Miller, Owen","680911","114","471","1836",-10.078170212848326,-10.770135795308462,-15.137518325129623,6.16369283117991,9.665791076409835
"2022","Grichuk, Randal","545341","115","538","1977",5.577368434238327,6.557031313741044,-11.674720636094017,2.0990588843008435,8.595998872290455
"2022","Dozier, Hunter","641531","118","500","1938",-9.36292966800388,3.9800013620995025,-27.15665771181859,5.580630756770554,8.233095924944653
"2022","Gallo, Joey","608336","119","410","1725",-10.049842112128221,-4.09176756331515,-29.60738687908592,14.674048608828917,8.975263721443936
"2022","Soler, Jorge","624585","146","305","1276",-1.5783915016939638,-6.92706592165616,-6.307204005433838,6.023326921748172,5.632551503647858
"2022","Wong, Kolten","543939","158","495","2049",8.217394516520281,-14.369021172503412,-6.409831722892799,17.226734521518164,11.769512890398339
"2022","Laureano, Ramón","657656","133","383","1514",-6.007269772855327,-2.136810724916162,-16.203275141009783,5.270404543417454,7.062411549653167
"2022","Newman, Kevin","621028","134","309","1080",0.44181873138834993,-2.616639176944967,-2.541708054389387,2.3072990636116217,3.292866899111084
"2022","Reynolds, Bryan","668804","134","608","2303",14.752836488959842,-4.725062159319329,-6.476094763371002,11.233768085781174,14.720225325868956
"2022","Suárez, Eugenio","553993","136","629","2617",21.228523828692268,-3.464809656252183,-8.770937511529407,20.600865743438305,12.863405253035603
"2022","Toro, Abraham","647351","136","351","1340",-15.371642627074044,-11.227834468488457,-13.318211933286605,4.657848682513369,4.516555092187669
"2022","France, Ty","664034","136","610","2211",18.251186801633338,2.0579231058166516,-6.634788857384338,10.497643051896878,12.330409501304132
"2022","Semien, Marcus","543760","140","724","2776",10.919660855839219,-9.313302341695564,-13.71207992616727,22.686114179946404,11.258928943755683
"2022","Swanson, Dansby","621020","144","696","2751",18.917922074507025,2.062299912631209,-13.032755677986612,19.460383748399448,10.427994091462978
"2022","Hosmer, Eric","543333","111","414","1617",2.756311032700776,-10.902268670604128,-0.23097378534267463,6.818980029936945,7.070573458710629
"2022","Straw, Myles","664702","114","595","2357",-33.53953226685414,-40.85136589268469,-15.904417693031675,17.237746547641574,5.9785047712206625
"2022","Pollock, AJ","572041","145","527","1837",-9.03879050002151,-6.2289291844682575,-14.679973405823306,5.4580791721781,6.412032918091963
"2022","Peña, Jeremy","665161","117","558","2004",-1.0117512921525975,10.544198811323072,-24.84802431545124,6.01747998019832,7.274594231777246
"2022","Smith, Will","669257","119","574","2373",24.164857137045097,-5.283247817898467,-5.073419530453765,22.711433085950446,11.810091399446835
"2022","Taylor, Tyrone","621438","158","405","1522",1.5404633417116975,-2.0651093944902454,-8.919365110530517,5.539854899043362,6.985082947689133
"2022","Urías, Luis","649966","158","472","1974",1.5476043845913756,-17.823656767187387,-5.208687921364844,15.42936510239589,9.15058397074774
"2022","Rizzo, Anthony","519203","147","541","2110",13.657643497219203,-3.3365417547108813,-12.849738062104676,15.113491875172839,14.730431438861936
"2022","Longoria, Evan","446334","137","296","1187",8.958950440403608,-1.2343343853764988,-2.733093509765637,9.20772702125515,3.718651314290587
"2022","Pederson, Joc","592626","137","430","1685",34.75757360776697,2.742176467744365,9.102767240451074,14.721333104766927,8.191296794804526
"2022","Ramírez, Harold","623912","139","434","1578",10.833319759675703,-1.6398919846052418,0.14002742346301372,4.325637920505649,8.007546400312286
"2022","Heim, Jonah","641680","140","450","1759",-3.2186110671399306,-9.75722469191707,-11.77941107703716,11.044157330556741,7.273867371257563
"2022","Ortega, Rafael","542364","112","368","1512",-7.216799911311201,-13.210273767664486,-17.74427675280953,16.095715569001126,7.642035040161706
"2022","Hoerner, Nico","663538","112","508","1813",5.0248243598348115,2.6848734954673175,-13.865269744113947,10.005707116445635,6.1995134920357975
"2022","Alonso, Pete","624413","121","669","2507",33.19727531900813,12.23606076012712,-5.557434540334281,14.45566079061299,12.06298830860234
"2022","McNeil, Jeff","643446","121","588","2065",23.947206133105038,-4.452278874571155,5.3653445446085,14.651685848295811,8.38245461477189
"2022","Stanton, Giancarlo","519317","147","450","1841",12.717919367434527,9.569329833854555,-13.753093043148613,9.690996087228859,7.21068648949974
"2022","Trevino, Jose","624431","147","353","1259",6.2901854584152055,0.864486572299805,-4.377509015307197,6.90799039065166,2.8952175107709452
"2022","Bart, Joey","663698","137","291","1161",-6.1103028376817585,-5.081389380580829,-11.478288574858102,6.261369809733517,4.188005308023645
"2022","Guerrero Jr., Vladimir","665489","141","700","2596",17.88505714605116,3.359905303680277,-10.880471406581806,13.564090929912078,11.841532319040535
"2022","Abrams, CJ","682928","120","302","1008",-10.078818207345037,-9.50098539544095,-9.001754184790652,3.3408095876459356,5.083111785240626
"2022","Walker, Christian","572233","109","665","2543",18.84995731767087,2.2101565021668463,-19.740051063600426,23.49438023717997,12.885471641924441
"2022","Luplow, Jordan","656669","109","233","1006",-2.672683736373553,-7.088198397463664,-11.5859806105842,10.954956282717857,5.046538988956444
"2022","Verdugo, Alex","657077","111","642","2490",10.734600972048588,7.943429603208288,-15.822576571117997,11.046022489010975,7.5677254509473055
"2022","Aquino, Aristides","606157","113","273","1080",-8.989322137276307,-3.1991966736979744,-10.663013252308494,1.9710317230231444,2.90185606570701
"2022","Altuve, Jose","514888","117","602","2308",37.994634734974696,-2.629877929741379,2.358930115897849,19.89213051243713,18.37345203638093
"2022","Lindor, Francisco","596019","121","704","2829",26.707906757638465,-4.78939493724359,-3.6258911933567517,20.31362594455843,14.80956694368035
"2022","Kemp, Tony","643393","133","558","2047",-0.28383478816786195,-5.99116383386979,-20.381586139657074,16.444909832833066,9.644005352525971
"2022","Pujols, Albert","405395","138","350","1385",19.7555190476343,3.95914665070495,0.8702726520357877,6.642389578173237,8.283710166720336
"2022","Goldschmidt, Paul","502671","138","650","2701",63.414031798209365,9.211342141719053,11.902161446673539,26.22283946224771,16.077688747568907
"2022","Lowe, Brandon","664040","139","266","1004",-3.170253992941809,-7.9894736414647936,-7.749428762385493,7.941402433553465,4.627245977355009
"2022","Springer, George","543807","141","582","2175",23.808325890047776,14.653467601282271,-21.76282812120179,20.929776094075823,9.987910315891488
"2022","Voit, Luke","572228","120","567","2248",-0.8320683878765689,1.0879552442113058,-31.31674481311143,14.974777889921246,14.421943291102394
"2022","Adell, Jo","666176","108","286","1176",-13.294623954877865,-7.485269314121703,-13.510647533348221,2.4122671753515963,5.289025717240439
"2022","Perdomo, Geraldo","672695","109","500","2061",-17.17593813186244,-24.685998056837747,-18.099465453391026,15.908740710592117,9.70078466777423
"2022","Moustakas, Mike","519058","113","285","1150",-6.924952978137502,-10.265129828919948,-6.029989809596067,3.455000758982048,5.915165901396475
"2022","Cabrera, Miguel","408234","116","430","1642",-11.071930867259786,-6.273888617930629,-17.3005328533388,6.710396731535665,5.792093872473963
"2022","Alvarez, Yordan","670541","117","552","2195",41.988570175176044,10.290438572648187,1.9710776984251677,17.730029955311263,11.997023948791353
"2022","Taylor, Chris","621035","119","452","1980",-8.79354111910777,-12.10732750927497,-16.26343027204071,12.807910929982162,6.7693057322257175
"2022","Benintendi, Andrew","643217","147","521","1926",9.107629398648182,-6.672281349705378,-10.605143374504163,18.92049588716873,7.464558235688966
"2022","Choi, Ji Man","596847","139","416","1840",5.877319281086708,-1.3906375108142885,-16.042454987957203,14.906801147086329,8.403610632771866
"2022","Siri, Jose","642350","139","325","1265",-14.507923425503929,-14.30895122620502,-8.349701942895456,4.265273943787447,3.8854557998090766
"2022","Bradley Jr., Jackie","598265","141","370","1387",-10.466136316600082,-8.595471107414623,-17.34158973631773,10.653990115936786,4.816934411195475
"2022","Santander, Anthony","623993","110","646","2615",11.26802794810208,-2.8402450102138466,-12.89614996785986,13.274572793039518,13.729850133136264
"2022","Mountcastle, Ryan","663624","110","608","2340",0.5762808133977306,-1.2481854298701451,-15.693115712491648,8.695078426994666,8.82250352876487
"2022","Harrison, Josh","543281","145","425","1532",-9.411254300425234,-2.7756143475249315,-18.343030838241447,6.363334232087251,5.344056653253912
"2022","Berti, Jon","542932","146","404","1570",-5.970647615894527,-9.151306293929004,-14.916025095765901,12.628901735417989,5.467782038382417
"2022","De La Cruz, Bryan","650559","146","355","1387",-5.004560262861231,-8.526743874413185,-12.075784834160935,8.154071599644116,7.443896846068784
"2022","Marte, Starling","516782","121","505","1920",20.70631505123091,14.215456275178262,-14.295502645065783,11.063304616599366,9.723056804519047
"2022","Nimmo, Brandon","607043","121","673","2781",38.260690156187415,-1.247370237534428,-4.829512821611656,30.293316359837224,14.044256855496123
"2022","Vierling, Matt","663837","143","357","1404",-11.982457379738687,-14.629274834440297,-5.62841141330588,4.516102994631519,3.7591258733759534
"2022","Marsh, Brandon","669016","143","460","1807",1.5527364180211907,-4.863255795103431,-9.540949979880567,9.181428141571843,6.775514051433367
"2022","Myers, Wil","571976","135","285","1160",0.4049565423929643,-3.1531490388310828,-10.36271825988943,8.612557083619466,5.308266757494021
"2022","Cronenworth, Jake","630105","135","681","2665",15.419729677114427,-12.36369958107133,-11.024576473597728,25.59114819783527,13.216857533948202
"2022","García, Adolis","666969","140","655","2537",10.47521167654998,4.218088618710492,-12.989233664250698,10.550954327294226,8.695402394795977
"2022","Stassi, Max","545358","108","375","1436",-17.67642026451406,-9.103113341084976,-23.494169041669657,10.252936390956005,4.667925727284579
"2022","Hernández, Enrique","571771","111","402","1490",-6.388953624653978,-2.564907333923938,-16.63091905506858,5.383572870096352,7.4232998942422075
"2022","Bogaerts, Xander","593428","111","629","2500",26.80022201291433,9.316816591190022,-12.876789858221041,20.101516444167643,10.25867883577764
"2022","Daza, Yonathan","602074","115","408","1536",4.676569198587214,-1.0518398401664077,-6.511246265327003,6.528402533512946,5.711252770567675
"2022","Joe, Connor","656582","115","467","1900",-4.725547464589639,-15.934276694982914,-10.152590377024,13.230027824115641,8.131291783301647
"2022","Abreu, José","547989","145","676","2727",21.223314133693346,2.9288217297217227,-17.461280920208775,19.388032935461094,16.3677403887193
"2022","Jiménez, Eloy","650391","145","327","1178",18.10224028106838,7.667078730057353,-4.121003981556109,10.0005933263696,4.5555722061975565
"2022","Perez, Salvador","521692","118","471","1700",14.287604549861479,10.019891075133376,-8.871850738864486,5.5124491751379106,7.627115038454653
"2022","Lopez, Nicky","670032","118","480","1762",-28.507214657825095,-16.420657853334777,-28.982414208839028,10.795950438924908,6.099906965423839
"2022","Pasquantino, Vinnie","686469","118","297","1039",13.468691169649842,3.2822194378548324,-4.981630039378757,8.339893349118517,6.828208422055248
"2022","Turner, Justin","457759","119","531","2144",24.34993164327923,2.937917570195041,-10.65528814378059,20.68682649853529,11.38047571832948
"2022","Muncy, Max","571970","119","564","2436",10.552069649452863,-18.542233655614574,-9.24845554909043,24.974069012001717,13.368689842156124
"2022","Torres, Gleyber","650402","147","570","2226",5.838784423601732,-8.55295940006814,-6.087763949013671,10.420533790808314,10.05897398187524
"2022","Gamel, Ben","592325","134","421","1713",5.857627885365672,-14.05101643409879,1.2238613168199153,11.832419120268085,6.8523638823764434
"2022","Winker, Jesse","608385","136","546","2229",7.385737270823499,-12.90219454359667,-11.901812996818382,21.034978147468536,11.154766663769927
"2022","Belt, Brandon","474832","137","296","1194",-7.0865258051898525,-10.714280742862528,-14.512301282156912,10.681139166734356,7.458917053095235
"2022","Slater, Austin","596103","137","325","1326",8.071689500236317,1.7218357481569206,-9.787052138457529,8.149304527977522,7.987601362559404
"2022","Yepez, Juan","660766","138","274","1035",-4.498173160143042,-6.811500417439604,-2.7628182744300633,2.6106906193637642,2.465454912362856
"2022","Smith, Josh","669701","140","253","1048",-8.746798393264259,-11.935380788322629,-8.141526837934824,7.518807308028766,3.8113019249644315
"2022","García Jr., Luis","671277","120","376","1323",-4.683561164326373,-1.2110258293960414,-9.90048230037238,2.5200961472977146,3.907850818144328
"2022","Neuse, Sheldon","641914","133","293","1160",-3.4978291949959535,-4.181337717136754,-9.02309575185803,7.301147950715892,2.405456323282941
"2022","Smith, Pavin","656976","109","276","1109",0.8621160046880219,3.0533395734055877,-16.62290662680544,10.397724993139041,4.033958064948833
"2022","Lux, Gavin","666158","119","471","1844",2.830365758516305,-6.383391728511587,-13.999672609190732,15.242744188999525,7.970685907219127
"2022","González, Luis","670768","137","348","1471",-2.416556187512239,-9.335931575716097,-5.407245110963811,6.825911837783383,5.50070866138428
"2022","Rosario, Amed","642708","114","670","2394",7.441702859174587,-6.720129418632378,-6.048139030090139,11.144810134230319,9.065161173666764
"2022","Sánchez, Jesús","660821","146","343","1391",-7.180835654777394,-4.119128848080402,-16.739552011204445,7.921174647528185,5.756670556979257
"2022","Nola, Austin","543592","135","396","1522",-6.094137553226021,-24.726502100570485,-0.7728660072365796,12.25688114868385,7.148349405897211
"2022","Segura, Jean","516416","143","386","1406",-3.874198841504348,-8.196157784273652,-9.387649142979582,5.9385502390111915,7.771057846737668
"2022","Castellanos, Nick","592206","143","558","2066",-4.296843417530837,1.3833785156759346,-17.639627024100857,3.697029331859077,8.262375759035011
"2022","Calhoun, Kole","594777","140","424","1700",-14.72119399931497,-8.359841177023418,-24.256827361563214,9.285370909722658,8.610103629548957
"2022","Seager, Corey","608369","140","656","2268",3.8534193974510167,2.217483339634269,-24.104200599819404,16.102622839169136,9.63751381846702
"2022","Taveras, Leody","665750","140","341","1274",-5.5202518005142025,-8.01730535287298,-8.645654957613928,8.304361865695096,2.838346644277608
"2022","Bethancourt, Christian","542194","139","333","1106",-5.190634215250629,-2.8235685861722093,-5.212410254498199,-0.43853817513219673,3.283882800551979
"2022","Castro, Harold","605612","116","441","1658",0.7809765804403985,-3.9796735504536054,-7.001934424560993,6.827276197605441,4.935308357849557
"2022","Correa, Carlos","621043","142","588","2419",21.6054835485777,4.841410900389008,-5.918949508372954,12.812873415580993,9.870148740980623
"2022","Anderson, Tim","641313","145","350","1144",1.7224588815053263,4.923897406000599,-9.766413371299995,1.7781965903218477,4.786778256482875
"2022","Happ, Ian","664023","112","633","2554",2.0946120371430745,-8.272685149287927,-17.947171631693987,21.149852917300933,7.164615900824078
"2022","Senzel, Nick","669222","113","416","1460",-5.563981476448318,-8.711736584154574,-12.58243022063276,10.002340934947258,5.727844393391759
"2022","Gonzalez, Oscar","660757","114","380","1409",0.37457343581111013,11.241262677086567,-16.395785852898648,2.362990289313536,3.1661063223096595
"2022","Iglesias, Jose","578428","115","467","1738",1.1981656044493016,-7.769557925078748,-7.170376878245682,11.997856334067611,4.140244073706116
"2022","Grandal, Yasmani","518735","145","375","1573",-12.758714959669064,-25.95375902115972,-6.125886220171445,11.080400010164016,8.240530271498086
"2022","Vaughn, Andrew","683734","145","554","2085",15.955872765877041,5.999851719590022,-4.863322913666985,7.273171097352651,7.546172862601362
"2022","Isbel, Kyle","664728","118","278","1074",-15.781922631555677,-8.329271794662823,-15.837276441980576,5.301380393997158,3.0832452110905724
"2022","Wendle, Joey","621563","146","371","1281",-3.740465487985702,-8.063400957726124,-8.05314833264136,9.397687747346074,2.9783960550357036
"2022","Sánchez, Gary","596142","142","471","1881",-3.0158589155416964,-7.813529662397386,-16.254090452641666,12.128135712562793,8.92362548693456
"2022","Nido, Tomás","621512","121","313","1067",-12.32998283904422,-6.5193052528612165,-13.761396804694757,4.285689408123508,3.665029810388257
"2022","Suwinski, Jack","669261","134","371","1572",-3.6617513950829657,-6.719336971298629,-11.32645162875673,6.851749705077495,7.532287499894903
"2022","Profar, Jurickson","595777","135","658","2790",-2.5192080257060163,-7.5499639491207615,-27.464100605883246,21.17845467868805,11.316401850609907
"2022","Yastrzemski, Mike","573262","137","558","2349",-1.661501836110042,-9.505146654976384,-16.62417135173203,16.768270436852994,7.6995457337454045
"2022","Paredes, Isaac","670623","139","381","1617",-2.3432140843434413,-5.56532819573663,-19.04557671121954,16.94725541537146,5.320435407241286
"2022","Chapman, Matt","656305","141","620","2637",7.631286337929698,-14.950168952831923,-16.443799107676746,26.2729540548829,12.752300343555472
"2022","Varsho, Daulton","662139","109","592","2321",5.9162742756075275,0.5701409180589098,-15.530281534007313,10.7670693070243,10.109345584531617
"2022","Rojas, Josh","668942","109","508","2033",7.492058246703273,-4.036344575259372,-13.871854974079403,15.948677343983698,9.451580452058376
"2022","Ozuna, Marcell","542303","144","507","2023",-14.330868776091597,-5.350315678309298,-23.030724806929015,7.490327722738733,6.559843986407949
"2022","Contreras, William","661388","144","375","1546",11.417878447331425,9.648764034739617,-11.919566770000245,8.365988570436862,5.322692612155179
"2022","Devers, Rafael","646240","111","603","2232",34.02574506894591,0.6423519157126509,0.7735858929581787,20.085710999272738,12.524096261002153
"2022","India, Jonathan","663697","113","427","1724",9.552599648384804,-6.981491248867208,-5.039991089300283,15.114749076718912,6.459332909833362
"2022","Barnhart, Tucker","571466","116","308","1174",-14.21815480214324,-11.85395064464217,-15.033475017400592,9.53043959773208,3.138831262167443
"2022","Castro, Willi","650489","116","392","1440",-13.49829315751501,-4.382097559730374,-17.92050600175349,5.521013788433381,3.28329661553544
"2022","Brantley, Michael","488726","117","275","1006",15.944211668326657,6.984487776329758,-1.4341123977021,6.365835331344705,4.028000958354258
"2022","Díaz, Aledmys","649557","117","326","1174",-0.2820221100297383,-1.467035550527687,-7.285527446400493,5.08608721768405,3.3844536692143947
"2022","Ruf, Darin","573131","121","388","1620",3.627510341498682,-2.0696082585394064,-14.105370780719806,11.791581533830678,8.010907846927196
"2022","Realmuto, J.T.","592663","143","561","2193",15.99511916310621,-5.552905880767523,-2.7525865228994326,14.480590847969761,9.820020718803402
"2022","Edman, Tommy","669242","138","628","2328",1.674983983062698,-8.233847110549839,-7.389718676176965,9.153405193926272,8.14514457586327
"2022","Díaz, Yandy","650490","139","556","2157",21.432399854430216,-3.895852374334831,-3.990734836288084,19.658313963687625,9.660673101365477
"2022","Kirk, Alejandro","672386","141","539","2200",18.70575367511644,-6.191703619265779,-8.765860642607086,20.246893486119287,13.41642445086997
"2022","Cruz, Nelson","443558","120","506","1992",-0.6346485030304301,-7.047166347745352,-16.88901504811981,14.870877978134155,8.430654914700558
"2022","Hernández, César","514917","120","617","2368",-13.153009354071001,-21.418387664105662,-14.303038218213137,12.790041516121729,9.778375012126016
"2022","Marte, Ketel","606466","109","555","2159",-2.6770764908709466,-20.780518272817066,-4.992610043902804,13.949927323059343,9.14612450278961
"2022","Kelly, Carson","608348","109","354","1423",-13.692294568887181,-20.050912685724285,-11.380171040208076,8.970606072440187,8.768183084604974
"2022","Thomas, Alek","677950","109","411","1483",-13.259023032326835,-7.08367084968601,-17.415042868149683,4.665175242548921,6.574515442959902
"2022","Mateo, Jorge","622761","110","533","1982",-16.050888896105548,0.10859300428112895,-21.71531376994024,-2.7213258841150427,8.27715775366865
"2022","Gomes, Yan","543228","112","293","1006",-15.248085257917253,-13.01193671267177,-4.623123345344374,-0.2767138723921452,2.6636886724910203
"2022","Reyes, Franmil","614177","112","473","1853",-14.664926246163935,-10.57694984434677,-19.822603005902895,8.27609630802497,7.458530296060738
"2022","Votto, Joey","458015","113","372","1484",6.515101074176396,-3.766833297774058,-11.08873963252692,14.287119420663506,7.083554583813871
"2022","Schoop, Jonathan","570731","116","509","1789",-31.44205946883109,-12.29449883007483,-27.05046932515696,2.089440797161008,5.813467889239704
"2022","Taylor, Michael A.","572191","118","456","1717",-6.617818671850163,-11.414470135696709,-13.655529686344519,9.862451238573197,8.589729911617866
"2022","Caratini, Victor","605170","158","313","1246",-1.9543992599887192,-8.024478668799924,-10.812680205737928,10.591923931114655,6.290835683434489
"2022","Celestino, Gilberto","665482","142","347","1384",-8.507356647695099,-13.716445401037104,-9.010447754375036,10.157774833233704,4.0617616744833525
"2022","Brown, Seth","664913","133","552","2198",8.089373776913021,8.300680798982459,-21.520024362858685,10.394488625266646,10.914228715522588
"2022","Kim, Ha-Seong","673490","135","581","2356",5.883955550988296,-13.66417915465304,-5.68757696095606,15.926094991304469,9.30961667529292
"2022","Moore, Dylan","664238","136","253","1133",2.1332060173435665,-9.266151741509818,-7.054816006159009,10.298317616587285,8.15585614842512
"2022","Hernandez, Yadiel","628450","120","327","1303",-1.2841426536491787,-5.042542830333953,-7.740811045571828,8.061147077830762,3.438064144425837
"2022","Ward, Taylor","621493","108","564","2297",25.085141452475973,-4.554854747761423,-4.456630515502486,24.343586542331312,9.75304017340854
"2022","Velazquez, Andrew","623205","108","349","1320",-14.146127235388692,-5.6834172028097845,-16.458306144600616,4.324211150685119,3.6713849613365803
"2022","Walsh, Jared","665120","108","450","1746",-16.21726121734673,-2.7007644784512417,-27.80608743278506,8.167885119159292,6.121705574730274
"2022","Murphy, Sean","669221","133","610","2372",8.344009314184897,-7.59730888667674,-9.921829809648168,14.86605118998757,10.99709682052225
"2022","d'Arnaud, Travis","518595","144","426","1633",17.48115624106032,2.0910505739965823,-3.938557216040941,11.067174937105717,8.261487945998967
"2022","Peterson, Jace","607054","158","326","1420",-5.064345418501553,-9.693002695939873,-10.722932847625517,10.184853380345475,5.166736744718364
"2022","Carlson, Dylan","666185","138","487","1964",-5.132438875375176,-16.13818477256152,-8.691629833798121,13.294809859426616,6.402565871557865
"2022","Bellinger, Cody","641355","119","550","2301",-9.596880094244941,-20.60526894761418,-7.522692991954342,10.078494441576762,8.452587403746842
"2022","Davis, J.D.","605204","137","364","1486",4.90925777662809,6.271924636295838,-19.38469789112947,10.800865244599827,7.221165786861905
"2022","Franco, Maikel","596748","120","388","1418",-13.063810241652,-8.535933223887072,-14.524580104337625,5.5497154580389285,4.446987628533744
"2022","Urías, Ramón","602104","110","444","1645",3.0078793374183492,0.7242416573849194,-16.859571703200064,13.434417455679789,5.708791927553725
"2022","Bell, Josh","605137","135","643","2505",16.038496799447724,-8.00984946403766,-10.25234501017294,21.43656632112087,12.864124952537425
"2022","Grisham, Trent","663757","135","523","2219",-12.496837018096267,-17.391798018363897,-22.10416480095516,18.956041851123135,8.043083950099657
"2022","Hoskins, Rhys","656555","143","672","2897",21.815710336910414,-4.3603499246378234,-10.569634072456232,26.247590934054955,10.49810339994947
"2022","Schwarber, Kyle","656941","143","666","2878",20.54223973149835,-9.310502587346965,-10.001513626285693,25.75073158667129,14.103524358459744
"2022","Stott, Bryson","681082","143","466","1877",-12.411492401007447,-13.178076629291473,-14.906276614896182,8.769546953873817,6.903313889306413
"2022","Cordero, Franchy","614173","111","274","1091",2.2654397518707015,-3.6736728254100317,-2.925547906217118,5.191422834354511,3.67323764914334
"2022","Blackmon, Charlie","453568","115","573","2082",12.044582579776902,5.343886328351298,-13.983279287162281,11.155413794950773,9.528561743637097
"2022","Witt Jr., Bobby","677951","118","629","2331",-5.230904947077373,-9.093704872455744,-16.55241560663551,10.09737090549122,10.317844626522694
"2022","Polanco, Jorge","593871","142","444","1900",9.23646912322708,-8.181400835141499,-9.640312548626639,18.823476080363115,8.234706426632101