"last_name, first_name","player_id","year","k_percent","bb_percent","on_base_percent","babip","r_total_caught_stealing","r_total_stolen_base","xslg","xwobacon","squared_up_swing","ideal_angle_rate","avg_hyper_speed","oz_swing_percent","whiff_percent","sprint_speed"
"Wilson, Weston",642215,2026,31.7,9.8,".284",".284","1","7",".273",".309",16.1,47.8,"92.551328286",25.6,33.1,"27.8"
"O'Neill, Tyler",641933,2026,27.7,10.4,".300",".262","0","1",".394",".374",22.1,53.6,"94.28693195",27.9,31.7,"28.0"
"Wagaman, Eric",676572,2026,23.1,7.7,".269",".212","0","0",".362",".340",20.9,41.9,"93.334651714",28.3,30.2,"26.6"
"Doyle, Brenton",686668,2026,32.7,5.4,".275",".328","4","14",".307",".337",21.4,58.4,"93.941207348",34.9,32.5,"29.2"
"Ramos, Heliot",671218,2026,27.4,7,".305",".316","1","4",".446",".425",23.9,50.7,"96.13377",33.1,29.3,"27.2"
"Basabe, Osleivis",678545,2026,20.3,6.3,".268",".219","2","2",".343",".314",23.1,60.4,"93.015601919",34.5,23.3,"27.5"
"Greene, Riley",682985,2026,26.5,12,".370",".361","1","3",".497",".465",19.5,42.5,"95.510780139",26,29.9,"26.6"
"Clarke, Denzel",672016,2026,33.3,9.2,".238",".255","0","4",".193",".256",16.7,39.6,"94.595438043",26.1,33.8,"28.7"
"Haggerty, Sam",664059,2026,34,4.3,".213",".250","0","2",".181",".230",17.3,50,"90.785179615",33.8,31.8,"28.2"
"Short, Zack",670097,2026,30.6,12.9,".262",".212","0","0",".269",".282",21.5,62,"92.043422903",27.1,31.1,"27.2"
"Young, Jared",676724,2026,18.4,7.3,".330",".305","1","3",".400",".354",27.1,58.9,"95.331303402",27.5,24.4,"27.5"
"Tawa, Tim",694374,2026,23.9,7.7,".297",".288","4","8",".418",".385",23.1,58.6,"94.791945895",31.4,28,"27.6"
"Raleigh, Cal",663728,2026,30.9,13.6,".296",".220","1","2",".396",".390",16.2,46,"94.597682955",35.8,31.7,"25.9"
"Semien, Marcus",543760,2026,19,8.2,".280",".239","3","10",".375",".331",29,58.1,"92.545980638",27.3,23,"28.3"
"Arcia, Orlando",606115,2026,16,4,".300",".308","1","0",".298",".271",33.3,55.3,"91.83993875",34.8,22.1,"25.5"
"Ruiz, Esteury",665923,2026,32.2,10.2,".333",".317","8","34",".288",".321",14.1,38.7,"91.745599762",31.5,32.4,"29.9"
"Dingler, Dillon",693307,2026,22.9,5.6,".302",".274","0","0",".468",".415",25.7,55.8,"94.484766322",33.4,22.4,"27.3"
"Saggese, Thomas",695336,2026,27.2,7.2,".294",".304","2","4",".399",".389",23.5,41.3,"94.993078261",35.4,28,"28.2"
"Karros, Kyle",691720,2026,21.1,11.4,".347",".302","0","5",".402",".371",26.9,42.4,"94.534265256",24.8,24.6,"27.0"
"Quero, Edgar",700337,2026,19.8,8.3,".284",".240","0","1",".315",".298",29.8,50,"94.034440205",25.7,21.3,"24.3"
"Kemp, Otto",805249,2026,37,3.7,".148",".133","0","0",".221",".274",15.7,40.4,"89.894159333",33.8,37.9,"28.2"
"Clark, Max",703601,2026,20.4,8.7,".350",".338","1","5",".345",".349",23.9,42.3,"93.26224",28.6,16.7,"28.6"
"Morales, Yohandy",691002,2026,31.9,0,".255",".286","0","1",".491",".465",21,59.3,"96.87047375",33,38.1,"28.7"
"Mullins, Cedric",656775,2026,19.3,8.6,".284",".227","10","21",".311",".274",25.2,63.6,"93.028805106",31.2,22.1,"27.9"
"Bohm, Alec",664761,2026,14,7.6,".315",".269","0","2",".412",".344",34.1,45.6,"94.542656273",26,16.6,"26.5"
"McCray, Grant",687529,2026,30.8,12.1,".250",".191","0","8",".350",".375",16.5,40.6,"93.804508298",27.3,36.1,"29.5"
"Tovar, Ezequiel",678662,2026,25.5,5.7,".264",".269","1","8",".371",".348",18.1,49.5,"93.327897642",43.7,29.3,"28.0"
"Frazier, Adam",624428,2026,26.5,7.5,".315",".337","2","3",".294",".321",23.8,46.2,"91.213758989",36.5,26.4,"26.1"
"Martin, Austin",668885,2026,19,12.6,".341",".282","8","12",".314",".301",32.8,51.6,"92.254509397",18,20,"27.8"
"Ortiz, Joey",687401,2026,19.8,8.4,".328",".319","5","9",".346",".332",26.4,36.3,"94.078216747",32.8,19.9,"29.1"
"Seager, Corey",608369,2026,23.6,10.3,".312",".254","0","2",".484",".421",26.3,56.8,"95.685271092",28.8,32.9,"25.1"
"Urías, Ramón",602104,2026,18,9,".260",".138","1","0",".381",".304",26.3,76.7,"93.362815362",25.8,23.4,"26.8"
"Foscue, Justin",679822,2026,25.1,6.9,".332",".327","0","0",".435",".399",26.1,56.2,"93.903911646",27.8,20.3,"27.6"
"Loperfido, Joey",694388,2026,26.4,11.6,".311",".296","1","1",".334",".346",21.2,40.4,"93.55777",29.8,31.6,"28.3"
"Busch, Michael",683737,2026,23.2,13,".352",".298","2","3",".402",".369",28.7,49.6,"93.612834247",25,25.7,"26.0"
"Ford, Harry",695670,2026,23.7,14.4,".314",".232","0","3",".332",".309",23.6,51.5,"93.261197083",18.7,25.5,"27.2"
"Sheets, Gavin",657757,2026,20.3,11.7,".313",".228","0","4",".381",".337",20.2,51.4,"93.475375964",31,20.9,"26.6"
"McGonigle, Kevin",805808,2026,14.1,13.4,".376",".305","4","12",".445",".360",29.9,49.8,"93.40873561",19.6,16.2,"28.2"
"Malgeri, Ben",701162,2026,25.7,12.1,".350",".313","0","5",".354",".366",26.7,36.6,"94.413937059",23.8,27,"28.9"
"Encarnacion-Strand, Christian",687952,2026,25.8,5.2,".325",".328","1","1",".483",".424",17.8,53.7,"94.581771761",46.4,28.6,"26.8"
"Antonacci, Sam",803011,2026,14.7,7.7,".370",".319","8","20",".399",".354",30.8,47.2,"92.834841231",21.8,14.7,"28.2"
"Rogers, Jake",668670,2026,29.8,13.5,".276",".209","0","1",".296",".301",24.4,64.5,"92.974029574",25.6,26.8,"26.4"
"Jeffers, Ryan",680777,2026,17.9,12.5,".353",".279","0","1",".430",".368",27.4,53,"94.550549016",26.2,17.3,"26.3"
"Mayer, Marcelo",691785,2026,20.8,7.3,".275",".254","0","3",".295",".279",20.5,42.6,"93.036398353",28.5,27.5,"27.3"
"Dezenzo, Zach",701305,2026,38.6,8.4,".277",".349","0","1",".294",".358",14.5,39.1,"92.779819318",34.3,38.3,"27.9"
"Duran, Ezequiel",677649,2026,23.6,7.7,".320",".318","4","12",".369",".354",21.4,44.1,"93.948516937",35.5,26.2,"28.9"
"Sullivan, Brett",664954,2026,16.9,5.5,".268",".241","2","1",".354",".311",30.3,58.8,"92.519100782",33.3,17.5,"28.1"
"Siri, Jose",642350,2026,31.9,6,".296",".324","1","9",".425",".425",16.9,52.2,"94.841327905",40.2,36.9,"30.0"
"Díaz, Elias",553869,2026,24.5,3.8,".266",".276","0","0",".357",".338",17.7,55.6,"94.585337346",37.8,28.2,"24.4"
"Heim, Jonah",641680,2026,17.9,6.9,".262",".216","0","0",".361",".312",26,54.1,"92.806524966",33.6,21.4,"25.1"
"Stefanic, Michael",683021,2026,20.7,10.3,".414",".450","0","0",".366",".373",32.7,30.8,"92.475541",23,10.3,"25.6"
"Valdez, Esmerlyn",699013,2026,37.6,14.6,".345",".328","1","0",".440",".480",18.7,51.8,"95.946204412",21,40.2,"28.1"
"Rodríguez, Endy",682848,2026,25.8,14.5,".373",".333","1","6",".403",".397",27,47.2,"95.060794946",26.1,25.9,"27.0"
"Castellanos, Nick",592206,2026,27.9,4.1,".221",".228","0","2",".400",".382",22.3,45.7,"93.44007",40.2,33.5,"27.2"
"Heineman, Tyler",623168,2026,15,2.5,".223",".205","0","1",".259",".248",26.8,45.1,"90.139217234",42.9,19.5,"26.0"
"Song, Sung-Mun",823550,2026,20.1,12.3,".291",".240","4","13",".267",".251",25,60.4,"92.609704898",23.6,21.9,"27.2"
"Jansen, Danny",643376,2026,24.2,7.9,".296",".239","1","1",".310",".293",25.2,60.3,"92.765822676",22.5,25.7,"26.7"
"Sosa, Lenyn",672820,2026,21.4,0.9,".207",".239","0","0",".345",".309",23.5,48.9,"93.512313708",50,21.5,"26.7"
"Huff, Sam",669087,2026,55.9,2.9,".147",".286","0","0",".184",".283",13.6,46.3,"96.319245714",44.8,46.7,"24.3"
"Young, Jacob",696285,2026,16.6,7,".318",".286","4","18",".383",".337",32.6,61.6,"92.883830587",27.5,20.8,"29.1"
"Jung, Josh",673962,2026,18,7.9,".365",".346","1","1",".440",".387",32.5,56.4,"94.6575581",29.3,18.5,"25.7"
"Narváez, Carlos",665966,2026,31.6,6.7,".241",".234","0","2",".303",".331",20.7,50.7,"94.185727389",32.3,33.2,"25.3"
"Lewis, Royce",668904,2026,25.5,7.5,".287",".279","1","16",".397",".377",20,72.2,"94.480060268",33.4,32.8,"27.7"
"Carpenter, Kerry",681481,2026,29,6.9,".276",".240","0","0",".388",".376",21.5,48.7,"93.824390955",36.3,28.6,"26.9"
"Peck, John",807726,2026,20,11.3,".275",".208","1","5",".346",".323",20.5,64.7,"93.583440385",32.2,26.7,"27.6"
"Taveras, Leody",665750,2026,25.7,8.5,".288",".288","4","11",".320",".325",20.7,39.6,"93.538008356",32,24.3,"28.9"
"Crooks, Jimmy",699625,2026,32.2,6,".255",".232","0","0",".397",".391",22.6,41.5,"95.158178721",36.3,34.2,"26.9"
"Crawford, J.P.",641487,2026,19.8,13.1,".335",".253","3","1",".359",".330",28.8,45.8,"93.060590096",19.7,17.2,"26.2"
"Pauley, Graham",688363,2026,24,5.2,".257",".255","1","1",".311",".290",20.4,54.3,"92.035940755",30.8,22.3,"26.4"
"Susac, Daniel",691740,2026,22.4,5,".289",".294","2","2",".369",".351",21.4,49.1,"92.54504875",41.8,23.8,"26.9"
"Carroll, Corbin",682998,2026,22.5,10.9,".328",".281","3","21",".446",".395",24.6,65.3,"95.42745629",29.7,27.2,"29.7"
"Hill, Turner",806367,2026,16.9,10.5,".306",".253","1","2",".369",".326",38.6,59,"92.153071494",20.3,13.6,"28.4"
"House, Brady",691781,2026,25.6,8.2,".313",".311","0","3",".434",".413",23.4,47.8,"95.508442857",34.2,29.8,"28.2"
"McNeil, Jeff",643446,2026,11.3,6,".313",".283","2","8",".358",".308",29.5,39.2,"92.112438365",36.1,15.8,"26.3"
"Davis, Henry",680779,2026,21.1,9.4,".272",".184","1","3",".342",".308",22.1,60.9,"94.625487368",32.3,25.6,"28.1"
"Mateo, Jorge",622761,2026,31.2,5,".245",".276","4","19",".358",".369",17.7,45.7,"93.40706562",44.2,32,"30.2"
"Chaparro, Andrés",665953,2026,23.2,11,".360",".295","0","0",".451",".396",22,52.2,"95.09789131",32,32.4,"25.1"
"Black, Tyler",672012,2026,25,3.6,".357",".450","0","0",".229",".233",21.7,44.7,"91.1716985",32,23.1,"28.0"
"Swanson, Dansby",621020,2026,23.7,10.5,".297",".242","1","17",".380",".346",25.9,53.8,"93.934010571",26.4,30.4,"28.3"
"Julien, Edouard",666397,2026,25.7,14.1,".322",".284","3","5",".401",".396",27.9,38.7,"94.870091768",18.6,23.7,"26.7"
"Vargas, Miguel",678246,2026,17.9,14.3,".363",".261","2","22",".496",".410",26.3,64.9,"94.615853953",20.9,21,"28.6"
"Scott II, Victor",687363,2026,23.6,8.2,".270",".252","5","12",".296",".311",23.8,43.2,"92.068093694",22.6,24.6,"29.7"
"Realmuto, J.T.",592663,2026,21.4,7.9,".283",".239","0","3",".387",".359",26.3,55.4,"94.21920959",29.9,24.1,"28.1"
"Wynns, Austin",642851,2026,27,5.6,".195",".193","0","0",".290",".300",17.3,47.5,"92.190218966",40.5,23.9,"25.1"
"Bauers, Jake",641343,2026,27,16.3,".389",".339","6","11",".467",".454",23.4,48.2,"96.516969938",21.7,29.8,"26.9"
"De Paula, Josue",800543,2026,11.9,26.2,".500",".360","1","1",".496",".411",23.2,49.1,"93.653655385",18.6,19,"27.1"
"Benintendi, Andrew",643217,2026,23.9,8.3,".302",".287","0","1",".398",".368",26.4,53.2,"93.899353666",33.8,28.3,"26.5"
"Romo, Drew",691011,2026,22.8,9.7,".240",".150","0","1",".294",".278",21.3,49.1,"91.855851364",34.4,30.2,"26.4"
"Misner, Kameron",670224,2026,38.6,4.5,".256",".375","1","3",".242",".317",11.8,47.1,"91.348702917",30.1,36.7,"29.3"
"Palacios, Richie",680700,2026,17,11.5,".330",".264","7","17",".334",".308",26.7,52.7,"92.287697638",32.5,20.7,"26.6"
"Vivas, Jorbit",678391,2026,14.6,11.3,".331",".274","1","2",".309",".281",22.5,42.6,"91.318865649",29.1,18.1,"27.1"
"Rivas, Leo",660844,2026,28.4,10.8,".267",".226","0","2",".229",".255",28.4,53.4,"90.874897857",17.1,23.2,"27.5"
"Marsee, Jakob",805300,2026,20.5,12.7,".348",".284","12","23",".334",".323",28.5,45.6,"92.989467585",22.2,18,"27.9"
"Grichuk, Randal",545341,2026,21.8,3.9,".314",".318","0","0",".478",".416",27,61.2,"95.926782379",36.4,24,"27.3"
"Rumfield, TJ",681198,2026,13.6,11.4,".390",".331","0","0",".386",".329",25,44.2,"92.096667739",30.4,18.8,"24.9"
"Perdomo, Geraldo",672695,2026,12.6,14.1,".370",".291","10","21",".355",".315",34.6,50.5,"92.48396053",20.9,11.8,"27.0"
"Alcántara, Kevin",682634,2026,39.3,7.1,".286",".357","1","0",".353",".421",18.6,45.5,"93.098293333",29.5,34.7,"27.8"
"Rutschman, Adley",668939,2026,16.6,9.5,".315",".260","1","0",".412",".350",30.9,45.3,"93.73713699",25.7,16.3,"26.6"
"Church, Nathan",701675,2026,17.2,5.3,".290",".278","5","10",".354",".314",22.3,39.8,"92.484705562",42.3,20.5,"28.5"
"Friedl, TJ",670770,2026,23.2,8.1,".255",".214","1","5",".268",".271",26.7,62.8,"92.496872453",24.1,25,"26.7"
"Burleson, Alec",676475,2026,18.1,8.2,".343",".310","0","4",".522",".428",26.5,52.5,"95.865822963",38.1,22.5,"25.6"
"McCann, James",543510,2026,25.3,3.6,".311",".343","0","0",".431",".390",27.1,45.6,"94.985217544",39.9,30.2,"25.2"
"Rodden, Brock",801126,2026,33.3,13.9,".306",".316","2","0",".227",".258",21.4,36.4,"93.176905",31.9,39.8,"28.6"
"Yoshida, Masataka",807799,2026,11.1,9.4,".347",".294","0","2",".372",".314",36.8,48.4,"93.672635923",28.1,15.6,"26.1"
"Tromp, Chadwick",644433,2026,25.5,0,".160",".216","0","0",".217",".231",20,56,"91.695006667",45.6,24.3,"24.4"
"Soler, Jorge",624585,2026,32.7,9.7,".291",".274","0","0",".362",".383",16.8,53,"94.859988762",27.4,36.9,"26.0"
"Bericoto, Victor",682674,2026,27.6,3.4,".267",".293","2","1",".446",".399",23.2,49.1,"95.338224",41.9,31.1,"27.1"
"Goodman, Hunter",696100,2026,30.5,8,".310",".280","5","5",".456",".432",18.1,66.6,"95.364146098",40.4,34,"27.3"
"Perez, Junior",678577,2026,38.9,2.8,".194",".167","1","0",".516",".502",21.9,53.1,"95.601692381",28.8,39.4,"27.9"
"Schneider, Davis",676914,2026,32.7,18.6,".310",".188","0","1",".286",".318",20.9,46.9,"94.716781644",20.8,32.5,"26.9"
"Bailey, Patrick",672275,2026,26.7,8.1,".272",".256","0","3",".398",".384",23.3,39.4,"94.504192064",31.2,26.8,"25.3"
"Stevens, Chad",677060,2026,38.2,14.7,".176",".063","0","0",".186",".227",12.1,37.1,"91.469755",37.8,31.1,"27.2"
"Jensen, Carter",695600,2026,28.2,10.8,".323",".294","1","2",".423",".395",23.2,48.8,"95.57430843",24.1,29.7,"27.8"
"Keith, Colt",690993,2026,19.9,7.6,".322",".305","0","6",".423",".381",29.7,48.9,"94.295002159",24.6,22.3,"28.1"
"O'Hoppe, Logan",681351,2026,24.7,6.2,".274",".280","0","0",".332",".320",22.8,60.5,"93.427971774",34.8,28.7,"27.2"
"Fairchild, Stuart",656413,2026,51.9,25.9,".407",".600","0","2",".151",".389",8.3,52.8,"95.2142375",23.5,69,"27.5"
"Pages, Andy",681624,2026,19.7,8.5,".343",".307","7","13",".442",".389",24.7,44.7,"94.161986015",31.6,22.1,"28.3"
"Machado, Manny",592518,2026,21.3,11.2,".303",".231","4","5",".420",".371",22.2,56.1,"94.870082434",30.5,25.3,"25.2"
"Rooker, Brent",667670,2026,31.7,9.4,".282",".243","0","2",".438",".424",18.5,45.7,"95.03524069",31,38.4,"27.6"
"Cole, Zach",805904,2026,39.6,1.9,".189",".185","0","0",".438",".462",20.2,50.6,"95.962160333",28.2,43.3,"28.0"
"Hedges, Austin",595978,2026,18.2,10.1,".325",".283","1","1",".314",".291",27,61.2,"92.724417485",25.4,24.1,"24.5"
"Fermín, José",665877,2026,13.5,8.1,".309",".270","0","8",".336",".296",34.6,63.1,"92.213290528",22.1,13.9,"27.1"
"Valenzuela, Brandon",678218,2026,25.5,10.7,".311",".278","0","2",".377",".371",19.7,50.9,"93.870578639",28.5,25.8,"25.6"
"Rosario, Amed",642708,2026,23.4,5.7,".279",".270","1","3",".424",".381",22.1,50,"94.834235434",40.8,26.7,"28.6"
"Brito, Juan",682877,2026,22.6,6.1,".296",".295","0","1",".365",".339",21.1,61.1,"92.27398642",32.1,27.2,"27.4"
"Perkins, Blake",663368,2026,21.8,9.9,".250",".197","1","3",".295",".279",24.7,64.7,"92.781445846",28.9,20.9,"28.7"
"Valencia, Eduardo",680664,2026,23.2,4.3,".380",".404","0","0",".546",".467",24.8,58.2,"95.492335417",35.3,26.8,"24.8"
"Workman, Gage",669398,2026,41.5,0,".171",".227","0","0",".489",".511",24.4,40.2,"95.924588333",42.5,33.3,"28.5"
"Piñango, Yohendrick",682818,2026,24.4,6.1,".306",".325","0","0",".398",".383",20.8,29.7,"95.30729608",35.2,25.6,"27.2"
"Mitchell, Garrett",669003,2026,31.5,11.3,".354",".387","10","14",".447",".478",21.1,57.3,"97.131320712",22.7,35.8,"29.8"
"De Los Santos, Deyvison",691277,2026,25.6,0,".163",".194","0","0",".256",".268",16.4,50.7,"93.099090968",40,31.3,"28.3"
"Lowe, Josh",666139,2026,30.6,7.3,".273",".270","1","10",".372",".373",16.3,45,"93.808854293",36,32.2,"28.1"
"Slater, Austin",596103,2026,28.4,10.8,".311",".333","0","4",".236",".263",21.2,58,"91.332680227",28.7,27.9,"27.9"
"Stowers, Kyle",669065,2026,31.4,10.2,".331",".322","1","1",".437",".438",20.6,55.1,"96.673495417",33.7,35.6,"26.3"
"Smith, Will",669257,2026,16.3,12.3,".355",".277","0","0",".502",".419",28.8,65.7,"94.064249742",20.9,16.7,"27.1"
"Báez, Joshua",695491,2026,30.6,3.7,".278",".262","1","2",".446",".408",17.5,58.9,"95.475688088",39.6,35.2,"29.2"
"Millas, Drew",686452,2026,24.3,9.2,".277",".239","1","0",".282",".291",23.4,41.6,"91.391984222",28.8,23.3,"27.6"
"Rengifo, Luis",650859,2026,13.8,9.6,".319",".272","4","6",".345",".306",28.3,46.6,"92.981872644",30.6,20.1,"27.1"
"Abrams, CJ",682928,2026,24.2,8.7,".336",".299","6","34",".438",".400",22.9,57.5,"94.2347827",36.9,29.6,"28.4"
"Hill, Derek",656537,2026,31.9,6,".291",".311","4","13",".386",".399",20.3,48.1,"93.597008182",34.6,32.7,"29.5"
"Suzuki, Seiya",673548,2026,24.4,12.8,".368",".330","0","3",".427",".398",21.6,47.8,"94.190827557",22.5,23.5,"27.9"
"Vilade, Ryan",668723,2026,23.4,9.4,".321",".285","1","3",".421",".386",18,38.8,"94.922178667",27.4,23.6,"28.5"
"Lowe, Brandon",664040,2026,28.7,9.5,".331",".319","0","2",".445",".428",21.6,46.6,"95.153058955",33.6,35.4,"27.0"
"Moniak, Mickey",666160,2026,27.5,5,".278",".272","1","1",".392",".358",21.1,52,"94.179652165",44,30.3,"28.1"
"Hernández, Teoscar",606192,2026,27.5,8.6,".334",".347","1","5",".437",".425",23.8,54.3,"95.079105599",31.2,32.6,"28.3"
"Amaya, Miguel",665804,2026,26.4,9.1,".340",".315","0","0",".335",".334",23.2,57,"93.021388523",32,27.3,"25.4"
"Cowser, Colton",681297,2026,30.9,11.7,".317",".305","4","10",".400",".405",17.5,40.3,"94.32395819",29.6,32.6,"28.1"
"Sosa, Edmundo",624641,2026,21.6,2.8,".283",".281","0","4",".444",".398",21.3,58.7,"94.149401444",52.8,27.5,"28.7"
"Basallo, Samuel",694212,2026,26.6,8,".291",".259","0","0",".439",".401",23.3,53,"95.284916523",39.9,31.5,"24.7"
"Fulford, Braxton",690924,2026,40,9.4,".259",".293","0","4",".226",".273",14.6,52.7,"93.304319024",28.6,35.2,"28.6"
"Espinal, Santiago",669289,2026,13.3,1.7,".276",".292","0","0",".374",".329",33,63.5,"92.284365833",34.2,18.8,"26.4"
"Wells, Austin",669224,2026,26.5,12.4,".292",".219","0","4",".360",".349",20.9,51.4,"94.397822435",28,27.9,"25.9"
"Hernández, Heriberto",681715,2026,26.5,10.3,".313",".266","5","13",".474",".433",25.2,63.4,"95.546344841",23.9,32.5,"28.3"
"Rojas, Miguel",500743,2026,10.7,6.3,".312",".279","1","1",".386",".316",34,45.2,"93.175374851",32.4,17,"26.1"
"Murakami, Munetaka",808959,2026,35.4,16.6,".347",".263","3","1",".469",".496",19.5,44.3,"97.318357821",22.2,42.3,"26.8"
"Díaz, Yandy",650490,2026,14.3,8.2,".359",".316","1","3",".439",".371",29.3,27.9,"95.709031327",29,14.8,"26.0"
"Rodríguez, Héctor",699302,2026,25.7,4.6,".270",".273","2","0",".329",".310",17.6,56.9,"93.590612788",42.8,27.2,"28.2"
"Stott, Bryson",681082,2026,16.4,10.2,".334",".296","0","27",".402",".351",31.4,55.7,"93.548267397",30,18.7,"28.3"
"Whitcomb, Shay",694376,2026,28.7,3.3,".233",".260","1","2",".374",".358",19.6,66,"93.721216667",34.6,27.5,"27.3"
"Ohtani, Shohei",660271,2026,24.6,13.1,".377",".329","3","11",".552",".500",25.4,49.5,"96.745585269",30,31.7,"27.7"
"Velázquez, Nelson",676369,2026,33.6,8,".257",".220","0","0",".486",".482",23.9,55.5,"97.125894923",31.6,39.2,"27.6"
"Okamoto, Kazuma",672960,2026,28.8,9.3,".310",".279","1","1",".446",".420",22.5,58,"94.970378557",27.3,32.8,"26.4"
"Arraez, Luis",650333,2026,4.3,5.2,".345",".311","1","10",".377",".298",42.6,52.6,"91.077369275",33.1,7.1,"26.8"
"Pagés, Pedro",686780,2026,26.5,6.6,".275",".282","0","2",".329",".336",17.6,43.9,"93.682204776",34.9,28.1,"25.5"
"Torrens, Luis",620443,2026,21,6.4,".295",".271","0","1",".363",".329",26.5,51.6,"93.704207026",32.4,21.6,"26.6"
"Kwan, Steven",680757,2026,9.7,13.3,".382",".312","3","10",".343",".304",42.8,31.7,"90.116779572",19.8,8.2,"27.4"
"Lopez, Otto",672640,2026,13,5.8,".349",".335","5","34",".417",".347",31.1,45.3,"94.353564593",31.2,19.5,"28.5"
"Olson, Matt",621566,2026,24.5,9.2,".321",".277","0","4",".503",".435",24.1,48.9,"96.543594466",27.9,25.4,"25.3"
"Knizner, Andrew",668800,2026,17.5,5,".287",".246","0","0",".330",".287",24.8,60.8,"93.282077288",39.4,25.7,"24.7"
"Santana, Carlos",467793,2026,30.8,7.7,".154",".125","0","0",".192",".217",20.8,58.3,"93.358594375",35.7,29.6,"23.7"
"Sánchez, Ali",645305,2026,27.2,1.1,".275",".328","1","0",".306",".330",24.3,60.4,"91.77613623",34.6,21.8,"25.2"
"Helman, Michael",680737,2026,17.1,2.9,".235",".167","0","0",".208",".186",24.5,59.3,"89.731559091",43.3,20.9,"29.7"
"Roden, Alan",702176,2026,12.8,12.8,".376",".324","0","0",".419",".365",31.1,48.1,"93.564461029",24.9,15.7,"27.1"
"Rodriguez, Emmanuel",691181,2026,33.3,6.3,".229",".222","1","0",".534",".513",17.1,53.8,"95.307387931",33.3,33.3,"28.0"
"Prieto, César",693409,2026,12.8,2.6,".103",".091","0","1",".356",".289",43.1,61.5,"93.688513871",37.7,22,"26.6"
"Bichette, Bo",666182,2026,18.2,7,".312",".296","2","2",".423",".375",26.4,29,"94.697541238",40.9,19.5,"26.1"
"Acuña, Luisangel",682668,2026,19.6,4,".261",".277","6","18",".324",".313",28.4,64.7,"93.747815152",34.1,25.8,"29.8"
"Gurriel Jr., Lourdes",666971,2026,18.9,5,".254",".248","0","1",".312",".308",27.1,50.4,"92.728770066",40.5,24.2,"26.1"
"Torres, Gleyber",650402,2026,19.3,13.6,".364",".314","0","0",".368",".343",28.4,53.8,"92.398034014",18.9,22.5,"25.3"
"Sánchez, Gary",596142,2026,21.5,16.7,".349",".226","0","0",".397",".354",26.5,61,"93.850751078",23,28.5,"24.5"
"De La Cruz, Elly",682829,2026,27.5,11.3,".365",".359","8","30",".506",".489",25.1,50.8,"97.793114908",25.1,28.1,"28.4"
"Bolte, Henry",703607,2026,28.1,8.2,".359",".381","8","21",".375",".394",20.3,42.7,"96.694969321",28.4,32.8,"30.5"
"Tucker, Kyle",663656,2026,16.7,12.4,".330",".257","0","12",".393",".343",26.9,45.3,"93.315781621",23.9,20.8,"26.6"
"Trevino, Jose",624431,2026,18.6,0.6,".221",".235","1","0",".295",".271",28.4,64,"92.415685583",37.6,21.5,"23.4"
"Kennedy, Buddy",671083,2026,30.6,10.2,".224",".179","0","0",".264",".284",15.7,55.1,"92.252816786",26.1,27,"28.1"
"Hinds, Rece",677956,2026,45.1,7,".211",".273","0","0",".174",".274",12.7,35.3,"94.586568065",39.5,45.2,"28.8"
"Lee, Jung Hoo",808982,2026,9.8,5,".320",".292","1","12",".382",".324",35.8,40.4,"92.569166245",31.1,12.5,"27.5"
"Toglia, Michael",669911,2026,42.9,7.1,".179",".214","0","0",".251",".345",26.8,41.5,"94.664603571",24,34.8,"26.4"
"Sánchez, Jesús",660821,2026,23.8,5.7,".311",".311","2","1",".419",".388",22.6,50.5,"95.111932864",38,28.1,"26.4"
"Stephenson, Tyler",663886,2026,27.4,10.5,".323",".308","1","0",".426",".405",25.4,54.3,"94.627044841",22.3,26.5,"27.0"
"Jarvis, Jim",805347,2026,18.5,6.5,".267",".253","1","0",".304",".294",30.6,45.2,"93.590665909",28,18.8,"27.9"
"Murphy, Sean",669221,2026,30.6,9.1,".256",".243","0","0",".332",".347",23,51.5,"94.726213288",34.3,31.9,"25.6"
"Emerson, Colt",806068,2026,34.4,6.2,".246",".258","1","3",".300",".340",15.7,55.3,"92.601587174",38.9,34.1,"27.0"
"Reynolds, Bryan",668804,2026,23.2,12.7,".365",".329","0","9",".443",".409",24.7,46.6,"95.370003739",24.7,28.2,"28.2"
"Mack, Joe",691788,2026,24.8,5.8,".282",".273","0","0",".396",".361",23.5,57.4,"94.018511081",28.1,25.5,"26.1"
"Garcia, Maikel",672580,2026,14.5,9.3,".334",".309","4","5",".367",".332",35.6,42,"94.104949115",22.5,14.4,"27.6"
"Stubbs, Garrett",596117,2026,23.1,4.6,".215",".200","0","0",".215",".223",26,47.2,"91.467274651",38,21,"27.4"
"Collins, Isaac",686555,2026,23.1,12.3,".320",".276","5","8",".308",".315",24.7,35,"93.971010248",22,21.8,"27.6"
"Langeliers, Shea",669127,2026,23.3,7.9,".328",".300","1","3",".491",".430",22.2,61.8,"95.355812373",33.1,28.9,"28.4"
"Paredes, Isaac",670623,2026,13.4,10.8,".360",".268","0","0",".373",".311",27.6,52.7,"92.297062688",27,14.7,"25.1"
"Schuemann, Max",680474,2026,24.1,13.8,".333",".245","2","3",".336",".324",23,52.3,"93.804290833",21.9,27.6,"27.7"
"Crews, Dylan",686611,2026,24.2,6.8,".289",".270","0","12",".419",".382",21.5,47.1,"94.814070441",32.1,29.4,"29.3"
"Ballesteros, Moisés",694208,2026,23.3,8.5,".281",".257","1","1",".361",".336",24.7,50,"94.800704599",37.1,28.5,"25.0"
"Canzone, Dominic",686527,2026,20.6,9,".336",".297","1","2",".491",".417",26.7,54.3,"95.598142703",34.5,26.4,"26.4"
"Franklin, Christian",681047,2026,25.4,11.9,".305",".257","0","3",".315",".310",18.4,30.7,"93.130864286",21.6,28.9,"27.8"
"Burger, Jake",669394,2026,26.9,9,".302",".271","2","4",".420",".389",20.9,59.5,"95.51435624",35.5,34.2,"27.3"
"Taylor, Tyrone",621438,2026,17,5.8,".325",".296","2","3",".416",".344",27.2,57.5,"93.068828659",34.7,20.6,"29.2"
"Wiemer, Joey",686894,2026,34.9,14.5,".398",".447","0","1",".349",".417",19.8,42,"94.588400513",26.3,31.9,"28.9"
"Devers, Rafael",646240,2026,25.4,10.9,".340",".294","0","0",".473",".422",25.6,58.4,"96.43028802",30,29,"26.1"
"Rodríguez, Julio",677594,2026,22.2,7.2,".307",".289","3","22",".439",".399",21.1,50.2,"95.508712313",38.6,26.5,"28.7"
"Naylor, Josh",647304,2026,12.2,6.9,".317",".286","9","30",".381",".322",32.1,44.1,"93.264796654",37.8,16.9,"24.3"
"Keys, Sean",815873,2026,34.3,4.5,".242",".263","0","0",".350",".368",16.9,50,"94.88494075",36.8,29.3,"27.0"
"Mead, Curtis",678554,2026,19.1,11.9,".353",".268","2","6",".457",".392",25.3,45.9,"94.227892192",25.1,18.1,"27.0"
"Story, Trevor",596115,2026,32.3,4.1,".271",".333","0","5",".317",".343",19.5,48,"93.305662831",43.6,31.8,"27.8"
"Rincones Jr., Gabriel",687282,2026,32.6,2.2,".202",".222","0","0",".276",".279",14,39.1,"94.544417736",46.6,30.3,"27.3"
"García, Adolis",666969,2026,32.4,8.1,".270",".266","0","3",".362",".390",24.7,58.6,"95.459607133",29.8,34.6,"26.5"
"Jackson, Jeremiah",669236,2026,23.5,3.4,".247",".249","2","2",".385",".353",24.3,62.8,"94.308516048",36.8,27.8,"27.2"
"Hays, Austin",669720,2026,25.7,3.8,".305",".352","1","0",".383",".388",23.1,59.4,"93.922986164",36.6,33.8,"27.1"
"Cox, Jonah",813841,2026,38.5,5.9,".298",".415","4","16",".319",".398",19.7,49.6,"93.713279091",33.8,37.3,"30.0"
"Varsho, Daulton",662139,2026,20.3,7.4,".281",".260","0","12",".354",".320",20.4,55,"93.211984706",36.5,21.9,"27.4"
"Yastrzemski, Mike",573262,2026,24,10,".309",".273","0","1",".368",".356",27.7,64,"94.32237855",26.4,23.2,"27.1"
"Montes, Lazaro",703155,2026,40.7,11.9,".305",".292","0","0",".446",".499",15.1,51.4,"96.121418929",26.8,44.6,"26.3"
"Peña, Jeremy",665161,2026,24,5,".325",".327","2","12",".431",".402",22.5,61.4,"93.995355988",39.3,31.8,"29.3"
"Adames, Willy",642715,2026,27.5,7.3,".289",".281","2","5",".391",".374",21.2,57.6,"93.451144018",31.6,28.9,"27.8"
"Jenkins, Walker",805805,2026,20.4,7.5,".293",".246","1","1",".394",".352",25.5,54.5,"92.338979385",25.6,23.9,"27.7"
"Harris, Brett",695391,2026,31.4,5.9,".240",".214","0","0",".244",".282",23.9,47.2,"92.539986071",22.8,27.7,"26.9"
"Walton, Donovan",622268,2026,17.2,10.4,".358",".291","2","3",".371",".330",27.8,51.2,"92.483504451",28.8,26.9,"26.4"
"León, Sandy",506702,2026,40.9,0,".091",".154","0","0",".170",".224",19.3,51.7,"90.968209615",40,29.7,"22.1"
"Duran, Jarren",680776,2026,27.1,6.7,".266",".252","4","21",".388",".383",20,42.8,"94.830670364",34.4,33.5,"29.0"
"Harris II, Michael",671739,2026,19.2,3.7,".321",".330","3","12",".477",".410",24.2,46.6,"95.926012511",45.1,24.6,"27.7"
"Wade Jr., LaMonte",664774,2026,24.7,13,".308",".253","0","0",".286",".284",22.8,57.1,"92.810518427",20.9,24.4,"25.7"
"d'Arnaud, Travis",518595,2026,28.6,7.1,".238",".216","0","0",".281",".269",23.2,60.6,"92.454145",33.3,31,"24.9"
"Chisholm Jr., Jazz",665862,2026,29.5,10.5,".312",".301","9","41",".366",".370",23.2,59.4,"94.436904935",29.4,30.9,"28.3"
"Lowe, Nathaniel",663993,2026,23.1,8.9,".317",".289","0","0",".437",".403",20.3,55,"94.719806842",27.3,22,"25.5"
"Durán, Rodolfo",660710,2026,26.4,7.7,".222",".164","0","0",".323",".302",18.6,56.2,"92.79148807",31.9,25.5,"27.5"
"Lee, Hao-Yu",701678,2026,23.9,8.2,".322",".326","2","3",".393",".362",27.1,52.4,"94.379399184",29.1,27.2,"28.1"
"Pérez, Wenceel",672761,2026,16.6,8,".246",".176","1","3",".348",".286",30,50.2,"92.919937803",29.1,18.2,"28.2"
"Pratt, Cooper",806198,2026,18,9.8,".350",".332","3","19",".362",".341",26.1,39.8,"92.330532155",29.8,21.8,"28.9"
"Torkelson, Spencer",679529,2026,31.7,11.6,".331",".306","1","1",".392",".402",21.3,50.9,"94.454666358",21.5,32.4,"26.5"
"Alfonzo, Eliezer",672613,2026,10.7,0,".179",".200","0","0",".290",".241",43.2,44.4,"93.612612917",34,13.7,"26.1"
"Domínguez, Jasson",691176,2026,21.6,4.5,".267",".265","1","8",".364",".344",22.1,52.1,"94.3967335",34.4,24.8,"28.8"
"Marsh, Brandon",669016,2026,25,6,".304",".320","3","11",".401",".379",25.2,43.1,"94.128250573",36.3,24.9,"28.1"
"Cortes, Carlos",666126,2026,16.5,8.1,".318",".278","1","2",".368",".318",26.2,43,"93.581776121",27.9,22.1,"26.1"
"Freeman, Tyler",671289,2026,11.8,3.8,".317",".275","4","6",".353",".309",30,30.7,"93.223297037",30.2,12.4,"27.7"
"Peters, Tristan",671976,2026,18.3,7.5,".337",".309","2","8",".384",".340",26.6,56.3,"93.229307788",32.6,23,"28.6"
"Clement, Ernie",676391,2026,9.3,3.5,".285",".272","1","7",".319",".266",34.3,61.6,"91.030114794",44.4,15.1,"28.1"
"Adell, Jo",666176,2026,23.8,5.2,".298",".285","0","5",".444",".401",18.2,48.5,"95.565465638",35.3,28.2,"28.3"
"Ramírez, Agustín",682663,2026,23.9,10.2,".318",".298","1","4",".320",".322",18.9,54.4,"95.305171928",29.8,29.8,"27.2"
"Flores Jr., Rafael",804668,2026,27.6,9.2,".331",".304","0","0",".506",".452",22.9,60.8,"95.313841262",27.7,30.7,"26.4"
"Marchán, Rafael",665561,2026,15.8,2.1,".137",".095","0","0",".241",".215",28.8,51.5,"90.646107467",33.3,16.1,"26.2"
"Fortes, Nick",663743,2026,13.9,3.7,".304",".286","0","0",".326",".288",24.3,37.6,"93.533077409",37.3,18.3,"26.9"
"Freeman, Cody",683227,2026,15.5,8.2,".319",".290","1","1",".237",".223",30,71.3,"91.159948209",29.3,16.9,"27.0"
"Hamilton, David",666152,2026,22.2,8.3,".314",".317","7","30",".316",".313",25.6,39.9,"92.356657316",29.6,21.9,"29.4"
"Thomas, Alek",677950,2026,22.5,3.3,".227",".226","0","4",".374",".342",29.3,57.9,"94.395876747",41.6,26.3,"27.8"
"Freeman, Freddie",518692,2026,17.7,10,".362",".333","0","7",".463",".404",25.8,42.8,"94.167362927",29.3,23.2,"25.3"
"Delgado, Raynel",669384,2026,17.1,7.3,".300",".276","0","0",".304",".284",31.1,50,"91.831865333",29.9,26.1,"27.2"
"Nishida, Rikuu",807747,2026,16.7,0,".241",".292","0","0",".306",".299",51.4,32.4,"91.185872174",31,15.2,"28.0"
"White, Tommy",695720,2026,17.9,2.6,".272",".296","1","0",".383",".344",25.2,60.5,"92.609868194",42.4,21.9,"26.7"
"Higashioka, Kyle",543309,2026,25.3,10.2,".306",".261","0","0",".351",".341",24.9,48.8,"93.791557241",31.1,26.3,"24.6"
"Meyers, Jake",676694,2026,20.3,6.5,".268",".250","2","1",".316",".284",26.1,50.8,"91.922291171",32.6,21.8,"27.9"
"Cavanaugh, Drew",701852,2026,30.1,10.8,".315",".344","0","1",".335",".378",19.7,38.3,"92.951858242",27,29.2,"26.4"
"Acuña Jr., Ronald",660670,2026,22,11.3,".345",".292","8","21",".495",".428",20.4,54.5,"95.280739838",28.6,29,"27.1"
"Wallner, Matt",670242,2026,39.3,7.4,".259",".254","1","0",".333",".408",13.3,57.1,"95.021781343",31.6,44,"26.0"
"Turner, Trea",607208,2026,21,6.9,".297",".284","4","21",".363",".338",24.9,63.1,"93.571458357",34.6,27.7,"29.9"
"Herrera, Iván",671056,2026,19.2,10.6,".353",".280","0","8",".390",".353",24.6,46,"94.557141432",28.4,20.8,"26.1"
"Kuroda-Grauer, Joshua",811965,2026,13.5,2.7,".392",".417","1","0",".385",".343",28.5,43.4,"93.910571639",40.3,16.8,"27.8"
"Smith, Dominic",642086,2026,16,7.7,".311",".272","0","0",".378",".322",29.6,48.6,"92.955381652",31,21.5,"26.1"
"Lockridge, Brandon",663604,2026,29.2,9.7,".348",".412","1","6",".263",".312",16.2,45.7,"93.64841873",32.1,29.1,"29.2"
"Mangum, Jake",663968,2026,19.4,5.2,".331",".339","9","23",".331",".317",24.9,36.1,"92.286667774",45.1,21.4,"29.6"
"Arroyo, Michael",703197,2026,14.6,12.2,".439",".414","0","2",".433",".396",24.2,60.3,"93.104907667",27.7,15.7,"28.2"
"Lukes, Nathan",664770,2026,14.2,5.6,".327",".306","1","1",".348",".309",29.4,43.7,"92.230606851",34.1,15.9,"27.0"
"Bogaerts, Xander",593428,2026,18,12.7,".332",".266","1","22",".376",".339",29.2,51.6,"94.537029735",22.8,23.1,"27.1"
"Wagner, Will",695238,2026,15.6,22.2,".422",".321","0","0",".282",".291",24.2,35.5,"90.547779259",24,16.9,"26.1"
"White, Eli",642201,2026,22.1,5.4,".289",".291","1","5",".333",".317",18.2,53.4,"92.709488239",32.7,26.4,"30.3"
"Taylor, Samad",669392,2026,25.7,10.3,".390",".434","3","13",".328",".370",22.9,54,"91.733521263",30.2,25.2,"29.2"
"Freeland, Alex",690976,2026,27.5,11.9,".327",".323","0","4",".340",".353",26.6,51.7,"93.907805449",21.7,27.7,"26.9"
"Cauley, Cam",695508,2026,23.1,7.7,".281",".262","0","1",".238",".252",22.5,57.7,"91.424347442",28.3,31.9,"30.5"
"Wetherholt, JJ",802139,2026,16.8,10.3,".339",".270","1","14",".435",".366",30.1,63.6,"94.023919118",21.2,20.2,"27.6"
"Suárez, Eugenio",553993,2026,33.9,10.4,".307",".273","1","1",".379",".406",17.5,50.2,"93.792559886",28.5,33.8,"26.2"
"Lawlar, Jordan",691783,2026,28.7,3.7,".319",".329","1","6",".401",".406",27.1,58.7,"93.588601585",26.7,26.9,"28.7"
"Rortvedt, Ben",666163,2026,32.1,0,".185",".278","0","0",".251",".306",30.8,55,"90.140377647",36.2,28,"26.0"
"Arias, Gabriel",672356,2026,40.3,5.4,".282",".382","0","4",".371",".439",17,46.8,"95.327717375",38.6,45.3,"26.8"
"Kepler, Max",596146,2026,22.1,7.6,".262",".250","0","0",".336",".313",23.8,47.8,"93.812456634",37.3,25.9,"27.2"
"Moore, Christian",695681,2026,32.7,7.5,".252",".271","3","1",".313",".334",19,42.2,"93.829094186",31.1,31.7,"28.2"
"Loftin, Nick",679845,2026,17.1,9.6,".322",".276","1","4",".335",".300",32.4,52.6,"92.517021275",25.4,17.6,"28.0"
"India, Jonathan",663697,2026,22.4,13.8,".310",".182","0","0",".289",".270",24.4,56.6,"92.357829714",17.9,22.6,"27.7"
"Vaughn, Andrew",683734,2026,16,10.6,".390",".355","0","0",".380",".342",33.9,50.7,"94.307560675",23.5,19.5,"25.8"
"Kim, Ha-Seong",673490,2026,25.9,10.9,".219",".165","0","2",".206",".225",17.9,51.5,"91.828525172",26.8,20.2,"27.7"
"Campusano, Luis",669134,2026,21.4,12.1,".363",".318","0","0",".391",".356",20.7,63.4,"93.52656118",29.2,26,"25.5"
"Robert Jr., Luis",673357,2026,23.9,10.4,".300",".243","3","2",".418",".378",18.8,54,"95.216749073",32.7,28.1,"28.9"
"Clemens, Kody",665019,2026,21.8,6.7,".298",".263","2","10",".456",".398",29.1,63.1,"95.114954901",32.6,24.4,"28.0"
"Mayo, Coby",691723,2026,30.4,7.9,".297",".279","0","4",".478",".451",19.9,48.2,"96.350757345",31.3,29.6,"27.9"
"Chourio, Jackson",694192,2026,23.4,8.2,".351",".348","5","23",".475",".423",26.4,66.3,"95.707575064",33.8,25.1,"28.8"
"Kelenic, Jarred",672284,2026,37.3,12,".313",".366","1","0",".431",".488",20.7,53.3,"96.131286905",29.4,40.5,"27.1"
"Murray, Tanner",695020,2026,21.2,6.1,".281",".238","0","0",".390",".323",31,64.3,"94.571662381",32.1,32,"26.9"
"Guzman, Denzer",694203,2026,25.7,5.6,".266",".274","1","2",".327",".328",18.2,41.1,"93.190886195",33.6,27,"27.6"
"Wilson, Jacob",805779,2026,11.6,3.6,".298",".284","0","4",".345",".299",33,38.2,"91.814204116",42.3,14.8,"27.0"
"Ramírez, Pedro",699393,2026,18.4,7.5,".321",".303","1","9",".342",".313",26,44.1,"93.950119948",33,20.2,"28.3"
"Ward, Taylor",621493,2026,21.4,16.3,".359",".288","4","4",".360",".348",33.4,47.2,"93.58431897",14.9,19.5,"27.5"
"Guerrero Jr., Vladimir",665489,2026,13.3,9.2,".332",".288","4","7",".400",".344",26.4,30.3,"95.562990899",30.6,20.1,"26.4"
"DeLauter, Chase",800050,2026,14.7,10.7,".363",".315","2","11",".427",".362",35,44.7,"95.083377367",21.1,15,"26.6"
"Polanco, Jorge",593871,2026,24.8,6.2,".201",".186","0","0",".284",".277",26.7,52,"92.589206263",30.1,24,"26.1"
"Shaw, Matt",807713,2026,17.3,10.4,".327",".267","2","4",".353",".310",26.8,61.9,"92.811021022",32.5,20.1,"29.1"
"Ewing, A.J.",805999,2026,25.4,9.3,".324",".326","8","25",".399",".391",25.5,40.6,"94.356587331",26.7,24.6,"29.4"
"Arenado, Nolan",571448,2026,20,8.7,".331",".275","0","4",".366",".328",22.9,59.7,"92.490308149",31.9,24.1,"25.1"
"McCutchen, Andrew",457705,2026,26.5,10.8,".277",".255","0","0",".265",".258",19.9,54.2,"92.559219808",20.5,32.5,"27.7"
"Crawford, Justin",702222,2026,17.6,5.8,".309",".317","4","17",".328",".316",26.7,39.4,"93.092773145",37.6,17.7,"29.6"
"Haase, Eric",606992,2026,33.3,7.1,".235",".190","0","0",".361",".371",17,61.8,"92.958050667",36.3,38.1,"28.3"
"Vierling, Matt",663837,2026,16.8,6.5,".255",".230","2","4",".381",".337",29.3,58.1,"93.539494751",32.4,18.2,"28.3"
"Straw, Myles",664702,2026,13.3,8.2,".304",".271","2","7",".342",".298",35,51.9,"91.848387984",23.1,12.7,"29.7"
"Soto, Juan",665742,2026,13.5,16.2,".393",".268","3","9",".574",".436",34.8,67.3,"96.079954685",20.9,20.9,"25.6"
"Sanoja, Javier",691594,2026,8,5.5,".333",".303","5","11",".359",".298",33.4,52,"92.69141843",39.6,11.8,"28.6"
"Ortiz, Abimelec",694673,2026,26.5,5.1,".228",".216","0","0",".382",".348",18.9,54.6,"94.273607419",37.1,23.4,"25.3"
"Hicks, Liam",689414,2026,9.9,10.1,".367",".286","0","3",".358",".303",33.2,49.2,"92.069028173",26.6,11.4,"25.7"
"Tatis Jr., Fernando",665487,2026,18.5,9.1,".358",".327","13","38",".500",".435",28,55.6,"97.191219378",26.4,25.9,"28.9"
"Bernal, Leo",699024,2026,24.5,6.9,".333",".338","1","0",".487",".436",27.9,50.9,"95.893565143",29.2,26.2,"26.2"
"Young, Cole",702284,2026,17.1,6.9,".312",".275","5","4",".390",".343",27.3,48,"93.636134222",30.6,19.6,"27.8"
"Anthony, Roman",701350,2026,27.3,12,".339",".333","0","2",".424",".424",26.3,46.5,"95.858888345",23.7,29,"27.6"
"Morabito, Nick",703492,2026,34.8,6.5,".283",".320","2","1",".308",".402",28.3,32.8,"94.489362",33.7,29.2,"29.7"
"Rushing, Dalton",687221,2026,29.2,9.1,".328",".309","0","0",".426",".428",21.6,54.7,"95.071908725",30.4,31.8,"27.4"
"Hicklen, Brewer",676551,2026,34,17,".383",".435","0","0",".320",".382",18.4,62.8,"94.192042174",27.7,43.5,"29.2"
"McLain, Matt",680574,2026,28,9.7,".274",".232","4","20",".361",".357",23.1,58.8,"93.445306873",26.8,28.4,"28.7"
"Hernández, Enrique",571771,2026,29.2,6.3,".271",".276","0","0",".367",".364",26.9,51.9,"94.153412419",33.1,25,"26.6"
"Montgomery, Colson",695657,2026,35.6,8.5,".282",".260","1","1",".388",".412",14.6,53.8,"94.756398123",32.4,37.4,"26.6"
"Lile, Daylen",695734,2026,19.4,6.1,".296",".274","7","15",".442",".375",24.9,54.9,"93.689429833",38.5,23.6,"29.4"
"Wisdom, Patrick",621550,2026,42,6,".160",".160","0","0",".359",".391",19.1,66,"95.500518462",40.4,41.3,"27.1"
"Trout, Mike",545361,2026,26,16.9,".382",".311","1","11",".487",".462",20.9,42.2,"95.785464011",20.7,25.6,"28.6"
"Ruiz, Keibert",660688,2026,10.5,4.5,".316",".288","1","2",".374",".299",39.9,57.2,"93.093035608",38.7,14.2,"25.1"
"Witt Jr., Bobby",677951,2026,17.2,10.6,".359",".320","8","45",".504",".428",27.4,45.3,"96.21586125",33.8,24.8,"30.1"
"Lara, Luis",800325,2026,21.7,8.5,".311",".315","2","3",".331",".332",27.9,28.4,"93.57850966",24.7,17,"28.4"
"Mauricio, Ronny",677595,2026,32.3,3.2,".258",".257","0","0",".425",".405",16.9,57.1,"95.298730769",50.8,30.3,"25.9"
"Peraza, Oswald",672724,2026,30,4.6,".282",".313","2","12",".330",".352",18.6,46.1,"93.746132667",38.6,30.4,"28.6"
"Cruz, Oneil",665833,2026,33.2,11.2,".368",".397","7","30",".472",".494",20.3,40.8,"97.770739031",30.1,35.6,"28.5"
"Jordan, Blaze",691458,2026,15.1,3.5,".276",".274","0","0",".425",".355",25.6,40.7,"94.265054591",35.7,20.8,"25.8"
"Gilbert, Drew",687551,2026,18.1,9.9,".330",".268","4","3",".400",".359",28.7,42.1,"93.199814328",25.1,22.4,"27.5"
"Kayfus, CJ",692216,2026,32,8,".280",".231","0","0",".427",".392",15.7,38.5,"94.712108571",34.5,37.9,"27.4"
"Betts, Mookie",605141,2026,11,8.9,".326",".251","3","2",".435",".347",41.5,57,"93.725941924",20.3,12.5,"26.7"
"Gonzalez, Romy",663853,2026,28.8,6.8,".264",".256","1","1",".335",".360",19.3,42.6,"94.17205",32.9,33.8,"26.9"
"Goldschmidt, Paul",502671,2026,22.6,7.6,".313",".283","0","1",".414",".367",24,49.5,"93.426887557",32.2,26.4,"25.5"
"Locklear, Tyler",682988,2026,21.4,9.5,".357",".333","0","1",".427",".376",18.2,47.4,"92.84187",27.1,23.5,"26.3"
"Naylor, Bo",666310,2026,24.5,7.1,".214",".172","0","0",".400",".358",23.5,49.1,"94.077166716",26.7,14.6,"27.4"
"Triolo, Jared",669707,2026,19.9,7.7,".307",".296","1","13",".316",".310",27.7,47.3,"92.701064274",25.7,22.1,"28.3"
"Pinckney, Andrew",687605,2026,34.5,3.4,".310",".375","1","1",".374",".422",29.7,55,"97.343559412",18.5,31.1,"31.0"
"Hoerner, Nico",663538,2026,8.4,6.2,".316",".275","5","23",".375",".319",35.4,45.4,"92.086339791",33.7,11.8,"28.3"
"Neto, Zach",687263,2026,30.5,9.9,".330",".320","12","24",".412",".407",21.3,39.9,"94.293639279",36.9,32.9,"27.9"
"Kiner-Falefa, Isiah",643396,2026,14.8,10.4,".322",".280","2","8",".319",".301",24.5,40.2,"91.634413462",31.8,17.7,"27.5"
"Isbel, Kyle",664728,2026,22.9,4.6,".268",".278","0","6",".303",".304",27.3,39.3,"93.388440427",35.7,18.2,"27.3"
"Teel, Kyle",691019,2026,35.4,13.2,".336",".313","0","0",".375",".431",16.1,40.3,"94.639000588",31.3,35.6,"27.1"
"Massey, Michael",686681,2026,16.6,4.6,".303",".300","0","3",".414",".349",28.7,59.4,"93.697569454",38.8,19.5,"26.7"
"Moreno, Gabriel",672515,2026,14.6,11.1,".388",".339","4","6",".451",".380",28.3,41.5,"94.093065075",28.7,15.5,"26.2"
"Torres, Bryan",663494,2026,20.6,9.5,".309",".272","0","2",".329",".311",31.8,53.4,"91.92324296",27,21.8,"27.2"
"Mastrobuoni, Miles",670156,2026,33.3,6.7,".241",".294","0","0",".201",".232",34.2,44.7,"91.757005882",27.5,20.9,"27.5"
"Durbin, Caleb",702332,2026,13.5,8.7,".332",".269","6","20",".316",".282",27.2,61.9,"91.603408774",28.2,16.4,"27.9"
"Beck, Jordan",687597,2026,31.7,7.8,".261",".296","1","2",".293",".332",16.1,53.5,"93.278827596",38,31.5,"28.0"
"McAdoo, Charles",807727,2026,23.6,6.6,".302",".310","0","2",".367",".348",19.2,40.7,"92.274918108",32.5,21.5,"28.9"
"Soderstrom, Tyler",691016,2026,20.1,11.7,".338",".272","1","2",".411",".363",24,53.5,"95.094575115",25.9,22.9,"27.1"
"Monasterio, Andruw",655316,2026,19.6,7.5,".295",".276","4","4",".352",".318",25.6,56.4,"92.699092996",26.6,18.9,"27.2"
"Schwarber, Kyle",656941,2026,31.4,15,".354",".280","1","3",".487",".486",17,67.3,"96.326214481",26.1,33.1,"25.6"
"Hoskins, Rhys",656555,2026,31.5,14.8,".306",".221","0","1",".348",".353",21.7,55.2,"94.354466347",22.2,32.4,"24.8"
"Ramírez, José",608070,2026,12.7,11,".320",".248","4","37",".391",".329",28.2,58.3,"93.830361144",28.5,15.3,"27.9"
"Valera, George",671655,2026,21.1,2.6,".237",".276","0","0",".232",".236",27.9,48.4,"93.687662414",40.4,22.1,"25.5"
"Dunn, Blake",694362,2026,21.3,6.5,".335",".352","3","6",".319",".320",29.5,38.4,"93.85786433",28.7,23.3,"29.6"
"Fermin, Freddy",666023,2026,21.1,7.9,".274",".246","1","1",".315",".295",24.8,53.9,"92.569154068",34,26.6,"27.4"
"Ibáñez, Andy",628451,2026,11.5,3.8,".115",".091","0","0",".205",".162",29.8,53.2,"91.427615909",51.4,19.2,"27.3"
"Schmitt, Casey",669477,2026,19.8,2.7,".301",".291","1","9",".512",".428",27.4,48.6,"94.749369773",36.5,21.4,"28.0"
"Cameron, Daz",663662,2026,28,0,".200",".235","0","0",".423",".404",18.2,31.8,"92.829588889",30.2,22.4,"27.2"
"Caissie, Owen",683357,2026,37.3,8.2,".288",".309","1","5",".405",".442",18.9,39.7,"95.280737126",30,35.6,"28.3"
"Giménez, Andrés",665926,2026,18.5,3.3,".291",".284","4","20",".333",".309",24.5,50.8,"91.931251541",43.9,24.2,"27.7"
"Steer, Spencer",668715,2026,22.4,9.1,".319",".271","0","3",".452",".402",26.2,59,"94.118224167",26.2,25.3,"28.5"
"Andujar, Miguel",609280,2026,15,4.3,".303",".291","2","2",".376",".327",26.1,58.2,"94.026464328",40.8,18.5,"27.3"
"Lopez, Nicky",670032,2026,16.3,4.4,".322",".325","3","5",".299",".291",27.3,59.3,"91.180435053",34.1,18.3,"27.6"
"Serven, Brian",661531,2026,24.7,4.7,".224",".167","0","0",".371",".341",28.2,58.5,"93.187857119",31.6,30.4,"26.0"
"Furman, Nate",801501,2026,25.6,12.8,".243",".182","0","0",".191",".224",20.7,44.8,"90.399414545",33.3,19.4,"28.9"
"Tena, José",677588,2026,31.3,9.4,".302",".311","2","6",".351",".374",20.1,40.6,"95.570783929",29.5,34.3,"27.8"
"Riley, Austin",663586,2026,31.9,7.6,".290",".299","2","9",".396",".398",18.9,47.5,"95.389412865",32.3,31.9,"27.9"
"Hayes, Ke'Bryan",663647,2026,19.8,5.4,".194",".155","0","1",".371",".330",33.1,54.4,"93.92032431",30.9,23.4,"26.9"
"Winn, Masyn",691026,2026,21.8,9,".308",".292","3","10",".329",".331",27.9,42.9,"93.333175698",24,23.7,"28.5"
"Muncy, Max",691777,2026,32,7.4,".296",".314","2","3",".366",".381",18.9,53.5,"95.003906131",33.2,32.4,"27.7"
"Fry, David",681807,2026,27.6,13.1,".313",".248","0","0",".294",".299",18.7,60.8,"92.951842459",27.5,28.9,"26.4"
"Rodriguez, Jesus",683679,2026,13.8,8.6,".316",".244","1","1",".355",".320",24,45.4,"92.17301619",34.8,24.5,"28.3"
"Nootbaar, Lars",663457,2026,21,13.8,".342",".287","1","2",".437",".383",31.2,52.9,"95.613341163",20.7,19.1,"27.5"
"France, Ty",664034,2026,21.6,7.4,".363",".342","1","1",".421",".375",21.9,48,"95.076991032",34.5,28.1,"24.7"
"Manzardo, Kyle",700932,2026,32,10.1,".306",".289","0","0",".380",".397",24,49.7,"93.74206596",30.7,30.6,"25.4"
"Meneses, Joey",608841,2026,16,12,".280",".176","0","0",".314",".314",37.9,41.9,"96.104733529",33.3,23.5,"25.3"
"Benge, Carson",701807,2026,21.7,7.6,".346",".341","5","22",".438",".403",25.3,41.4,"93.954813653",28,21.4,"28.6"
"Caglianone, Jac",695506,2026,26,6,".340",".361","2","7",".500",".462",23.5,43.8,"97.619020786",39.6,29.4,"27.0"
"McKinstry, Zach",656716,2026,16.3,9.9,".288",".233","5","3",".310",".286",26.6,40.4,"91.585102086",28,17,"27.9"
"Harper, Bryce",547180,2026,21.4,15.4,".380",".309","6","7",".481",".431",20.3,43.3,"94.786960576",32.4,30.7,"27.2"
"Stewart, Sal",701398,2026,22.1,9,".330",".296","8","15",".466",".409",24.3,54.8,"94.787875589",32.1,27,"26.6"
"Yorke, Nick",694377,2026,22.2,7.7,".284",".269","0","1",".335",".326",22.3,36.4,"94.760928354",31.8,25,"27.7"
"Smith, Josh",669701,2026,23,10.3,".290",".243","1","4",".320",".301",23.3,43.8,"92.448959545",34.1,24.3,"27.9"
"Walker, Jordan",691023,2026,26.1,7.5,".327",".329","5","22",".462",".431",19.8,48.3,"96.841838884",35.9,32.3,"29.1"
"Groover, LuJames",694410,2026,20.4,9.3,".259",".194","0","0",".328",".304",36.4,51.3,"94.341552778",19.8,16.1,"26.8"
"Veen, Zac",691728,2026,39.2,8.9,".312",".371","0","2",".338",".410",13.5,42.2,"94.543508649",41.8,40.5,"28.4"
"Muncy, Max",571970,2026,25,11.6,".348",".294","0","3",".470",".421",24.9,49.6,"94.921257221",25.8,29.2,"27.2"
"Langford, Wyatt",694671,2026,22.7,11.7,".333",".281","4","15",".387",".358",22.9,53,"93.857821902",26.2,25.3,"28.2"
"Simpson, Chandler",802415,2026,7.8,4.2,".333",".331","14","46",".297",".267",41.7,35.6,"90.38555626",31.2,10.8,"29.4"
"Vientos, Mark",668901,2026,24.1,5.1,".258",".233","0","0",".433",".374",23.6,62,"94.654892913",35.2,31.1,"25.8"
"McGuire, Reese",624512,2026,26.5,5.9,".273",".250","0","0",".215",".257",14.6,41.7,"89.0789435",37.5,21.8,"25.2"
"Garcia, Jhostynxon",691373,2026,33.3,2,".196",".250","0","0",".301",".338",16.3,48,"93.123011875",46.4,33.9,"27.7"
"Pereda, Jhonny",640902,2026,19.8,8.9,".366",".362","0","0",".398",".388",26.8,45.8,"94.204503429",24.2,22.3,"24.6"
"Urías, Luis",649966,2026,16.9,10.2,".322",".250","0","0",".351",".313",24,63.5,"92.754991628",31.4,13,"25.9"
"Allen, Nick",669397,2026,19.8,6.2,".327",".336","0","2",".273",".271",27.5,60.6,"92.122615625",26.8,23.9,"26.9"
"Cook, Billy",695257,2026,39.7,1.7,".207",".303","1","6",".189",".237",18.4,57.7,"92.492845806",39.8,36.7,"29.3"
"Eldridge, Bryce",805811,2026,26.6,13.2,".364",".344","1","1",".467",".444",23.8,42.8,"96.138444275",24.6,27.1,"26.0"
"O'Hearn, Ryan",656811,2026,22,7.8,".330",".307","0","1",".396",".363",27.1,45.6,"93.913570965",31.5,22.5,"26.7"
"Grisham, Trent",663757,2026,18.4,12.6,".308",".222","3","9",".429",".361",34.7,62.9,"94.739643825",19.2,18.2,"26.8"
"Holliday, Jackson",702616,2026,23.7,9.6,".300",".285","3","8",".352",".342",26.3,53.6,"92.656907564",26.8,26.9,"28.9"
"Jones, Jahmai",663330,2026,32,9.4,".298",".281","2","3",".428",".439",19.9,55.7,"95.26841396",29.7,34.7,"28.5"
"Meckler, Wade",685133,2026,18.7,9.5,".373",".372","0","8",".359",".341",31.8,46.2,"92.481747662",23.1,20.8,"28.8"
"Walls, Taylor",670764,2026,24.2,10.4,".309",".301","3","21",".261",".268",27.6,61.6,"91.704933333",25.6,22,"27.9"
"Cheng, Tsung-Che",691907,2026,31.8,9.1,".318",".385","2","0",".392",".405",20.9,70.1,"92.034037391",29.3,36.3,"29.0"
"Lombard Jr., George",806146,2026,26.5,6,".285",".282","1","2",".388",".378",20.8,55,"93.611228241",27.2,25.6,"29.3"
"Lee, Brooks",686797,2026,16.2,5.9,".300",".268","5","8",".358",".305",27.4,56.7,"92.893899278",35.1,20.8,"26.3"
"Troy, Tommy",694371,2026,23.8,9.1,".289",".264","0","1",".393",".360",20.5,52.3,"93.060625699",27.7,25.9,"30.1"
"Nuñez, Nasim",683083,2026,20.1,9.9,".291",".267","10","49",".274",".281",24,42.2,"91.558154732",25.9,21.6,"29.7"
"Seigler, Anthony",678011,2026,16.2,10.4,".327",".281","0","2",".370",".323",33.5,58.3,"92.468069113",26.4,22.5,"25.6"
"Gasper, Mickey",681508,2026,17.3,12,".357",".266","1","0",".444",".370",32.2,58.4,"93.70203817",21,18.1,"26.7"
"DeLuca, Jonny",676356,2026,21.1,4.6,".300",".314","6","17",".325",".309",19.8,59.4,"92.971243172",35.9,24.9,"29.2"
"Contreras, William",661388,2026,14.7,9.5,".341",".292","2","1",".441",".355",31.4,59.1,"94.956986071",28.3,20.7,"26.0"
"Judge, Aaron",592450,2026,29.8,15.1,".360",".289","3","5",".569",".537",21.5,50.6,"97.706457908",26.4,32.8,"26.7"
"Rafaela, Ceddanne",678882,2026,20.3,3.8,".319",".333","9","17",".362",".335",24.5,50.7,"92.469893389",45.3,24.8,"28.9"
"Jackson, Alex",656577,2026,32.9,2.7,".342",".455","0","0",".258",".296",14.8,55,"93.24664175",41,30.1,"27.7"
"Alvarez, Francisco",682626,2026,30.7,9.3,".311",".309","0","0",".431",".426",21.8,59.5,"95.848454472",31.8,34.8,"25.3"
"Trammell, Taylor",666211,2026,32.2,10,".285",".266","3","4",".360",".363",15,52.3,"94.747912063",29.3,38.5,"27.4"
"Gonzalez, Jacob",694378,2026,19.4,5.3,".274",".245","1","2",".396",".347",22,56.3,"93.490033212",37.7,21.1,"26.5"
"Call, Alex",669743,2026,17.9,11.8,".349",".287","1","1",".261",".252",25.1,43.6,"90.615784574",24.3,17.2,"27.8"
"Bregman, Alex",608324,2026,14.5,10.8,".355",".275","1","3",".391",".329",34,66.4,"93.162387221",23.3,15.6,"26.2"
"Beavers, Dylan",687637,2026,27.3,9.6,".307",".300","5","5",".369",".360",23.7,46.9,"93.865557644",23.8,25.3,"29.1"
"Meadows, Parker",678009,2026,25.6,5.1,".308",".346","0","3",".277",".293",24.2,44.8,"91.241073077",27.9,20.3,"28.3"
"Outman, James",681546,2026,41.8,5.9,".235",".272","3","6",".273",".338",16.1,48.2,"92.931253721",30.2,41.8,"28.0"
"Donovan, Brendan",680977,2026,14.5,9.4,".371",".313","1","1",".344",".305",27.5,58.8,"91.930381239",25.3,17.4,"25.7"
"Norby, Connor",681393,2026,28.2,10.4,".342",".336","3","10",".367",".369",20.8,42.1,"93.052188969",28.1,29,"28.0"
"Carter, Evan",694497,2026,25.1,10.3,".288",".248","3","17",".320",".316",22,46.5,"93.426463755",21.5,29.1,"28.9"
"Dubón, Mauricio",643289,2026,11.8,5.7,".321",".298","3","10",".375",".317",28.1,38.6,"92.283650542",37.6,15.3,"26.8"
"Robinson, Chuckie",642020,2026,19.2,0,".087",".111","0","0",".181",".191",24.4,53.7,"91.782224375",27.3,29.6,"24.6"
"Smith, Pavin",656976,2026,20.5,9.8,".262",".207","0","2",".318",".305",24.7,55.6,"93.522387765",27.7,19.7,"25.1"
"Buxton, Byron",621439,2026,24.5,7.4,".319",".279","1","7",".489",".424",21,57.4,"95.255176912",34.4,31.3,"29.7"
"Yelich, Christian",592885,2026,27,9.8,".315",".308","1","11",".385",".380",21.2,45.8,"94.534931238",24.4,29.6,"27.4"
"Stanton, Giancarlo",519317,2026,30.2,6.3,".302",".345","0","1",".466",".444",19.4,72.4,"97.001259672",30.3,38.7,"23.8"
"Edwards, Xavier",669364,2026,13.9,11.4,".360",".320","5","21",".356",".312",32.7,44.7,"92.25030956",24.4,17.6,"28.3"
"Wong, Connor",657136,2026,23.9,7.1,".308",".300","1","3",".327",".322",20.3,49.1,"93.54581298",32,24.6,"27.6"
"Rivero, Sebastián",665861,2026,19.6,5.4,".291",".317","0","0",".304",".314",16,44.6,"91.015841951",44.7,25.7,"25.5"
"Happ, Ian",664023,2026,29.7,12.7,".326",".284","1","4",".390",".387",20.6,46,"94.517880196",23.9,30.3,"28.0"
"Williams, Carson",700246,2026,32.5,5,".154",".130","0","0",".280",".295",12.7,54.9,"92.3721375",39.7,32.9,"27.8"
"Caratini, Victor",605170,2026,20.9,8.9,".312",".262","0","0",".356",".329",32,53.5,"93.569243294",25.9,22.9,"24.4"
"Conine, Griffin",665052,2026,29.4,10.5,".353",".329","0","4",".505",".483",22.3,51.6,"96.406974974",33.3,37.2,"26.8"
"García Jr., Luis",671277,2026,17.9,4.6,".309",".289","2","5",".486",".398",26.7,63.7,"95.535729017",38.4,20.8,"26.4"
"Meidroth, Chase",805367,2026,21.9,9.5,".350",".339","2","4",".348",".337",29.4,60.2,"92.822576483",28.9,19.7,"27.3"
"Garver, Mitch",641598,2026,32.9,14.8,".302",".247","0","1",".341",".373",23.1,65.4,"94.874987922",24.9,33.7,"25.1"
"Harris, Dustin",687957,2026,13.2,7.2,".353",".336","1","10",".360",".321",36.8,42.3,"91.511742857",33.2,19.3,"28.9"
"Caballero, José",676609,2026,24.3,6.4,".290",".278","11","34",".333",".330",20.4,52,"91.957054306",37,27.9,"28.0"
"Chapman, Matt",656305,2026,23,10.5,".324",".293","2","0",".319",".313",17,43,"94.013173319",26.4,23.1,"28.1"
"Watson, Kahlil",696135,2026,35.2,3.3,".264",".364","1","9",".330",".362",20.4,50.6,"93.253982727",35.3,35.5,"28.3"
"Contreras, Willson",575929,2026,25.2,11,".386",".332","3","3",".484",".452",18.3,49.8,"95.492075032",34.2,30.8,"27.3"
"Bellinger, Cody",641355,2026,15.8,10.5,".338",".287","6","12",".411",".356",32.2,61.6,"93.510838881",30.3,20,"27.3"
"Alonso, Pete",624413,2026,24.1,11.6,".363",".299","1","5",".563",".496",25.1,55.1,"97.241695881",26.6,26.8,"24.9"
"Navarreto, Brian",640459,2026,34.4,3.3,".193",".194","0","0",".186",".217",13.6,58.6,"92.200719032",39.4,32.6,"26.1"
"Kim, Hyeseong",808975,2026,23.7,9.2,".323",".337","1","5",".341",".358",27,39.2,"91.838053563",29.2,27,"28.8"
"Lindor, Francisco",596019,2026,20.3,9.8,".309",".242","2","3",".434",".370",26.6,55.5,"95.109438598",29.5,25,"27.1"
"Koss, Christian",683766,2026,26.7,4.1,".257",".286","0","5",".278",".296",18.8,57.9,"92.149313381",39.5,30.1,"29.0"
"Merrill, Jackson",701538,2026,24.1,6.2,".303",".302","4","27",".491",".438",22.9,46.7,"95.327540397",37.6,27.6,"29.0"
"Tolbert, Tyler",686475,2026,20.9,8.1,".347",".351","4","22",".307",".322",25.8,43.4,"91.71171",27.3,29.8,"29.3"
"Pozo, Yohel",650968,2026,14.5,1.6,".258",".275","0","1",".313",".287",24.8,47.5,"91.8645575",51.3,18.9,"24.5"
"Marte, Noelvi",682622,2026,25.9,5,".229",".226","2","7",".304",".294",21.2,54.6,"93.570955294",41.2,27.5,"29.1"
"Bart, Joey",663698,2026,27.3,5.5,".305",".270","0","0",".362",".346",15.6,43.1,"93.238111923",32.8,29.2,"26.6"
"Bader, Harrison",664056,2026,30.6,3.6,".198",".191","0","0",".367",".375",22.7,50,"93.717596301",38.7,32,"27.5"
"Butler, Lawrence",671732,2026,25.7,11.3,".325",".298","7","10",".398",".393",20.1,42,"95.129016997",24.6,26.7,"26.7"
"Clase, Jonatan",682729,2026,32,12,".360",".333","0","0",".267",".292",23.8,53.5,"92.412265",26.7,30.6,"28.2"
"Robles, Victor",645302,2026,14.8,6,".315",".304","2","10",".321",".290",27.3,55.4,"91.363833704",36.1,21.6,"28.4"
"McMahon, Ryan",641857,2026,29.4,7.8,".279",".278","2","3",".381",".384",22.4,50.3,"95.088092055",28.2,30.2,"25.9"
"Jiménez, Leo",677870,2026,19.6,9.3,".306",".244","0","1",".336",".328",28.1,44.9,"94.040225547",26.2,24.3,"28.0"
"Rave, John",670231,2026,23.6,10.6,".314",".276","1","8",".391",".368",24.2,65.7,"93.981784227",27.4,24.3,"28.8"
"Pereira, Everson",677592,2026,33.3,5.4,".309",".316","0","1",".400",".403",18.3,66.8,"94.214766452",37.4,37.8,"27.6"
"Madrigal, Nick",663611,2026,4.8,11.1,".365",".288","1","1",".291",".247",38.8,44.9,"92.324574423",30.4,7.5,"26.9"
"Osuna, Alejandro",696030,2026,15.9,8.2,".349",".313","2","5",".309",".299",26.5,31.9,"93.067395828",32.4,17.5,"28.5"
"Pham, Tommy",502054,2026,31.4,14.3,".229",".111","0","0",".354",".400",25,69.2,"96.074524211",22.9,34.5,"26.4"
"Grissom, Vaughn",687093,2026,18.4,6.5,".307",".271","0","1",".380",".337",26.4,45.5,"93.416728622",31.3,22.1,"26.9"
"Benson, Will",666181,2026,33.3,14,".310",".273","1","1",".355",".390",19.9,48.6,"94.298298333",22.1,36.1,"28.8"
"Bleday, JJ",668709,2026,22.2,13.2,".324",".238","5","6",".421",".382",22.4,53.7,"94.061260465",22.8,26.5,"27.5"
"Conforto, Michael",624424,2026,25.5,11.1,".331",".278","0","1",".439",".401",21.6,52.7,"94.570717474",27.3,26.7,"25.9"
"Thompson, Sterlin",694514,2026,27.3,6.5,".312",".304","0","0",".357",".355",18.5,40,"94.17716",29.5,30.1,"27.6"
"Arroyo, Edwin",695490,2026,23.8,3.8,".266",".297","1","1",".348",".358",25.1,44.4,"92.181635566",39.7,26.8,"28.8"
"Keaschall, Luke",807712,2026,14,9.5,".374",".317","7","20",".368",".314",28,49.9,"92.291221351",22.6,16.9,"28.8"
"Moncada, Yoán",660162,2026,34.6,13.1,".308",".286","0","1",".286",".330",21.5,36.4,"94.815858438",21.1,28.8,"26.4"
"Gonzales, Nick",693304,2026,16.3,7.1,".367",".360","3","7",".386",".351",24.7,47.5,"92.87303882",31.2,22.7,"28.8"
"Jorge, Carlos",699115,2026,26,8,".280",".281","1","2",".329",".342",16.1,48.3,"90.658588667",34.5,31.1,"30.4"
"Perez, Salvador",521692,2026,19,4,".274",".251","0","1",".439",".367",24.6,56.9,"94.391887885",44.6,25,"23.7"
"Barrosa, Jorge",678489,2026,26.4,9.8,".285",".265","0","3",".250",".260",22.8,54.1,"91.863784615",29.3,26.6,"28.4"
"Fraley, Jake",641584,2026,29.9,9.3,".289",".298","0","3",".331",".334",17.4,43.1,"91.477349492",22.6,23,"28.3"
"Alvarez, Yordan",670541,2026,17.2,15.8,".433",".334","0","1",".636",".508",26.7,43.5,"97.265576156",29,19.9,"25.4"
"Fernandez, Jose",699912,2026,23,5,".300",".327","2","9",".342",".338",22.8,46.7,"94.264477919",36.4,24.9,"29.5"
"Bateman, Brett",703520,2026,19.3,9.9,".402",".410","0","3",".338",".340",28.5,43,"91.311951453",28.3,14.7,"28.8"
"Refsnyder, Rob",608701,2026,28.7,6.2,".211",".158","0","0",".316",".316",20.6,59.2,"93.073923671",25.7,29,"27.0"
"Teodosio, Bryce",669326,2026,35.5,6.6,".267",".349","1","5",".232",".285",16.5,42.1,"91.591553659",39.7,40.6,"29.3"
"Nimmo, Brandon",607043,2026,22.7,7.8,".324",".323","1","7",".441",".406",25,52.2,"95.658360626",29,23.9,"28.0"
"Ozuna, Marcell",542303,2026,28.6,9.6,".286",".264","0","0",".389",".382",20.3,48.5,"93.737043155",26.7,30.1,"24.7"
"Mesa Jr., Victor",683748,2026,20.2,8.8,".327",".278","4","9",".439",".376",22.9,63.8,"94.536340734",34.9,25.5,"27.9"
"Albies, Ozzie",645277,2026,15.4,6.7,".293",".247","4","4",".337",".284",26.2,57.3,"92.322715692",38.1,21.2,"27.1"
"Kelly, Carson",608348,2026,16.5,9.4,".336",".293","1","0",".372",".324",28.2,48.8,"93.170265419",25.2,19.8,"25.9"
"Reyes, Felix",694025,2026,23.7,0,".158",".179","0","0",".314",".305",22.6,45.2,"93.637018966",52.9,27.5,"28.3"
"Gelof, Zack",680869,2026,24.6,7.1,".322",".298","3","16",".437",".392",23.9,62.4,"94.348921388",25.3,29.2,"28.8"
"Barger, Addison",680718,2026,25,17.9,".214",".063","0","0",".185",".229",19.6,53.2,"94.880101875",35.5,23.1,"26.1"
"De La Cruz, Bryan",650559,2026,20.9,8.1,".349",".333","0","0",".346",".328",24.8,42.4,"93.744663898",32.8,25,"27.9"
"Shewmake, Braden",669699,2026,17.6,2.2,".270",".279","0","1",".411",".350",30.2,70,"93.606660145",52.6,23.5,"28.2"
"McCarthy, Jake",664983,2026,15.9,5,".334",".326","6","32",".410",".356",24.3,50.3,"92.561288575",37.8,21.3,"30.0"
"Salas, Ethan",806956,2026,22.5,2.5,".275",".286","0","0",".316",".279",31.7,58.5,"94.235776",31.5,19.4,"27.0"
"Thomas, Colby",687515,2026,30.6,3.3,".235",".260","1","1",".357",".338",18,44.6,"93.666947013",42.9,34.3,"28.2"
"Jiménez, Eloy",650391,2026,20,8.6,".343",".360","0","0",".289",".275",23.3,42.6,"93.9795348",39.2,29.9,"26.0"
"Del Castillo, Adrian",680728,2026,28.4,6.6,".246",".248","0","1",".329",".325",23.5,48.2,"93.465270968",29.8,28.6,"26.3"
"Kreidler, Ryan",668952,2026,22.8,7.9,".286",".259","4","4",".382",".343",21,64.6,"93.790732067",28.3,30.4,"27.8"
"Johnston, Troy",687859,2026,18.5,8.2,".348",".337","5","4",".375",".352",28.1,44.2,"93.374621342",36.2,24.7,"26.2"
"Feduccia, Hunter",676439,2026,23.9,11.2,".312",".290","0","0",".367",".359",28.7,52.8,"93.73099871",24.4,22.2,"26.9"
"Frelick, Sal",686217,2026,9.9,8.1,".295",".246","3","7",".324",".272",35.3,46.5,"92.170939431",24.6,10.1,"28.7"
"Ward, Ryan",669899,2026,28.3,8.3,".283",".257","0","0",".424",".410",18.5,61.2,"93.695693243",32.1,27.6,"26.7"
"Henderson, Gunnar",683002,2026,22.2,9.5,".311",".263","5","10",".401",".369",22.6,49.1,"94.513387015",30.4,23.3,"28.2"
"Williamson, Ben",810938,2026,18.9,7.7,".302",".289","1","8",".325",".311",29.6,34.8,"93.035610542",31.8,17.6,"28.1"
"Gorman, Nolan",669357,2026,32.5,10.9,".272",".247","1","0",".351",".361",18.2,46.6,"94.503463216",31.4,37.8,"25.0"
"Culpepper, Kaelen",701785,2026,21.9,4.7,".328",".333","0","1",".351",".330",19.5,58.6,"92.881340112",42.8,26.4,"27.8"
"Myers, Dane",667472,2026,24.6,11.1,".344",".328","0","10",".356",".356",24.3,50.1,"93.702558844",25.2,21.6,"28.0"
"Bandura, Scott",814154,2026,56.7,3.3,".233",".500","1","1",".147",".282",8.5,50.8,"90.59615",40.9,38.8,"28.0"
"Griffin, Konnor",804606,2026,24.2,5.9,".324",".350","4","23",".404",".387",19.4,46.6,"94.37599163",37.6,28.9,"29.9"
"Baldwin, Drake",686948,2026,21.5,8.9,".358",".332","1","3",".505",".437",24.5,46.5,"95.835253771",34.4,24.4,"26.0"
"Edman, Tommy",669242,2026,20.2,6.6,".329",".295","3","7",".347",".329",25.3,58.5,"93.248303304",30.4,23,"28.0"
"Raley, Luke",670042,2026,32.4,5.2,".284",".284","2","1",".486",".484",18.7,59.2,"95.507658563",34.6,40.9,"28.6"
"Arozarena, Randy",668227,2026,21.6,10.1,".381",".333","8","26",".419",".388",26.1,58.6,"94.755039419",30.6,26.3,"27.1"
"Aranda, Jonathan",666018,2026,24.4,10.3,".358",".340","1","0",".438",".407",27.4,52.9,"94.760901038",29,22.5,"25.7"
"Larnach, Trevor",663616,2026,18.2,10.4,".352",".309","2","2",".394",".353",24.8,44.3,"93.514289046",29.7,26.8,"26.7"
"Smith, Cam",701358,2026,26.1,7.7,".279",".248","2","12",".420",".391",16.9,47.7,"95.013701534",30,29.1,"29.2"
"Schneemann, Daniel",682177,2026,29.4,8.4,".276",".281","2","7",".372",".376",21.7,56.8,"93.514708652",33.4,31.5,"27.6"
"Sogard, Nick",686765,2026,20.2,11.2,".342",".313","1","1",".355",".338",28.8,50.6,"92.356740899",24.5,20.4,"27.6"
"Crow-Armstrong, Pete",691718,2026,25.8,11.4,".372",".327","7","41",".508",".467",20.6,51.4,"95.808047982",34.2,26.3,"29.5"
"Pasquantino, Vinnie",686469,2026,15.8,10.6,".333",".264","0","5",".441",".358",29.3,58.6,"94.360170316",30.6,15.2,"25.8"
"Amador, Adael",691182,2026,12.6,10.5,".362",".284","0","0",".311",".261",21.3,39.8,"92.169791268",24.7,16.2,"26.8"
"Walker, Christian",572233,2026,23.1,8,".299",".251","0","0",".396",".355",20.4,47.6,"94.709357676",31.6,29.1,"26.0"
"Bowen, Jase",687749,2026,39.8,2.9,".188",".226","1","6",".321",".386",15.1,36.1,"93.8467474",43.7,36.6,"29.6"
"Marte, Starling",516782,2026,24.4,5.4,".298",".313","2","2",".364",".343",22,40.3,"94.290100631",35.3,27.9,"25.6"
"Báez, Javier",595879,2026,20.9,3.1,".270",".292","2","1",".325",".317",22.1,52.9,"92.902593904",47.4,30,"27.0"
"Turang, Brice",668930,2026,25.1,13.2,".366",".344","5","19",".428",".411",25.2,48.8,"94.59448968",24.8,23.1,"28.5"
"Thomas, Lane",657041,2026,24.9,11.8,".318",".277","3","9",".365",".359",24.9,59.1,"94.29288566",20.6,22.9,"29.1"
"Alexander, Blaze",677942,2026,21.8,6.6,".358",".385","3","10",".452",".425",25.6,49.9,"95.214491406",30.2,25.3,"28.4"
"Cronenworth, Jake",630105,2026,22.8,8.9,".308",".286","2","9",".308",".302",23.7,41.2,"92.599836434",29,21.3,"28.0"
"Horwitz, Spencer",687462,2026,16.2,12,".344",".274","0","1",".345",".306",29.2,49.4,"92.586667152",24.5,16.4,"24.7"
"Kurtz, Nick",701762,2026,32.5,18.2,".396",".363","1","7",".483",".510",16.9,49.6,"98.206808714",23.3,36.9,"26.6"
"Springer, George",543807,2026,18.4,9.1,".321",".282","2","12",".381",".332",24.2,57,"93.977721355",25.5,23.5,"26.9"
"Vargas, Ildemaro",545121,2026,10.1,5.6,".298",".267","1","3",".363",".305",30.9,52.5,"93.061632394",39.2,15.2,"27.1"
"Matthews, Brice",694728,2026,31.8,6.9,".255",".269","4","4",".338",".349",18,52.7,"93.878187068",25.5,36,"28.6"
"Laureano, Ramón",657656,2026,31.6,9.7,".286",".268","2","7",".409",".411",18.4,46.6,"94.305977731",32.7,31.1,"28.0"
"Melendez, MJ",669004,2026,34.7,11.8,".315",".284","1","0",".317",".346",21.1,58.8,"96.42811507",29.5,34.5,"27.2"
"Johnson, Bryce",669369,2026,36.7,6.1,".229",".296","1","5",".166",".229",11.1,35.9,"89.585648",39.6,32.3,"28.2"
"Halpin, Petey",690984,2026,17.9,4.6,".268",".257","2","10",".377",".335",24,50,"92.330029928",38.6,25.1,"28.5"
"Pederson, Joc",592626,2026,23.6,11.3,".329",".249","0","2",".445",".402",25.6,56,"95.678260401",30.1,30,"25.0"
"Castro, Willi",650489,2026,27,8.6,".331",".336","6","10",".390",".380",17.6,46.7,"94.260288576",37.7,30.8,"28.1"
"Gray, Tristan",656484,2026,31.9,5.3,".267",".313","0","2",".322",".358",15.8,40.4,"93.943316637",39.3,33.9,"26.2"
"Kirk, Alejandro",672386,2026,12.1,10.5,".351",".289","0","1",".368",".313",31.6,51.3,"93.893597884",29.1,15.8,"23.9"
"Maile, Luke",571912,2026,29.2,8.3,".229",".207","0","0",".209",".218",22.4,53.7,"92.187807333",30.4,26.3,"24.7"
"Escarra, J.C.",641555,2026,19.6,6.5,".239",".235","0","0",".308",".287",31.4,59.2,"93.559476212",24.7,28.1,"26.2"
"Marte, Ketel",606466,2026,13.8,8.2,".316",".257","0","4",".461",".373",27.2,58.8,"95.156620819",31.5,19.7,"26.8"
"Abreu, Wilyer",677800,2026,20.7,10.4,".327",".282","4","8",".468",".398",24.3,51,"94.713825411",29.9,24.6,"28.0"
"Hernaiz, Darell",687231,2026,19.7,10.2,".316",".292","0","3",".267",".269",22.4,42.2,"92.100201589",36.2,25.6,"27.8"
"Simon, Ronny",682927,2026,16.2,5.9,".299",".294","0","4",".369",".330",24,37,"93.620068958",40,17.7,"28.7"
"Caminero, Junior",691406,2026,18.4,11.3,".360",".286","3","3",".499",".411",22.9,62.1,"97.122382367",30.5,24.1,"26.7"
"Volpe, Anthony",683011,2026,22.8,10.2,".321",".319","4","12",".334",".328",24.9,56.4,"93.220690982",25.7,25.2,"28.3"
"Cabrera, Oswaldo",665828,2026,36,4,".217",".308","0","1",".207",".270",18.6,47.7,"92.650823846",30.4,24.5,"27.1"
"Altuve, Jose",514888,2026,19.9,7.2,".306",".289","4","5",".325",".301",28.3,54.7,"92.445465658",37.2,22.1,"27.5"
"Spence, Lucas",828599,2026,34.9,11.1,".317",".276","2","0",".389",".411",21.8,52,"95.727673939",24.8,38.3,"28.2"
"Carrigg, Cole",694249,2026,23.9,7.5,".341",".343","5","11",".407",".381",19.1,50.5,"93.743895615",36.3,25.2,"28.7"
"Rojas, Josh",668942,2026,14.8,4.3,".265",".250","0","1",".261",".229",32.6,53.8,"92.04715618",30.4,19.2,"26.2"
"Wood, James",695578,2026,28.7,16.4,".388",".344","4","21",".548",".533",25.4,43.1,"98.576997389",21.3,30.1,"27.1"
"Bell, Josh",605137,2026,19.7,8.2,".319",".289","0","2",".445",".382",25.8,57.3,"94.468238022",29.6,22.8,"26.0"
"Encarnacion, Jerar",666464,2026,22.9,2.9,".200",".231","0","0",".266",".256",17.3,52,"93.634915",43.4,19.3,"26.7"
"Joe, Connor",656582,2026,33.3,13.3,".289",".261","0","2",".397",".457",21.3,46.1,"95.201435417",24.3,24.7,"27.0"
"Callahan, Brett",814430,2026,33.8,8.8,".287",".318","0","1",".375",".401",16.8,29.9,"94.695257778",40.1,29,"28.2"
"Morel, Christopher",666624,2026,33.3,5.7,".229",".258","0","1",".234",".273",18.8,74,"93.995871746",34.7,35.1,"27.7"
"Eaton, Nate",681987,2026,26.7,13.3,".300",".212","0","2",".299",".304",14.5,50.4,"92.983453235",29.1,31.7,"29.5"
"Diaz, Yainer",673237,2026,15.8,3.3,".313",".305","2","0",".416",".354",31.1,55.9,"94.074011696",42.1,22.3,"26.0"
"Martínez, Angel",682657,2026,21.9,3.1,".290",".288","3","11",".401",".363",24,50.3,"93.585370839",42.8,20.7,"27.6"
"Callihan, Tyler",682997,2026,35.5,8.4,".283",".309","0","1",".296",".339",13.3,39.6,"92.268426667",33.5,34.3,"28.0"
"Serna, Jared",691858,2026,25,9.4,".281",".286","0","0",".224",".251",21.1,78.9,"92.893258095",31.1,25.8,"28.7"
"Waldschmidt, Ryan",814439,2026,29.9,7.7,".325",".370","2","7",".356",".382",20.4,42.4,"92.72670512",25,31.7,"29.1"
"Vázquez, Christian",543877,2026,19.9,6.8,".261",".235","0","1",".267",".257",29.7,59.6,"91.672859355",36.5,20,"23.4"
"Genao, Angel",694197,2026,15.1,7.9,".281",".240","0","1",".333",".296",31.7,42.1,"94.899928491",26.7,23,"28.3"
"Correa, Carlos",621043,2026,18.4,12.8,".369",".330","0","1",".459",".403",22,39.7,"94.924922887",32,22.9,"27.2"
"Rocchio, Brayan",677587,2026,14.4,6.4,".313",".274","7","20",".350",".305",27.2,50.2,"92.455591951",33.2,22.1,"27.4"
"Williams, Alika",675961,2026,21.6,4.3,".307",".333","1","2",".299",".289",21.9,44.5,"92.554231818",37.1,22.4,"28.0"
"Montgomery, Braden",695731,2026,19.7,10.4,".312",".272","3","1",".392",".356",25,49.1,"94.25030544",27.4,30.1,"28.4"
"Rice, Ben",700250,2026,24.3,12.7,".363",".295","1","3",".511",".458",27.5,54.9,"95.439571618",24.5,25.4,"26.8"
"Higgins, P.J.",664731,2026,25,6.3,".276",".316","0","0",".326",".364",33.3,50,"90.475419474",18,25.5,
"Bazzana, Travis",683953,2026,20.7,10.8,".335",".286","6","19",".347",".319",25.2,50.1,"93.307251628",27.3,23.2,"28.3"
"Baty, Brett",683146,2026,26.4,9.3,".309",".304","1","5",".412",".395",20.8,47.9,"95.001666187",28.8,29.3,"26.8"
"Schanuel, Nolan",694384,2026,13,9.4,".351",".304","1","1",".389",".340",33.4,50.1,"92.679381893",27.2,16.4,"25.7"
"Jones, Spencer",682987,2026,36.3,8.7,".313",".363","3","10",".455",".489",15.7,43.6,"97.083013248",35.3,38.7,"28.9"