"last_name, first_name","player_id","year","k_percent","bb_percent","on_base_percent","babip","r_total_caught_stealing","r_total_stolen_base","xslg","xwobacon","squared_up_swing","ideal_angle_rate","avg_hyper_speed","oz_swing_percent","whiff_percent","sprint_speed"
"Marte, Starling",516782,2026,27.1,6.3,".354",".419","1","0",".361",".376",25.6,43.6,"95.048934333",33,26.4,"25.0"
"Bart, Joey",663698,2026,33.9,3.2,".290",".361","0","0",".347",".362",15.8,46.5,"93.712531579",32.6,27.4,"26.6"
"Betts, Mookie",605141,2026,12.7,7.3,".255",".128","0","0",".484",".378",48.6,58.6,"94.22131093",18.1,14.1,"25.9"
"McCann, James",543510,2026,27.9,1.6,".203",".268","0","0",".283",".282",28.4,44.1,"95.241327561",45.8,30.6,"25.4"
"Rosario, Amed",642708,2026,20.5,7.2,".313",".286","0","0",".489",".400",22.3,55.4,"95.115813",39.7,25.9,"28.4"
"Correa, Carlos",621043,2026,18.4,12.8,".369",".330","0","1",".459",".403",22,40.1,"94.924922887",32,22.9,"27.2"
"Springer, George",543807,2026,18.3,9.6,".272",".215","1","1",".336",".287",19.3,59.4,"93.294681728",26.7,23.9,"26.3"
"Wynns, Austin",642851,2026,23.3,7,".143",".103","0","0",".365",".340",15.3,51.4,"92.740786552",41.6,26.7,"24.9"
"Domínguez, Jasson",691176,2026,12.5,3.1,".250",".200","0","0",".384",".357",29.6,44.4,"95.408727692",33.3,25.8,"26.8"
"Chapman, Matt",656305,2026,25.4,8.5,".291",".295","1","0",".274",".284",17.7,37.8,"93.407870331",25.9,25.8,"28.0"
"Machado, Manny",592518,2026,21.7,12.2,".279",".196","1","1",".365",".337",21.1,48.1,"95.014728475",29.1,23.9,"24.3"
"Hernández, Heriberto",681715,2026,18.2,12.5,".284",".203","1","3",".404",".353",31.1,67.2,"94.869811167",22,26.7,"28.4"
"Adames, Willy",642715,2026,29.3,3.7,".267",".323","2","1",".374",".371",24.2,65,"93.809185276",32.6,25.9,"27.6"
"Bleday, JJ",668709,2026,14.7,17.3,".440",".311","1","1",".635",".487",28.2,51.3,"96.264550196",20.6,27.1,"27.5"
"Barrosa, Jorge",678489,2026,29.5,8,".267",".275","0","0",".257",".270",21.5,56.3,"91.250141915",29.7,25.5,"28.7"
"Teodosio, Bryce",669326,2026,35.3,5.9,".260",".345","1","4",".236",".278",19.7,43.4,"92.221051111",38.9,39.2,"29.6"
"Hayes, Ke'Bryan",663647,2026,16.5,6.6,".207",".165","0","1",".422",".359",37.9,49.7,"94.092464432",29.1,20.1,"26.9"
"Williams, Carson",700246,2026,36,4,".167",".214","0","0",".201",".275",17.1,61,"92.850607857",34.8,34,"27.2"
"Mangum, Jake",663968,2026,22,8.5,".333",".345","0","5",".305",".326",14.6,27.8,"91.747332157",49.4,23.5,"29.0"
"Aranda, Jonathan",666018,2026,23.7,14.2,".384",".327","0","0",".455",".430",27.6,51.2,"94.191351913",28.7,22.6,"25.2"
"Cole, Zach",805904,2026,40,0,".257",".294","0","0",".576",".582",22.2,48.1,"95.814994",32.8,46,"26.5"
"Andujar, Miguel",609280,2026,18.3,2.4,".317",".344","2","1",".387",".353",27.8,60,"94.197461919",38.8,18.8,"26.9"
"Fermin, Freddy",666023,2026,20.2,9,".258",".213","1","0",".265",".262",24.8,53.9,"92.134080333",35.1,26.4,"26.9"
"McCarthy, Jake",664983,2026,16.2,8.1,".354",".333","2","8",".426",".375",22.4,53.3,"91.919580909",30.9,21.9,"29.8"
"Semien, Marcus",543760,2026,20.3,7.3,".284",".268","1","5",".397",".355",28.1,63.1,"92.607450976",28.2,23.3,"28.1"
"Peraza, Oswald",672724,2026,23.8,6.2,".326",".317","1","5",".403",".385",19.9,54.4,"93.738829167",36.2,29.5,"28.1"
"Freeman, Tyler",671289,2026,12.9,3,".330",".278","1","4",".368",".327",26.6,33.6,"92.824249714",30.8,12,"27.3"
"Bailey, Patrick",672275,2026,24.7,8.2,".206",".172","0","2",".335",".326",23.8,34.4,"93.542754688",30.2,27.2,"24.4"
"Harris, Dustin",687957,2026,13.5,11.5,".333",".270","0","4",".356",".327",37.7,43.5,"90.948051389",31.7,13.8,"28.6"
"Garcia, Maikel",672580,2026,14.4,9.7,".333",".297","3","4",".392",".355",35.2,43,"94.701132055",19.3,15,"27.7"
"Vázquez, Christian",543877,2026,17.8,7.8,".307",".274","0","0",".277",".257",33.1,61.2,"92.252049846",33.3,20.6,"23.0"
"Riley, Austin",663586,2026,26.7,7.3,".283",".265","0","3",".401",".372",23.1,46.7,"95.307612927",32.6,32.2,"27.7"
"Friedl, TJ",670770,2026,23.1,7.5,".268",".235","0","5",".273",".282",28.2,64.5,"92.908443617",26.8,26.3,"26.7"
"Yelich, Christian",592885,2026,26.7,8.3,".350",".395","0","3",".359",".353",20,40,"94.702085789",27.2,28.5,"27.1"
"Arraez, Luis",650333,2026,3.7,6.4,".359",".323","0","4",".368",".297",40.5,55.5,"91.054900427",32,7.9,"26.6"
"Perkins, Blake",663368,2026,22.6,9.7,".213",".150","0","2",".244",".236",26.1,65.6,"92.44316625",34.3,22.3,"28.5"
"Yastrzemski, Mike",573262,2026,24.8,6.8,".286",".295","0","1",".322",".327",27.4,60.8,"94.109313182",29.7,23.7,"27.0"
"White, Eli",642201,2026,19.4,3.2,".258",".261","0","1",".347",".324",23.3,56.3,"92.950339565",30.1,28.2,"30.4"
"Burleson, Alec",676475,2026,16.6,9.3,".342",".307","0","2",".541",".427",30.7,59.7,"95.407357394",34.3,20.4,"25.6"
"Judge, Aaron",592450,2026,27.9,17.2,".406",".315","3","5",".631",".583",20.6,49.7,"97.701590185",25.3,32.9,"26.8"
"Matthews, Brice",694728,2026,31.9,6.7,".254",".265","0","2",".367",".371",20.4,49.5,"94.580773623",25.7,37.1,"28.0"
"Urías, Ramón",602104,2026,17.6,8.8,".279",".159","1","0",".374",".297",28.4,76.5,"93.632823261",25.4,23.5,"26.7"
"Conforto, Michael",624424,2026,23.8,17.5,".444",".429","0","0",".547",".503",30.6,60,"97.530548108",20.4,27.9,"26.2"
"Trammell, Taylor",666211,2026,27.3,12.1,".424",".500","0","1",".331",".339",27.9,58.1,"95.593148421",24.1,32.7,"27.0"
"Kelly, Carson",608348,2026,16.4,11.5,".385",".353","0","0",".407",".350",31.9,48.9,"94.400275517",27.7,22.2,"25.8"
"Rodríguez, Julio",677594,2026,23.8,7.8,".320",".311","2","5",".430",".390",17.6,45.7,"95.200646835",38.3,28.5,"28.8"
"Reyes, Felix",694025,2026,23.7,0,".158",".179","0","0",".314",".305",22.6,45.2,"93.637018966",52.9,27.5,"28.3"
"Laureano, Ramón",657656,2026,31.1,9.6,".299",".301","0","4",".412",".411",19.6,48.1,"94.461068571",32.3,30.4,"28.0"
"Jackson, Jeremiah",669236,2026,21.7,2.1,".259",".265","1","1",".394",".351",26.6,60.1,"94.358969813",39.1,27.6,"26.6"
"Lowe, Nathaniel",663993,2026,25.5,10.8,".324",".271","0","0",".493",".462",21.6,55.1,"95.511388525",26.2,24.7,"25.5"
"Narváez, Carlos",665966,2026,28.1,6.3,".284",".293","0","1",".361",".369",22,45.7,"94.06286678",37.6,28,"25.1"
"McLain, Matt",680574,2026,22.5,12.3,".323",".263","2","6",".387",".362",27.1,58.4,"93.268365254",22.3,23.9,"28.6"
"Pederson, Joc",592626,2026,24.6,15.1,".333",".264","0","0",".376",".378",24.2,51,"95.656047568",25.8,33.6,"25.9"
"Freeland, Alex",690976,2026,28.6,9.8,".309",".323","0","0",".356",".364",26,52,"93.716903485",22.5,29.4,"26.9"
"Mayo, Coby",691723,2026,31.3,8.6,".258",".236","0","1",".345",".364",17.7,48,"96.317382763",28.5,31.5,"28.1"
"Brito, Juan",682877,2026,30.4,7.1,".250",".265","0","0",".287",".318",20.6,58.8,"92.606637941",35.2,32.5,"26.5"
"Espinal, Santiago",669289,2026,12.8,0,".216",".226","0","0",".361",".304",32.8,64.2,"92.522450938",35,14.5,"26.7"
"Wilson, Jacob",805779,2026,11.9,3,".311",".317","0","2",".339",".299",31.4,39.6,"92.122782714",43.2,15.6,"27.1"
"Realmuto, J.T.",592663,2026,16.3,5.8,".288",".260","0","0",".339",".302",29.1,51.5,"93.624768718",33.5,23.3,"28.2"
"Lewis, Royce",668904,2026,29.3,10.3,".267",".215","0","3",".327",".350",19.4,70.7,"94.301476176",31.6,37.9,"27.3"
"Sheets, Gavin",657757,2026,20.6,8.8,".316",".261","0","3",".436",".377",25.1,45.8,"94.429656105",35,21.5,"26.6"
"Wetherholt, JJ",802139,2026,17.6,11.3,".358",".252","0","5",".434",".363",26.2,63.9,"93.959190597",23.6,23.8,"27.4"
"Carroll, Corbin",682998,2026,22.6,14.7,".384",".337","1","6",".467",".416",22.9,66,"94.506809633",30.7,30.6,"29.5"
"Giménez, Andrés",665926,2026,15.4,2.6,".271",".258","0","5",".319",".285",27.9,47.2,"91.867479516",43.5,23,"27.5"
"Jeffers, Ryan",680777,2026,16.3,15.6,".400",".303","0","1",".489",".403",25.7,53,"95.510489684",23.8,16.8,"26.3"
"Mitchell, Garrett",669003,2026,37.1,15.4,".345",".385","3","6",".381",".460",16.6,61,"96.824054848",18.4,37.5,"29.6"
"Alvarez, Yordan",670541,2026,15.1,14.1,".429",".317","0","1",".744",".571",25.8,48.7,"97.542073214",27.3,19.5,"24.6"
"Story, Trevor",596115,2026,32.4,4.5,".244",".290","0","4",".309",".340",20.6,51.1,"93.840743853",44,31.7,"27.9"
"Antonacci, Sam",803011,2026,12.3,6.6,".385",".320","3","3",".482",".406",32.2,49,"93.372359733",22.1,17.2,"28.2"
"Vargas, Ildemaro",545121,2026,10.3,3.2,".359",".344","0","1",".441",".360",34.4,55.7,"93.216631692",43.1,14.8,"27.0"
"Peña, Jeremy",665161,2026,13,6.5,".304",".297","0","1",".449",".391",26.1,67.4,"92.871165405",31.1,21.6,"28.4"
"Barger, Addison",680718,2026,25,17.9,".214",".063","0","0",".185",".229",19.6,52.2,"94.880101875",35.5,23.1,"26.1"
"Soderstrom, Tyler",691016,2026,21,9.9,".282",".227","0","1",".433",".370",26,55.8,"95.476963659",30.6,24.6,"26.8"
"Albies, Ozzie",645277,2026,12.2,7.1,".332",".277","3","0",".377",".302",28.7,55.5,"92.464933654",37.4,22.3,"27.2"
"Escarra, J.C.",641555,2026,23.4,6.4,".234",".242","0","0",".386",".364",25,59.2,"94.419129394",28.4,33,"26.2"
"Torrens, Luis",620443,2026,22.2,4.8,".242",".250","0","0",".302",".298",27.8,50,"94.401896364",38.2,25,"26.4"
"Burger, Jake",669394,2026,26.9,5.1,".269",".270","0","1",".387",".365",22.7,60.5,"95.369914915",41.1,34.5,"27.1"
"Larnach, Trevor",663616,2026,18,16.4,".393",".325","1","2",".342",".311",26.8,42.3,"92.782373924",28.4,28.1,"26.5"
"Piñango, Yohendrick",682818,2026,12.8,6.4,".404",".405","0","0",".410",".366",27.9,23.5,"95.213419737",34.8,17.5,"26.9"
"Hill, Derek",656537,2026,27.8,11.1,".340",".310","4","5",".445",".458",23.5,44.4,"94.030914444",34.9,31.1,"29.0"
"Robert Jr., Luis",673357,2026,17.3,13.3,".327",".258","2","2",".377",".332",22.8,51.3,"95.562142647",32.1,25.6,"29.0"
"Young, Jacob",696285,2026,17,4.8,".268",".246","1","2",".378",".338",35.3,60.4,"92.854751626",25.6,21,"29.3"
"Lee, Jung Hoo",808982,2026,11.6,5.3,".307",".283","0","0",".374",".329",37.5,35.4,"92.541865974",29.7,14.2,"27.2"
"Benintendi, Andrew",643217,2026,29.8,7.1,".277",".302","0","0",".442",".431",24,46.5,"94.556561034",35.6,30.3,"26.6"
"Alexander, Blaze",677942,2026,29.7,5.9,".296",".361","1","4",".352",".412",20.4,51.4,"94.7936755",29.8,34.4,"28.2"
"Triolo, Jared",669707,2026,19.2,5.8,".294",".297","0","1",".278",".274",26.1,52.2,"92.966906286",18.5,24.7,"28.4"
"Busch, Michael",683737,2026,22.3,14.7,".350",".294","0","1",".387",".356",28.2,52.9,"93.749803279",25.4,25.8,"25.6"
"Contreras, William",661388,2026,12.1,10.4,".357",".307","0","0",".424",".347",29.8,60.3,"94.762099929",27.1,18.6,"24.9"
"Beck, Jordan",687597,2026,25,5.7,".227",".233","1","2",".319",".319",16.6,51.6,"92.250080508",41,29.3,"28.2"
"Steer, Spencer",668715,2026,20.7,8,".333",".298","0","2",".551",".465",30,58,"94.487136983",24.9,24.6,"28.3"
"Murray, Tanner",695020,2026,21.2,6.1,".281",".238","0","0",".390",".323",31,64.3,"94.571662381",32.1,32,"26.9"
"Santana, Carlos",467793,2026,30.8,7.7,".154",".125","0","0",".192",".217",20.8,58.3,"93.358594375",35.7,29.6,"23.7"
"Hedges, Austin",595978,2026,23.1,10.8,".338",".333","1","1",".283",".301",25.5,61.7,"93.456614651",27.6,28,"24.4"
"Dingler, Dillon",693307,2026,19.3,6.8,".314",".257","0","0",".560",".462",27.6,58.6,"95.681109286",33,20.5,"27.6"
"Raleigh, Cal",663728,2026,31.5,9.9,".243",".192","1","2",".387",".374",13.7,45.8,"93.452052547",37.8,30.5,"25.8"
"Romo, Drew",691011,2026,21.3,17,".340",".125","0","0",".455",".393",21.1,49.3,"93.040579286",27,28.7,"26.2"
"Happ, Ian",664023,2026,31.3,17.2,".374",".311","0","2",".488",".481",19.9,46.4,"95.490204",23.6,34.5,"27.6"
"Hays, Austin",669720,2026,29.5,2.3,".250",".310","1","0",".365",".406",23.1,60.3,"94.630878",39.4,37.1,"27.3"
"Ohtani, Shohei",660271,2026,23.5,15.8,".379",".299","0","6",".507",".467",26.1,53.9,"96.044095044",30,28.7,"27.3"
"Lockridge, Brandon",663604,2026,26,10.4,".368",".417","0","5",".284",".322",16.6,46.5,"93.586164909",29.8,27.6,"29.2"
"Jung, Josh",673962,2026,15.6,6.4,".358",".344","1","1",".455",".389",34,58.5,"94.535474812",31.6,16.8,"25.9"
"Joe, Connor",656582,2026,24.2,15.2,".333",".263","0","1",".461",".449",23.6,47.3,"95.1325965",25.6,21,"26.7"
"Walker, Christian",572233,2026,19.5,9.5,".342",".279","0","0",".469",".387",25,47.5,"95.526560977",29,28.2,"25.9"
"Merrill, Jackson",701538,2026,26.6,8.2,".275",".265","0","8",".409",".389",17.7,45.7,"94.786309914",36.4,28.7,"28.6"
"Neto, Zach",687263,2026,30.7,13.2,".340",".312","4","7",".391",".401",20.2,35,"93.745075217",31.7,30.1,"27.2"
"Pages, Andy",681624,2026,20.5,7,".357",".336","1","6",".478",".424",24,44.3,"95.549111591",35.3,24.3,"28.2"
"Harper, Bryce",547180,2026,16.6,13.5,".378",".290","1","2",".583",".465",20.8,48.1,"94.464435778",35.6,27,"27.0"
"Rojas, Miguel",500743,2026,11,5.5,".319",".305","1","0",".388",".335",34.5,48.2,"93.244609483",34.7,18.6,"26.1"
"Schanuel, Nolan",694384,2026,16.2,6.7,".302",".284","1","0",".360",".328",30.8,49.5,"92.51781125",26.6,18.5,"26.0"
"Soler, Jorge",624585,2026,32.6,10.7,".320",".292","0","0",".397",".409",17.1,52.2,"94.945942268",27.1,38,"25.8"
"Sánchez, Gary",596142,2026,20.4,18.5,".361",".203","0","0",".431",".367",25.2,61.8,"94.355875156",19.9,27.5,"24.3"
"Duran, Jarren",680776,2026,26.2,6.4,".238",".218","0","9",".363",".351",21.6,48.2,"94.880351071",37.6,34,"29.0"
"Jones, Jahmai",663330,2026,35.2,5.6,".241",".267","2","0",".509",".527",23.9,54.3,"96.79976875",32,28.7,"28.2"
"Griffin, Konnor",804606,2026,28,6.8,".317",".350","0","10",".414",".405",19.2,45.3,"94.198318614",36,34.1,"29.8"
"Cowser, Colton",681297,2026,32.2,12.2,".270",".265","1","0",".292",".320",17.7,36.1,"93.603573673",29,38,"28.1"
"Collins, Isaac",686555,2026,25.5,13.4,".349",".298","3","2",".334",".354",27.4,39.5,"94.802666207",17.4,26.1,"27.6"
"Marsh, Brandon",669016,2026,18.8,4.2,".358",".385","0","3",".460",".401",29.2,44.9,"94.501626371",39.5,19.3,"28.1"
"Peters, Tristan",671976,2026,22.8,7,".315",".342","0","4",".320",".316",25,61.2,"92.736806912",34.1,24.8,"28.8"
"Jansen, Danny",643376,2026,27.2,9.7,".304",".259","1","0",".264",".267",23,55.9,"92.971010333",21.4,25.1,"26.9"
"Rooker, Brent",667670,2026,31.5,11.3,".290",".246","0","2",".429",".427",18,43.7,"95.278558",29.4,39.3,"27.4"
"Amaya, Miguel",665804,2026,21.5,12.7,".372",".289","0","0",".328",".307",23.2,58.7,"92.3269075",27,27.4,"25.0"
"Tena, José",677588,2026,28.7,6.9,".322",".358","0","0",".424",".422",23.9,34.6,"97.096025455",31,33.5,"27.6"
"Rutschman, Adley",668939,2026,16.5,5.8,".314",".276","0","0",".441",".373",30.9,45.7,"94.119747391",27.7,14.7,"26.6"
"DeLauter, Chase",800050,2026,9.1,12.6,".366",".275","0","0",".445",".360",34.5,42.1,"94.246230963",18.6,14.3,"26.9"
"Heineman, Tyler",623168,2026,20.9,1.5,".190",".196","0","0",".221",".230",24.3,50.5,"90.490707556",44.2,21.5,"25.6"
"Black, Tyler",672012,2026,25,3.6,".357",".450","0","0",".229",".233",21.7,43.5,"91.1716985",32,23.1,"28.0"
"Wong, Connor",657136,2026,19.3,7,".327",".316","0","1",".277",".262",23,48.3,"93.400923158",36.8,24.2,"27.3"
"Fraley, Jake",641584,2026,27.8,8.9,".300",".309","0","3",".345",".338",18.6,46.4,"91.579935614",21.7,21.8,"28.3"
"Fortes, Nick",663743,2026,14.4,1.8,".315",".326","0","0",".347",".317",27.4,42.3,"95.059491124",37.4,17,"26.3"
"Moniak, Mickey",666160,2026,25.5,6,".356",".341","0","1",".503",".427",23.4,52.6,"94.6972645",41.6,28.6,"28.1"
"Clarke, Denzel",672016,2026,40,6.7,".228",".310","0","2",".190",".286",20.5,46.6,"96.632126429",29,35.8,"28.5"
"Outman, James",681546,2026,35.6,6.7,".244",".308","1","4",".239",".288",14.8,46.6,"91.460300385",28.9,33.3,"27.9"
"Melendez, MJ",669004,2026,36.4,12.1,".354",".400","1","0",".329",".372",21.6,63.8,"97.155809063",29.3,38.5,"27.0"
"Frazier, Adam",624428,2026,28.2,8.5,".319",".341","0","0",".248",".273",20.9,45.7,"90.853466829",36.2,23.7,"26.3"
"Contreras, Willson",575929,2026,28,11,".363",".309","0","1",".518",".501",17.6,49.7,"96.157810792",31.4,34.3,"26.8"
"Karros, Kyle",691720,2026,24,14.7,".333",".297","0","2",".363",".379",23.5,42.2,"94.175342308",24.5,25.5,"27.1"
"Williamson, Ben",810938,2026,18.9,11,".349",".341","1","4",".348",".334",27.6,36.8,"93.91609931",29.5,16.7,"28.2"
"Guerrero Jr., Vladimir",665489,2026,11.6,11.6,".370",".312","0","3",".435",".365",24.5,36.4,"95.366347972",30.4,20.1,"26.0"
"d'Arnaud, Travis",518595,2026,17.5,7.5,".300",".222","0","0",".436",".354",29,58.1,"92.812057143",28.4,27.5,"25.0"
"Ramírez, Agustín",682663,2026,21.7,10.1,".318",".286","1","3",".312",".305",19.2,51.2,"95.046452907",26.6,31,"27.3"
"Rushing, Dalton",687221,2026,29.1,6.3,".342",".293","0","0",".471",".455",21.3,54.1,"94.914145532",36.3,31.2,"27.7"
"Martínez, Angel",682657,2026,20.9,3.9,".313",".290","2","8",".424",".377",20,47.5,"94.475688692",40.2,18.2,"27.8"
"Gurriel Jr., Lourdes",666971,2026,15.7,9.6,".289",".258","0","1",".333",".306",26.2,47.7,"93.032245484",39,26.1,"25.9"
"Nimmo, Brandon",607043,2026,19.5,9.5,".347",".320","1","1",".479",".424",27.8,49.8,"95.713432652",28,23.1,"28.0"
"Thomas, Alek",677950,2026,23,3,".222",".217","0","4",".397",".359",27.4,58,"94.664877647",42.5,26.7,"27.8"
"Wilson, Weston",642215,2026,29.4,17.6,".412",".412","1","2",".382",".435",12.3,61.4,"94.336463125",32.9,33.8,"27.0"
"Kayfus, CJ",692216,2026,32,8,".280",".231","0","0",".427",".391",16,38,"94.712108571",34.5,37.9,"27.4"
"Shewmake, Braden",669699,2026,15.6,0,".341",".353","0","0",".412",".340",35,67.5,"93.698031111",58.8,20.7,"27.4"
"Stewart, Sal",701398,2026,19.4,12.4,".328",".244","0","10",".509",".425",22.7,55.2,"94.811879924",30.3,25.2,"26.5"
"Clement, Ernie",676391,2026,7.8,3.3,".311",".304","0","1",".368",".301",35.7,61.7,"92.108523185",44.2,15.1,"27.5"
"Meyers, Jake",676694,2026,18.6,9.3,".326",".276","2","1",".456",".368",25.4,52.2,"92.554442",31.7,25,"27.8"
"Vargas, Miguel",678246,2026,16.1,15.5,".373",".237","0","6",".551",".429",26.5,61.9,"94.97408062",16.7,17.9,"28.3"
"Altuve, Jose",514888,2026,18.9,10.3,".326",".288","2","1",".374",".342",28.7,50.6,"93.267306",33.3,24.7,"27.9"
"Okamoto, Kazuma",672960,2026,28.6,11.4,".319",".277","0","0",".491",".461",26.1,56,"96.843591351",24.6,31.3,"26.2"
"Basallo, Samuel",694212,2026,26.1,8.7,".341",".345","0","0",".469",".437",27,54.4,"96.886982809",36.8,33.1,"25.4"
"Smith, Will",669257,2026,17.4,10.1,".336",".291","0","0",".482",".421",29.3,65.5,"94.340947664",23.2,17.4,"27.0"
"Benson, Will",666181,2026,29.5,17,".333",".256","1","1",".406",".422",20.6,50.7,"94.78479",19.4,33.3,"28.2"
"Suárez, Eugenio",553993,2026,30,9,".300",".310","0","0",".333",".347",18.5,46.5,"92.371943793",28,32.6,"25.8"
"India, Jonathan",663697,2026,22.4,13.8,".310",".182","0","0",".289",".270",24.4,56.1,"92.357829714",17.9,22.6,"27.7"
"Muncy, Max",571970,2026,23.7,13.6,".373",".298","0","0",".608",".523",27.5,51.4,"96.145351038",25,28.1,"27.3"
"McGuire, Reese",624512,2026,26.5,5.9,".273",".250","0","0",".215",".257",14.6,41.7,"89.0789435",37.5,21.8,"25.2"
"Grisham, Trent",663757,2026,18.8,15.9,".301",".174","1","2",".428",".348",42,59.5,"95.499300261",14.4,17.9,"26.6"
"Reynolds, Bryan",668804,2026,22.6,17.1,".392",".333","0","3",".413",".388",23.3,42.6,"95.071685508",23.1,29.8,"27.9"
"Carter, Evan",694497,2026,21,14.8,".302",".189","0","6",".364",".325",23.9,44.5,"93.748723776",20.2,25,"28.4"
"Kwan, Steven",680757,2026,11.5,13,".316",".229","1","2",".282",".255",38.6,39.5,"89.804542464",22,7.9,"26.5"
"Alonso, Pete",624413,2026,24.1,10.8,".308",".254","0","1",".463",".409",25.9,57.5,"96.715168651",26.3,28.9,"25.2"
"Rogers, Jake",668670,2026,29.8,6.4,".213",".207","0","1",".293",".284",23.6,65.3,"92.589015172",29.3,28,"26.1"
"Manzardo, Kyle",700932,2026,30.5,9.2,".298",".309","0","0",".412",".417",23.5,50.8,"93.745237805",28.7,29.7,"25.7"
"Campusano, Luis",669134,2026,25.9,8.6,".362",".353","0","0",".449",".418",18.6,67.4,"94.94082027",35.3,29.5,"25.8"
"Eldridge, Bryce",805811,2026,33.3,11.1,".185",".071","0","0",".279",".344",23.8,45.2,"96.060431333",41.8,33.3,
"Grissom, Vaughn",687093,2026,10.5,11.6,".330",".254","0","0",".437",".351",31.8,56.1,"94.887672917",24.6,19.6,"26.6"
"Straw, Myles",664702,2026,13.6,11.1,".362",".310","1","1",".418",".357",35.6,54.4,"92.634969483",22,12.2,"29.5"
"Carpenter, Kerry",681481,2026,34.2,9.4,".299",".276","0","0",".398",".409",22.3,40.9,"94.830653333",32.7,34.2,"26.7"
"Thomas, Colby",687515,2026,21.9,6.3,".387",".429","0","0",".406",".363",23.6,41.8,"94.358436818",45.2,33.3,"27.9"
"Arozarena, Randy",668227,2026,23.2,10.1,".394",".393","2","12",".370",".369",26.6,57.3,"94.76887136",32.7,28.8,"26.9"
"Donovan, Brendan",680977,2026,14.9,10.9,".386",".299","1","1",".384",".335",29.4,67.6,"92.458882059",25.3,20.4,"25.2"
"Rivero, Sebastián",665861,2026,17.9,3.6,".185",".190","0","0",".240",".242",15.6,56.3,"90.824014762",49.3,28,"25.7"
"Torres, Gleyber",650402,2026,15.3,17.4,".389",".298","0","0",".368",".329",27.4,55.2,"91.514231042",16.7,20.3,"25.1"
"Tovar, Ezequiel",678662,2026,27.6,4.9,".252",".280","0","3",".380",".374",17.4,45.3,"93.706311776",45,30.3,"27.8"
"Sosa, Edmundo",624641,2026,23,2.7,".257",".296","0","2",".406",".399",21.1,57.1,"94.092524182",56.6,23.2,"28.2"
"Raley, Luke",670042,2026,33.8,6.2,".333",".333","1","1",".610",".606",17.8,55.2,"96.809365694",31.4,44.8,"28.4"
"Refsnyder, Rob",608701,2026,28.1,9.4,".203",".132","0","0",".297",".309",21.9,59.4,"93.264123",22,26.6,"26.5"
"Goodman, Hunter",696100,2026,34.9,6.4,".314",".333","2","1",".426",".443",17.9,63.6,"96.343298969",43.9,34.3,"27.2"
"Hernández, Teoscar",606192,2026,27.5,9,".341",".354","0","1",".415",".409",23.8,50.2,"94.316894369",26.6,30.2,"28.3"
"Harris II, Michael",671739,2026,19.5,4.5,".331",".330","0","2",".592",".489",27.2,48.2,"98.022286522",43.2,27.2,"27.1"
"Rodriguez, Jesus",683679,2026,13.3,3.3,".267",".217","0","1",".351",".328",24,46,"91.49739875",36.5,24.1,"27.6"
"Arenado, Nolan",571448,2026,19.6,9.5,".348",".308","0","0",".404",".363",21.6,55.2,"92.265080364",30.8,24,"25.3"
"Johnson, Bryce",669369,2026,38.7,9.7,".267",".333","1","4",".122",".176",14.3,50,"89.896304286",29.8,42.6,"27.3"
"Lowe, Brandon",664040,2026,22.9,12.8,".346",".255","0","0",".506",".435",22.9,49.2,"94.743097368",32.5,34.6,"27.1"
"Moncada, Yoán",660162,2026,35,13,".309",".288","0","0",".295",".340",21.5,35.6,"94.774859508",21.1,29.6,"26.4"
"Meidroth, Chase",805367,2026,23.4,10.3,".344",".348","0","1",".336",".343",30.4,54.5,"93.105265776",24,19.9,"27.0"
"Bogaerts, Xander",593428,2026,16.4,9.6,".333",".282","0","5",".432",".369",27.4,52.2,"93.95291313",26.5,21.4,"27.1"
"Lowe, Josh",666139,2026,29.4,5,".220",".208","0","1",".328",".319",16.8,45.3,"92.909063243",35.3,27.7,"26.9"
"Fermín, José",665877,2026,19,12.1,".316",".263","0","0",".262",".250",32.9,72,"92.207616923",20.3,13.7,"27.0"
"Grichuk, Randal",545341,2026,24.5,1.9,".245",".229","0","0",".629",".525",31,66.7,"96.171857895",33.3,25.8,"26.9"
"Turner, Trea",607208,2026,21.4,7,".289",".286","1","6",".337",".323",28.6,68.4,"93.809137292",35.6,26,"29.9"
"Bell, Josh",605137,2026,24.2,7.9,".275",".265","0","1",".387",".353",22.1,57.1,"94.0227135",31.5,27.3,"25.5"
"Greene, Riley",682985,2026,27.2,13.6,".419",".459","1","1",".496",".481",21,44.5,"95.813556106",25.1,29.3,"26.8"
"Alvarez, Francisco",682626,2026,21.9,8.6,".317",".284","0","0",".464",".400",24.3,62.1,"95.197465412",30.7,28.5,"25.7"
"Ward, Taylor",621493,2026,18,21,".424",".341","2","1",".374",".351",36.3,50.2,"93.560821935",10.8,15.8,"27.4"
"Swanson, Dansby",621020,2026,21.1,13.1,".297",".204","0","3",".396",".345",28.1,60.4,"94.561390536",24.2,29,"27.9"
"Jiménez, Eloy",650391,2026,20,8.6,".343",".360","0","0",".289",".275",23.7,42.4,"93.9795348",39.2,29.9,"26.0"
"Wells, Austin",669224,2026,25,14.8,".297",".216","0","0",".368",".352",22.6,50.7,"95.1442056",27.9,27.8,"25.1"
"Smith, Josh",669701,2026,18.5,13,".324",".274","1","2",".330",".305",24.6,51.4,"93.612446901",30.7,22.5,"27.3"
"Canzone, Dominic",686527,2026,21.3,9.3,".324",".286","1","1",".492",".422",28.7,56.7,"96.375612838",31.4,31.6,"26.3"
"Chourio, Jackson",694192,2026,31.9,6.4,".362",".464","0","1",".518",".469",19.3,55.4,"96.009691034",41,29,"28.1"
"Freeman, Freddie",518692,2026,12.9,9.7,".339",".288","0","1",".524",".406",32.5,44.8,"95.155863077",29.4,20.8,"24.6"
"Cortes, Carlos",666126,2026,9.9,8.1,".396",".349","0","1",".508",".402",31.8,43.6,"94.773423182",23.9,20.7,"26.0"
"Susac, Daniel",691740,2026,14.3,3.6,".429",".478","1","0",".465",".409",28.9,51.1,"93.593656087",37,21.2,"26.7"
"Keith, Colt",690993,2026,23.1,5.2,".343",".400","0","1",".401",".380",36.2,50.3,"94.945788404",23.6,23.8,"28.2"
"Allen, Nick",669397,2026,17.6,5.9,".265",".269","0","0",".295",".298",30,57.5,"93.110374231",12.2,22,"27.1"
"McMahon, Ryan",641857,2026,32,9.4,".266",".264","0","1",".329",".349",23.9,53.1,"95.408482432",29.2,31.6,"25.9"
"Vientos, Mark",668901,2026,20.4,5.1,".277",".253","0","0",".556",".452",26.7,64.6,"95.28471901",33.1,28.4,"25.7"
"Sosa, Lenyn",672820,2026,21.1,0,".213",".260","0","0",".380",".332",25.3,48.3,"93.755694459",53.3,22.4,"26.8"
"Caratini, Victor",605170,2026,19.7,8.2,".287",".232","0","0",".366",".355",31,55.6,"93.504999398",27.3,20.1,"24.2"
"Frelick, Sal",686217,2026,12.6,10.1,".301",".233","2","1",".321",".276",31.4,48.9,"92.13878",22.2,11.6,"28.6"
"Isbel, Kyle",664728,2026,22.8,5.5,".325",".333","0","5",".350",".343",27.7,39.5,"92.909360617",34.3,20.3,"27.2"
"Duran, Ezequiel",677649,2026,23.2,9.6,".339",".338","1","4",".359",".359",23.8,43,"95.001270494",34.3,32.6,"28.8"
"Walker, Jordan",691023,2026,27.4,10,".379",".371","3","7",".550",".510",21.1,55.6,"97.798600932",34.5,33.7,"28.9"
"Beavers, Dylan",687637,2026,23.5,11.8,".331",".311","1","3",".365",".349",23.6,44.1,"93.790126053",23.9,23.4,"29.0"
"Bader, Harrison",664056,2026,32.4,2.8,".169",".163","0","0",".361",".387",22,50.8,"94.229576957",43.1,36.1,"27.5"
"DeLuca, Jonny",676356,2026,21.9,4.8,".298",".324","1","6",".368",".350",17.8,51.7,"93.399969459",36.9,25.9,"29.0"
"Marte, Ketel",606466,2026,17.2,7.2,".272",".237","0","0",".452",".388",25.8,55,"95.863811778",34.7,22.8,"26.2"
"Chisholm Jr., Jazz",665862,2026,28.7,9.4,".298",".299","3","12",".313",".319",22.6,62,"93.653826038",28.1,31.4,"28.3"
"Sanoja, Javier",691594,2026,11,8,".320",".296","1","2",".282",".249",35.5,49.3,"93.119232222",40,13.1,"28.5"
"Quero, Edgar",700337,2026,25.2,8.7,".248",".206","0","1",".226",".249",25.6,52.9,"93.075139344",27.7,26,"24.0"
"Schneemann, Daniel",682177,2026,28.8,11.4,".348",".360","2","3",".435",".438",23.5,56.3,"93.976312785",31.4,32.2,"27.4"
"Sullivan, Brett",664954,2026,23.6,5.6,".268",".286","0","0",".276",".282",26.2,58.2,"91.930101875",39.7,24.3,"28.0"
"Massey, Michael",686681,2026,20,3.3,".233",".227","0","1",".417",".339",32.2,59.2,"94.353597826",38.6,24.9,"26.7"
"Higashioka, Kyle",543309,2026,30.1,8.2,".260",".273","0","0",".315",".335",27,53.9,"94.307430455",33.3,31.1,"24.2"
"Torkelson, Spencer",679529,2026,32.8,14.1,".322",".279","1","0",".427",".444",20.8,54,"95.218666264",18.3,28.7,"26.1"
"Durbin, Caleb",702332,2026,15.5,7.1,".247",".193","2","4",".270",".252",31.6,64.6,"92.226763009",26.3,16,"28.1"
"Lee, Brooks",686797,2026,16.8,6.6,".307",".281","1","3",".327",".288",28.7,52.1,"92.229711129",34.4,20.4,"26.4"
"Davis, Henry",680779,2026,17.5,10.7,".255",".159","0","1",".337",".295",24.6,61.1,"94.997417465",29.1,20.4,"27.8"
"Lopez, Otto",672640,2026,16.8,3.7,".368",".393","3","5",".462",".387",31,47.3,"95.048287973",35.2,21,"28.4"
"Haggerty, Sam",664059,2026,39.4,3,".212",".278","0","1",".169",".233",14.5,47.3,"90.64117875",35.6,36.4,"28.0"
"Pasquantino, Vinnie",686469,2026,19,10.6,".286",".220","0","1",".389",".333",27.3,59.9,"93.923986336",32.3,17.4,"25.3"
"Hicks, Liam",689414,2026,8.8,7.5,".350",".262","0","1",".429",".340",38.1,52,"93.295626538",26.2,10.1,"25.6"
"Bohm, Alec",664761,2026,14.1,6.5,".259",".215","0","0",".304",".274",35.8,50.7,"93.804994091",24.4,16.4,"26.4"
"Walls, Taylor",670764,2026,22.9,11,".310",".292","2","6",".218",".233",24.7,50,"90.471760725",25.7,20.4,"27.8"
"Benge, Carson",701807,2026,20.7,7.3,".300",".295","1","8",".396",".359",26.2,37.9,"94.998580926",28,19.9,"28.5"
"Taylor, Tyrone",621438,2026,18.3,2.4,".203",".200","1","0",".323",".282",29.2,63.4,"92.59486629",39.7,23.5,"28.9"
"Gorman, Nolan",669357,2026,27.7,10.8,".313",".299","0","0",".414",".398",20.7,47.3,"94.994067745",30.3,35.2,"25.0"
"Turang, Brice",668930,2026,20.8,16.9,".414",".358","2","9",".510",".451",29.1,52.7,"95.74306009",21.2,17.8,"28.6"
"Herrera, Iván",671056,2026,16.5,14.1,".398",".308","0","1",".410",".363",25.9,48.1,"94.753391343",25.8,21,"25.5"
"Witt Jr., Bobby",677951,2026,17,11.2,".383",".348","3","13",".538",".455",27.4,44,"96.67641",33.5,23.9,"30.4"
"Varsho, Daulton",662139,2026,18.7,8.4,".325",".289","0","3",".380",".347",19.4,55.4,"93.631877881",36.3,20.4,"27.3"
"Millas, Drew",686452,2026,28.2,7.7,".237",".234","0","0",".274",".301",21.1,41.2,"91.159002889",31.5,24.6,"27.5"
"Rafaela, Ceddanne",678882,2026,22.5,5.6,".350",".352","4","3",".362",".346",25.5,59.2,"93.009963774",34.9,25.3,"28.8"
"Crawford, J.P.",641487,2026,15.4,17.2,".361",".226","2","1",".430",".365",30.2,45.8,"93.523954862",17,14.1,"25.5"
"McGonigle, Kevin",805808,2026,12.9,13.9,".397",".333","0","7",".477",".379",31.1,52,"93.448146357",19.1,13.2,"28.1"
"Mauricio, Ronny",677595,2026,37.5,0,".219",".316","0","0",".330",".359",15.7,57.1,"94.6595735",53.6,29.5,"25.4"
"Seager, Corey",608369,2026,27.5,12.1,".286",".208","0","1",".442",".407",23.2,60.8,"95.473544815",28.8,35.2,"25.0"
"Acuña Jr., Ronald",660670,2026,20.4,13.2,".362",".313","4","7",".485",".427",22.5,57.5,"94.926903367",25.3,28.2,"26.8"
"Hernaiz, Darell",687231,2026,17.9,10.3,".342",".321","0","2",".268",".261",19.7,44.4,"91.464415741",38.3,19.8,"27.9"
"Yoshida, Masataka",807799,2026,8.7,13,".370",".286","0","1",".277",".243",38.9,49.1,"93.795089143",22.2,10.7,"26.2"
"Caballero, José",676609,2026,19.7,5.4,".320",".304","5","13",".336",".309",23.3,51.8,"92.447222755",34,27.7,"28.2"
"Doyle, Brenton",686668,2026,33.1,8.5,".271",".309","2","8",".274",".320",16.7,58.6,"93.681076769",36.2,31.8,"28.8"
"Edwards, Xavier",669364,2026,10.8,12.9,".404",".343","2","4",".422",".341",40.1,52.2,"93.075107586",20.9,15.3,"28.1"
"Ramírez, José",608070,2026,13.5,15.9,".353",".237","2","20",".463",".379",25.2,56.6,"94.293063056",30.6,16.5,"27.2"
"Ortiz, Joey",687401,2026,19.6,7.5,".248",".227","2","4",".268",".286",24.5,34.6,"92.530058378",34.4,18,"28.6"
"Butler, Lawrence",671732,2026,27.3,12.6,".280",".229","2","4",".348",".360",19.5,38.1,"95.61285381",23.1,30.1,"26.4"
"Marte, Noelvi",682622,2026,32.3,6.5,".194",".211","1","1",".149",".188",17.7,59.7,"92.962525263",47.4,31.9,"28.9"
"Bregman, Alex",608324,2026,17.1,11.2,".341",".296","0","2",".415",".358",37,65.2,"94.362796414",19.7,17.7,"25.8"
"Morel, Christopher",666624,2026,33.3,4.8,".214",".240","0","1",".217",".267",24.2,75.8,"94.5098176",31.6,32.9,"26.0"
"Gilbert, Drew",687551,2026,21.2,7.1,".298",".281","0","0",".314",".302",20.3,38.2,"92.439821404",29.7,26.2,"26.7"
"Feduccia, Hunter",676439,2026,32.2,11.9,".351",".400","0","0",".267",".341",23.7,54.8,"92.276413103",28.8,26.1,"27.4"
"Pauley, Graham",688363,2026,23.5,6.2,".225",".218","1","1",".228",".219",20.5,56.7,"91.271740893",22.9,22.5,"26.3"
"House, Brady",691781,2026,28.6,7.1,".280",".277","0","1",".434",".422",20.1,47.6,"95.059259159",34.3,33.5,"27.9"
"Langeliers, Shea",669127,2026,20.9,8.6,".396",".378","0","0",".618",".515",24.3,59.9,"96.66070084",33.2,25.1,"28.4"
"Bellinger, Cody",641355,2026,13.3,14.4,".364",".279","2","5",".455",".374",35.5,64.5,"93.802419928",24.9,17.4,"27.6"
"Fernandez, Jose",699912,2026,23.6,4.1,".309",".341","1","4",".386",".373",24,49.5,"94.884017209",35.9,26.4,"29.6"
"Vaughn, Andrew",683734,2026,10.5,13.2,".421",".308","0","0",".447",".383",41.5,42.6,"94.178545556",22.9,23.3,"25.3"
"Meadows, Parker",678009,2026,25.6,5.1,".308",".346","0","3",".277",".293",24.2,45.5,"91.241073077",27.9,20.3,"28.3"
"Julien, Edouard",666397,2026,27.7,11.5,".331",".329","2","3",".419",".414",28.1,36.5,"94.794447051",21,27.8,"26.3"
"Jensen, Carter",695600,2026,29.6,11.8,".329",".305","0","0",".366",".374",21.1,44.7,"95.599731477",26.8,34.5,"27.6"
"Muncy, Max",691777,2026,35.6,5.8,".308",".364","1","2",".391",".427",21.2,56.5,"96.772631228",37.4,35.4,"27.9"
"Abrams, CJ",682928,2026,19.4,10.5,".393",".336","3","7",".483",".416",25.2,58,"94.650574882",34.8,29.4,"28.5"
"Stephenson, Tyler",663886,2026,27.1,12.4,".279",".227","0","0",".430",".400",26.6,58.6,"94.790940533",20.7,26,"26.9"
"Henderson, Gunnar",683002,2026,28.5,6.8,".256",".234","1","5",".380",".370",21.6,51.2,"94.502024586",34.4,25.9,"28.2"
"Hoskins, Rhys",656555,2026,26.6,21.1,".367",".242","0","0",".322",".330",21.1,60.3,"94.436008182",19.7,29.6,"24.9"
"Clemens, Kody",665019,2026,26.6,8.9,".336",".304","2","5",".425",".407",25.2,63.1,"95.37572589",29.6,26.6,"27.3"
"Vierling, Matt",663837,2026,15.7,9.1,".281",".227","1","2",".399",".344",28.4,59.8,"93.463177444",28.3,17.1,"28.3"
"Bazzana, Travis",683953,2026,17.4,17.4,".391",".286","0","7",".334",".328",28.4,40,"93.637301463",19,21.8,"27.9"
"O'Neill, Tyler",641933,2026,24.1,14.5,".313",".213","0","0",".338",".315",22.8,58.5,"94.436717347",21.6,30.5,"27.6"
"O'Hoppe, Logan",681351,2026,23.2,11.1,".313",".262","0","0",".315",".303",20.4,56.9,"94.31435871",30.9,27.7,"27.2"
"Crow-Armstrong, Pete",691718,2026,25.7,8,".312",".304","3","11",".399",".379",22.5,51.9,"95.731450609",41,27.8,"29.2"
"Nuñez, Nasim",683083,2026,19.5,13.6,".313",".255","2","19",".254",".266",21.9,42.6,"91.026199011",24.7,22.9,"29.8"
"Caglianone, Jac",695506,2026,29.1,8.1,".318",".326","1","0",".471",".450",25.8,44.5,"97.996941429",30.8,31.8,"27.1"
"Buxton, Byron",621439,2026,25.4,7,".319",".269","0","4",".503",".420",21.8,56.8,"95.127405772",36.1,32.2,"29.7"
"Díaz, Yandy",650490,2026,11.9,8.1,".373",".309","0","1",".436",".364",28.4,33.2,"95.036809507",25.9,13.1,"25.4"
"Rice, Ben",700250,2026,24.7,14.7,".412",".333","0","2",".591",".532",29.8,54,"96.675048713",22,26.2,"27.0"
"Naylor, Josh",647304,2026,15.6,8.3,".318",".279","2","9",".440",".374",29,52.3,"94.104165486",36.6,21.7,"24.3"
"France, Ty",664034,2026,18.9,2.7,".284",".264","1","1",".531",".429",24.4,37.8,"95.807679821",35.3,29.3,"24.8"
"Crawford, Justin",702222,2026,19.4,9,".347",".333","2","6",".326",".317",26.9,43,"93.443362626",36.9,19.8,"29.6"
"Lindor, Francisco",596019,2026,18.1,10.5,".314",".264","1","2",".433",".368",21.6,55.1,"94.53938",27.6,25.8,"26.9"
"Goldschmidt, Paul",502671,2026,21.3,10.7,".373",".311","0","0",".586",".501",27.8,50,"96.495419796",31.3,20,"24.6"
"Wallner, Matt",670242,2026,39.3,7.4,".259",".254","1","0",".333",".408",13.3,60.2,"95.021781343",31.6,44,"26.0"
"Valera, George",671655,2026,21.1,2.6,".237",".276","0","0",".232",".236",28.3,46.7,"93.687662414",40.4,22.1,"25.5"
"Del Castillo, Adrian",680728,2026,31.9,6.4,".245",".255","0","0",".340",".343",22.2,48.8,"93.66334807",28.5,31.1,"26.2"
"Mayer, Marcelo",691785,2026,19.4,7.5,".293",".269","0","2",".318",".297",22.7,42.5,"93.569327234",28.7,27.1,"27.2"
"Schwarber, Kyle",656941,2026,31.7,14.9,".365",".241","0","1",".592",".561",18.5,69.8,"96.87842757",24.9,32.5,"25.8"
"Gelof, Zack",680869,2026,23.6,6.7,".299",".273","0","2",".423",".371",26.7,63.7,"94.672541695",19.9,26.9,"29.0"
"Gonzales, Nick",693304,2026,16.7,7.4,".383",".392","2","3",".396",".374",23.6,50.4,"93.721133277",31.1,23.6,"28.4"
"Castellanos, Nick",592206,2026,28,4.3,".237",".250","0","1",".417",".406",22.4,47,"93.618393651",41.2,30.8,"27.0"
"Ruiz, Keibert",660688,2026,15.6,1.1,".244",".229","0","1",".337",".269",40.2,60.6,"93.376260135",37.4,16.1,"25.4"
"García, Adolis",666969,2026,28.6,7.7,".286",".291","0","1",".382",".392",26.5,58.9,"95.778185965",28.4,30.9,"26.7"
"Bauers, Jake",641343,2026,22.6,10.3,".349",".326","1","4",".449",".398",28.6,49.1,"96.734185052",19,24.8,"27.0"
"Mullins, Cedric",656775,2026,18.7,5.3,".240",".202","5","10",".266",".232",24.1,61.2,"92.4605712",30.6,19.9,"27.5"
"Simpson, Chandler",802415,2026,9.3,4.9,".335",".333","5","14",".300",".272",38.8,35.8,"90.677093581",31.1,10.1,"29.6"
"Stowers, Kyle",669065,2026,26,10,".300",".279","1","1",".380",".379",20.7,58.5,"95.795343871",38.9,32.7,"26.4"
"Sánchez, Jesús",660821,2026,20,4.1,".297",".284","0","1",".426",".373",24,48,"95.068888037",39.6,24.3,"25.9"
"Anthony, Roman",701350,2026,25.4,15.4,".354",".320","0","2",".410",".414",26.1,46.6,"95.842276267",21.6,28.1,"27.4"
"Pozo, Yohel",650968,2026,7.4,0,".259",".280","0","0",".340",".296",27.5,47.1,"92.5131712",48.8,11.9,"24.4"
"Marsee, Jakob",805300,2026,24.7,12.6,".320",".267","4","13",".297",".301",25.5,51.3,"93.433239569",23.3,19,"27.7"
"Dubón, Mauricio",643289,2026,17.5,6.8,".305",".287","2","0",".376",".332",27.5,37.7,"92.617129697",35.7,19.6,"26.6"
"Mead, Curtis",678554,2026,15.5,14.5,".355",".239","1","3",".456",".377",26.3,43.7,"94.552277162",24.3,17.3,"26.8"
"Lukes, Nathan",664770,2026,12.5,1.8,".286",".283","1","0",".344",".295",24.8,42.9,"93.271037609",44,13.8,"27.1"
"Perdomo, Geraldo",672695,2026,13.4,15.1,".335",".244","3","7",".329",".300",33,54.8,"92.669102931",22.7,11.2,"26.8"
"Cruz, Oneil",665833,2026,34.5,7.9,".325",".362","3","16",".495",".511",23.2,41.8,"99.205329474",32.7,37,"28.3"
"Vivas, Jorbit",678391,2026,13.3,8.2,".337",".286","1","0",".275",".263",20.8,39.6,"91.418847429",27.8,14.9,"26.8"
"Olson, Matt",621566,2026,24.8,10.9,".356",".310","0","1",".581",".491",23.1,56.6,"96.840595462",28.3,25.4,"25.4"
"Arias, Gabriel",672356,2026,37.5,6.3,".250",".250","0","0",".414",".451",16.3,53.1,"97.075641765",29.4,40.4,"26.5"
"Saggese, Thomas",695336,2026,32.4,5.9,".206",".238","1","0",".331",".338",19.4,42.6,"94.312224524",36.4,33.1,"27.6"
"Kreidler, Ryan",668952,2026,20,20,".480",".385","1","0",".620",".527",17.1,61,"93.73979",15.4,29.8,"27.9"
"Young, Cole",702284,2026,22.7,8.1,".330",".322","2","2",".413",".385",23.3,55.7,"93.976139274",30,25.2,"27.7"
"Kurtz, Nick",701762,2026,29.7,20.3,".426",".385","1","5",".510",".520",19.7,49.5,"98.474893636",22.1,35.9,"26.5"
"Langford, Wyatt",694671,2026,22.6,4.8,".274",".300","0","3",".356",".342",29.1,46.1,"94.388533115",29.4,25,"28.0"
"Soto, Juan",665742,2026,15.6,14.1,".383",".298","1","3",".575",".433",34.3,62.9,"96.65141573",23.6,21.7,"25.6"
"Hinds, Rece",677956,2026,50,2.8,".167",".250","0","0",".163",".290",11.1,38.9,"93.163277857",42.4,43.9,"28.3"
"Conine, Griffin",665052,2026,24,8,".360",".286","0","2",".773",".667",27.5,47.5,"98.354698125",38,40.9,"27.4"
"Ruiz, Esteury",665923,2026,29.6,0,".222",".235","0","7",".396",".368",22.4,46.9,"92.694692778",38.8,29.1,"30.1"
"Myers, Dane",667472,2026,25.3,13.3,".360",".293","0","2",".482",".458",27,52.8,"93.6836125",16.1,16.8,"27.2"
"Paredes, Isaac",670623,2026,16.8,8.7,".341",".286","0","0",".343",".307",26.6,51.7,"92.255906423",29,16.3,"25.0"
"Loperfido, Joey",694388,2026,28.8,9.1,".348",".400","1","1",".302",".336",21.1,36.8,"93.788601",31.2,35.9,"28.6"
"Hoerner, Nico",663538,2026,7.7,8.7,".337",".265","1","8",".380",".313",35.8,48.4,"91.807352754",32.4,10.6,"28.3"
"Ibáñez, Andy",628451,2026,11.5,3.8,".115",".091","0","0",".205",".162",30.4,54.3,"91.427615909",51.4,19.2,"27.3"
"Castro, Willi",650489,2026,31.9,7.4,".296",".342","2","3",".336",".359",16.5,47.4,"94.147019241",39.9,31.2,"28.0"
"Lee, Hao-Yu ",701678,2026,30.9,7.3,".255",".273","0","0",".418",".394",24.7,45.9,"94.079993824",26.5,34.7,"27.9"
"Devers, Rafael",646240,2026,31.2,6.9,".296",".339","0","0",".351",".358",20.3,57.6,"94.967704741",32.5,32.4,"25.7"
"Pérez, Wenceel",672761,2026,13.3,6.1,".214",".169","1","3",".370",".288",34,48.3,"93.385245949",23.3,14.5,"28.0"
"Martin, Austin",668885,2026,15.2,15.9,".435",".380","4","7",".365",".343",34.1,55.1,"92.29622957",16.4,18.1,"27.6"
"Palacios, Richie",680700,2026,22.6,11.9,".369",".333","4","5",".338",".344",25.2,52.8,"92.009046471",28.9,23.2,"27.0"
"Murakami, Munetaka",808959,2026,33.5,18.6,".376",".263","2","0",".577",".573",21,46.3,"98.565446413",22.1,44.1,"27.0"
"García Jr., Luis",671277,2026,14.9,4.3,".298",".297","1","2",".434",".363",28.6,61.8,"95.539813423",42.3,16.2,"26.7"
"Moreno, Gabriel",672515,2026,24.1,5.7,".276",".288","0","1",".400",".386",24.2,43.1,"93.634323167",36.8,22.8,"26.0"
"Lile, Daylen",695734,2026,17.6,8,".332",".300","3","3",".464",".397",27,56.2,"93.33428363",36.3,24.5,"29.3"
"Taveras, Leody",665750,2026,21.8,13.7,".361",".329","1","3",".370",".353",21,43.3,"92.996761282",29.9,24.5,"29.0"
"Keaschall, Luke",807712,2026,15.8,9.8,".306",".263","0","10",".318",".280",27,54.4,"92.169569474",23.2,14.3,"28.6"
"Osuna, Alejandro",696030,2026,20,14.5,".418",".344","2","1",".305",".324",17.1,31.2,"92.877573548",30.5,20.2,"28.1"
"De La Cruz, Elly",682829,2026,27,8.8,".363",".375","4","9",".513",".491",27.9,49.7,"97.562402381",25.1,29.7,"28.1"
"Winn, Masyn",691026,2026,19.2,8.1,".326",".308","1","4",".331",".321",25.5,40.1,"92.493332941",26.2,22.5,"28.2"
"Baldwin, Drake",686948,2026,21.2,10.1,".385",".339","0","1",".573",".484",27,48.6,"96.688797929",35,23.6,"26.5"
"Abreu, Wilyer",677800,2026,18.7,10.7,".380",".357","1","3",".486",".412",25.6,44.6,"95.017140382",26.9,20.5,"28.0"
"Baty, Brett",683146,2026,27.9,8.8,".301",".315","1","2",".378",".374",22.8,48.4,"94.577798",28.6,27.8,"26.8"
"Perez, Salvador",521692,2026,22.2,3.2,".232",".217","0","0",".371",".326",22.1,57.1,"93.97233963",46.4,27.3,"24.1"
"Slater, Austin",596103,2026,30.6,10.2,".286",".310","0","1",".246",".273",23,52.7,"90.74864069",25.9,30.1,"27.8"
"Church, Nathan",701675,2026,20.1,4.2,".292",".284","2","4",".417",".358",21.4,43.3,"93.154822981",44.7,22.7,"28.6"
"Shaw, Matt",807713,2026,17.5,5.8,".294",".270","1","3",".383",".332",28.7,66.3,"92.538058553",36.5,19.4,"29.0"
"Thomas, Lane",657041,2026,20.2,18.2,".354",".254","2","3",".302",".291",19.2,57,"92.7914045",22,21.5,"28.8"
"Smith, Dominic",642086,2026,13.8,4.3,".376",".366","0","0",".541",".443",30.2,49.4,"94.050432533",40.3,20,"25.8"
"Tucker, Kyle",663656,2026,19,13.2,".349",".293","0","3",".386",".350",27.7,44.7,"93.843675984",24.2,23.6,"26.2"
"Suzuki, Seiya",673548,2026,25.7,13.6,".371",".316","0","0",".448",".425",20.2,52.4,"94.394940964",24.8,28.2,"27.5"
"Vilade, Ryan",668723,2026,19,7.9,".339",".326","0","1",".372",".329",15.5,35.5,"93.476473409",29.5,19.5,"28.4"
"Kelenic, Jarred",672284,2026,27.3,11.4,".318",".308","0","0",".571",".517",29.7,57.8,"97.761096667",23.8,36.6,"26.2"
"Encarnacion, Jerar",666464,2026,22.9,2.9,".200",".231","0","0",".266",".256",17.3,52,"93.634915",43.4,19.3,"26.7"
"Valenzuela, Brandon",678218,2026,27.4,11,".315",".268","0","0",".407",".399",16.9,50.7,"94.241857727",33.5,28.8,"24.9"
"McCutchen, Andrew",457705,2026,29.2,9.2,".292",".308","0","0",".302",".301",19.5,51.7,"93.31740575",22.4,34.3,"27.7"
"Jiménez, Leo",677870,2026,17.1,9.8,".341",".286","0","1",".410",".401",26.2,54.1,"94.429285357",25.3,18.8,"27.7"
"Naylor, Bo",666310,2026,23.3,6.7,".200",".164","0","0",".399",".347",23.9,52.3,"94.187324921",25.6,14.8,"27.3"
"Stanton, Giancarlo",519317,2026,30.2,6.3,".302",".345","0","1",".466",".444",19.4,72.3,"97.001259672",30.3,38.7,"23.8"
"Hamilton, David",666152,2026,19.8,11.6,".328",".299","3","8",".270",".266",19.5,38.5,"91.860769077",31.8,19.2,"29.3"
"Horwitz, Spencer",687462,2026,13.3,15.3,".387",".301","0","1",".331",".284",32.9,47.8,"92.10852717",24.5,14.3,"24.7"
"Pereira, Everson",677592,2026,29.6,5.6,".310",".317","0","1",".431",".409",19.8,66.7,"94.282218182",42.1,37.3,"27.4"
"Rocchio, Brayan",677587,2026,10,9.4,".357",".295","3","8",".351",".295",24.5,48.9,"92.418640938",31.3,21.1,"27.3"
"Mateo, Jorge",622761,2026,32.8,5.2,".345",".441","1","5",".409",".438",16.8,42.1,"94.510035143",41.7,33.1,"30.1"
"Rengifo, Luis",650859,2026,11.4,7.9,".273",".234","0","2",".346",".294",30.4,43.3,"93.159560631",29.7,19,"27.3"
"Caissie, Owen",683357,2026,39.8,7.3,".268",".317","0","2",".383",".452",17.3,35,"95.877917258",30,34.4,"28.5"
"McKinstry, Zach",656716,2026,20,8.8,".250",".214","2","1",".281",".266",19,36.4,"91.444021754",31.3,17.5,"27.2"
"Marchán, Rafael",665561,2026,20.7,1.7,".138",".095","0","0",".220",".209",33.3,55.9,"91.543239535",32.7,17,"26.2"
"Rumfield, TJ",681198,2026,16.4,8.7,".344",".302","0","0",".444",".370",25.6,49.5,"93.324179328",31.2,19.1,"24.6"
"Polanco, Jorge",593871,2026,18,8.2,".246",".205","0","0",".320",".288",31.2,47.3,"93.223895778",32.8,20,"25.3"
"Mack, Joe",691788,2026,38.9,2.8,".222",".333","0","0",".203",".245",14.5,43.5,"92.841640476",25,30.1,"26.2"
"Wood, James",695578,2026,31,17.6,".384",".305","1","7",".616",".604",25.3,44.7,"99.536247944",22.8,35.5,"27.5"
"Gray, Tristan",656484,2026,34.2,5.3,".280",".317","0","0",".395",".439",13.2,40.8,"94.988794186",40.1,36.7,"26.4"
"Kim, Hyeseong",808975,2026,22.3,8.7,".324",".333","1","5",".341",".343",28.3,38,"91.689379429",29,27.8,"28.6"
"Báez, Javier",595879,2026,19.5,2.4,".280",".295","1","1",".361",".350",20.7,56,"92.125130323",50.9,27.5,"27.2"
"Pagés, Pedro",686780,2026,25,3.7,".248",".235","0","2",".351",".325",17.9,47.5,"93.119878056",37.3,27.2,"25.7"
"Scott II, Victor",687363,2026,26.8,6.3,".252",".257","4","6",".287",".313",23.2,47.6,"92.579530714",23.9,31.1,"29.6"
"Fry, David",681807,2026,27.4,16.4,".370",".316","0","0",".279",".303",21.4,55.4,"92.610318049",25,29.4,"26.1"
"Johnston, Troy",687859,2026,21.8,7.5,".377",".404","2","1",".384",".369",30.3,44.3,"93.599968586",38,24.3,"26.4"
"Kiner-Falefa, Isiah",643396,2026,17.8,6.7,".250",".242","0","3",".313",".310",25.4,42.9,"90.612619",44.4,16.9,"27.5"
"McNeil, Jeff",643446,2026,13.3,7.3,".342",".316","2","1",".352",".319",27.9,35.7,"92.008676",29.8,15.8,"25.7"
"Norby, Connor",681393,2026,29.9,9.7,".331",".321","2","5",".353",".360",22.1,34.5,"93.018908409",26.7,32.6,"28.1"
"Ramos, Heliot",671218,2026,26.7,5.7,".307",".348","0","0",".448",".428",21.4,48.2,"96.319038621",37.2,28.8,"27.2"
"Smith, Cam",701358,2026,28.7,10.3,".289",".263","1","6",".439",".430",17.3,40.6,"95.202575392",31.7,30.7,"29.2"
"Caminero, Junior",691406,2026,16.1,10.9,".333",".248","2","0",".483",".390",21.1,56.3,"96.387241799",29.6,20.4,"25.7"
"Monasterio, Andruw",655316,2026,18.7,6.7,".293",".291","2","1",".413",".374",31.9,53.3,"94.318695556",25.5,17.1,"26.9"
"Adell, Jo",666176,2026,22.9,3.6,".313",".318","0","2",".435",".401",19.6,47.2,"95.884226045",38,25.8,"27.9"
"Ozuna, Marcell",542303,2026,27.7,9.6,".271",".227","0","0",".420",".398",22.4,49.8,"94.1823963",26,29.5,"25.6"
"O'Hearn, Ryan",656811,2026,18.7,10.4,".368",".325","0","1",".451",".397",30.2,47.6,"94.633386535",29.9,20.7,"26.9"
"Acuña, Luisangel",682668,2026,16.3,6.5,".242",".217","1","7",".307",".287",30.4,71.7,"93.868894203",33.7,25.5,"29.4"
"Wiemer, Joey",686894,2026,37.2,12.8,".372",".444","0","1",".346",".423",18.6,42.1,"94.564421892",28.5,32.3,"28.9"
"Cronenworth, Jake",630105,2026,20.2,12.3,".272",".178","0","1",".325",".306",19.1,34.6,"93.094018611",25.5,23.3,"28.8"
"Garver, Mitch",641598,2026,28.8,21.2,".348",".250","0","0",".291",".305",21.6,67.6,"95.842186061",24.1,35,"25.1"
"Diaz, Yainer",673237,2026,15.1,2.8,".255",".259","1","0",".323",".289",31.8,54.5,"93.218702874",42.9,23.4,"25.5"
"Waldschmidt, Ryan",814439,2026,25.9,7.4,".333",".389","1","1",".488",".466",16.7,44.4,"92.754677222",13.6,23.8,"28.7"
"Trevino, Jose",624431,2026,15.6,3.1,".167",".167","0","0",".246",".229",23.1,79.5,"91.455717826",37.5,23.5,"23.6"
"Tatis Jr., Fernando",665487,2026,24.5,10.1,".310",".314","5","10",".393",".416",24.5,50,"97.276302479",29.7,32.1,"28.6"
"Yorke, Nick",694377,2026,19.8,8.1,".279",".237","0","0",".362",".332",27.1,30.7,"95.389052333",28.4,18.7,"27.7"
"Schneider, Davis",676914,2026,33.8,21.6,".324",".219","0","1",".274",".326",22.9,46.4,"95.050500606",18.7,29.7,"26.8"
"Trout, Mike",545361,2026,26,20.1,".402",".281","0","5",".587",".530",22.4,48,"96.793673679",18.8,22.4,"28.8"
"Bichette, Bo",666182,2026,17.3,7.1,".264",".245","0","1",".398",".357",28,25.5,"94.798365168",38.4,17.4,"25.8"
"Rivas, Leo",660844,2026,30.5,11.9,".259",".206","0","2",".216",".245",27.5,53.1,"90.754958254",18.1,24.6,"27.4"
"Ballesteros, Moisés",694208,2026,19.2,8.3,".308",".259","0","0",".439",".372",28,59.9,"95.267623908",37.2,27.4,"24.6"
"Call, Alex",669743,2026,12.1,17.2,".431",".350","1","0",".286",".263",27.8,54.4,"90.90440925",17.6,9.7,"27.7"
"Montgomery, Colson",695657,2026,28.4,8.7,".333",".263","1","1",".477",".437",17.3,53.8,"95.280960278",28.1,35.1,"26.3"
"Schmitt, Casey",669477,2026,21.7,3.9,".342",".330","1","3",".508",".430",25.6,50.8,"95.01681243",35,23.6,"28.1"
"Stott, Bryson",681082,2026,17.2,5.3,".262",".243","0","9",".377",".330",33.5,61.2,"93.842765965",32.3,16.3,"28.6"
"Heim, Jonah",641680,2026,14.3,8.9,".250",".190","0","0",".290",".229",24.1,63.9,"91.466053953",32.4,18.1,"25.2"
"Tawa, Tim",694374,2026,20,12.7,".259",".171","1","0",".284",".278",15.9,58,"92.660732286",31.6,26.1,"27.6"
"Loftin, Nick",679845,2026,8.3,13.3,".367",".267","0","0",".384",".307",33.8,56.8,"92.862206444",16,8.3,"28.0"