"last_name, first_name","player_id","year","pa","bip","ba","est_ba","est_ba_minus_ba_diff","slg","est_slg","est_slg_minus_slg_diff","woba","est_woba","est_woba_minus_woba_diff","era","xera","era_minus_xera_diff"
"Fried, Max","608331","2026","177","126",0.161,0.193,-0.032,0.217,0.26,-0.04300000000000001,0.209,0.239,-0.03,"2.09","2.22","-0.128"
"Alcantara, Sandy","645261","2026","166","125",0.217,0.227,-0.010000000000000009,0.322,0.336,-0.014000000000000012,0.277,0.282,-0.004999999999999949,"3.05","3.11","-0.062"
"Webb, Logan","657277","2026","161","113",0.262,0.275,-0.013000000000000012,0.366,0.406,-0.040000000000000036,0.317,0.332,-0.015000000000000013,"4.87","4.43","0.435"
"Sánchez, Cristopher","650911","2026","153","100",0.31,0.234,0.07599999999999998,0.437,0.378,0.059,0.351,0.29,0.061,"2.94","3.30","-0.359"
"Kirby, George","669923","2026","153","113",0.225,0.221,0.0040000000000000036,0.331,0.327,0.0040000000000000036,0.278,0.271,0.007000000000000006,"2.98","2.86","0.115"
"Lugo, Seth","607625","2026","149","107",0.241,0.265,-0.02400000000000002,0.35,0.437,-0.08700000000000002,0.29,0.327,-0.03700000000000003,"2.63","4.28","-1.652"
"Valdez, Framber","664285","2026","148","109",0.233,0.246,-0.012999999999999984,0.323,0.383,-0.06,0.292,0.315,-0.02300000000000002,"3.41","3.94","-0.532"
"Yamamoto, Yoshinobu","808967","2026","147","105",0.213,0.257,-0.04400000000000001,0.36,0.418,-0.057999999999999996,0.279,0.316,-0.03699999999999998,"2.87","3.97","-1.103"
"Eovaldi, Nathan","543135","2026","147","105",0.287,0.266,0.020999999999999963,0.515,0.468,0.046999999999999986,0.37,0.341,0.02899999999999997,"5.79","4.70","1.086"
"Kochanowicz, Jack","686799","2026","147","104",0.189,0.263,-0.07400000000000001,0.244,0.396,-0.15200000000000002,0.257,0.339,-0.08200000000000002,"3.09","4.64","-1.554"
"Bradley, Taj","671737","2026","147","95",0.238,0.249,-0.01100000000000001,0.385,0.408,-0.022999999999999965,0.315,0.326,-0.01100000000000001,"2.91","4.25","-1.338"
"Elder, Bryce","693821","2026","146","103",0.194,0.214,-0.01999999999999999,0.291,0.326,-0.03500000000000003,0.253,0.271,-0.018000000000000016,"1.95","2.86","-0.914"
"Burrows, Mike","681347","2026","143","97",0.315,0.241,0.07400000000000001,0.523,0.393,0.13,0.396,0.311,0.08500000000000002,"6.25","3.83","2.423"
"Springs, Jeffrey","605488","2026","142","99",0.197,0.19,0.007000000000000006,0.354,0.34,0.013999999999999957,0.273,0.274,-0.0010000000000000009,"3.79","2.93","0.855"
"Williams, Gavin","668909","2026","142","79",0.163,0.202,-0.03900000000000001,0.358,0.419,-0.061,0.287,0.321,-0.03400000000000003,"3.28","4.11","-0.83"
"Skubal, Tarik","669373","2026","142","97",0.224,0.254,-0.03,0.328,0.341,-0.013000000000000012,0.263,0.278,-0.015000000000000013,"2.73","3.02","-0.295"
"Woo, Bryan","693433","2026","141","106",0.238,0.245,-0.007000000000000006,0.377,0.415,-0.03799999999999998,0.288,0.304,-0.016000000000000014,"3.86","3.65","0.207"
"Lorenzen, Michael","547179","2026","141","113",0.359,0.322,0.03699999999999998,0.534,0.478,0.05600000000000005,0.409,0.367,0.04199999999999998,"5.96","5.58","0.385"
"Detmers, Reid","672282","2026","141","93",0.22,0.215,0.0050000000000000044,0.37,0.336,0.033999999999999975,0.291,0.274,0.01699999999999996,"4.28","2.93","1.347"
"Nola, Aaron","605400","2026","140","92",0.286,0.267,0.01899999999999996,0.508,0.46,0.04799999999999999,0.374,0.345,0.029000000000000026,"6.03","4.83","1.202"
"Soriano, José","667755","2026","140","84",0.143,0.203,-0.060000000000000026,0.175,0.315,-0.14,0.19,0.265,-0.07500000000000001,"0.24","2.74","-2.501"
"Lowder, Rhett","695076","2026","140","105",0.231,0.265,-0.034,0.315,0.408,-0.09299999999999997,0.273,0.319,-0.045999999999999985,"3.18","4.05","-0.874"
"Cecconi, Slade","677944","2026","139","98",0.273,0.278,-0.0050000000000000044,0.463,0.486,-0.022999999999999965,0.36,0.367,-0.007000000000000006,"6.23","5.58","0.651"
"Peralta, Freddy","642547","2026","139","88",0.211,0.227,-0.016000000000000014,0.333,0.358,-0.024999999999999967,0.29,0.301,-0.01100000000000001,"3.90","3.57","0.327"
"Gausman, Kevin","592332","2026","138","94",0.206,0.234,-0.028000000000000025,0.321,0.367,-0.045999999999999985,0.251,0.276,-0.025000000000000022,"2.57","2.98","-0.409"
"Crochet, Garrett","676979","2026","138","86",0.27,0.262,0.008000000000000007,0.467,0.442,0.025000000000000022,0.363,0.345,0.018000000000000016,"6.30","4.83","1.47"
"Cease, Dylan","656302","2026","138","70",0.22,0.224,-0.0040000000000000036,0.246,0.278,-0.03200000000000003,0.276,0.287,-0.010999999999999954,"2.87","3.23","-0.358"
"Leiter, Jack","683004","2026","138","91",0.274,0.269,0.0050000000000000044,0.452,0.487,-0.034999999999999976,0.356,0.361,-0.0050000000000000044,"5.17","5.37","-0.2"
"Weathers, Ryan","677960","2026","137","89",0.258,0.267,-0.009000000000000008,0.422,0.475,-0.05299999999999999,0.32,0.338,-0.018000000000000016,"3.21","4.61","-1.402"
"Misiorowski, Jacob","694819","2026","137","68",0.195,0.201,-0.006000000000000005,0.314,0.296,0.018000000000000016,0.285,0.279,0.00599999999999995,"3.31","3.04","0.266"
"Severino, Luis","622663","2026","137","82",0.248,0.247,0.0010000000000000009,0.416,0.43,-0.014000000000000012,0.359,0.36,-0.0010000000000000009,"5.17","5.33","-0.16"
"Vásquez, Randy","681190","2026","137","90",0.228,0.262,-0.034,0.366,0.466,-0.10000000000000003,0.299,0.352,-0.05299999999999999,"2.94","5.06","-2.119"
"Roupp, Landen","694738","2026","137","84",0.149,0.199,-0.05000000000000002,0.207,0.248,-0.04100000000000001,0.221,0.256,-0.035,"2.55","2.55","-0.003"
"Griffin, Foster","656492","2026","137","95",0.21,0.256,-0.04600000000000001,0.371,0.448,-0.07700000000000001,0.292,0.335,-0.04300000000000004,"2.67","4.52","-1.847"
"Sale, Chris","519242","2026","137","86",0.185,0.2,-0.015000000000000013,0.323,0.342,-0.019000000000000017,0.268,0.277,-0.009000000000000008,"2.31","3.00","-0.686"
"Keller, Mitch","656605","2026","137","100",0.226,0.269,-0.04300000000000001,0.298,0.366,-0.068,0.272,0.311,-0.03899999999999998,"3.18","3.83","-0.654"
"Bradish, Kyle","680694","2026","136","88",0.297,0.245,0.05199999999999999,0.449,0.409,0.040000000000000036,0.371,0.332,0.03899999999999998,"4.20","4.43","-0.23"
"Woods Richardson, Simeon","680573","2026","136","108",0.311,0.268,0.04299999999999998,0.525,0.446,0.07900000000000001,0.396,0.344,0.052000000000000046,"6.30","4.80","1.5"
"Gilbert, Logan","669302","2026","136","92",0.278,0.264,0.014000000000000012,0.452,0.391,0.061,0.341,0.308,0.03300000000000003,"4.36","3.75","0.614"
"Pérez, Eury","691587","2026","136","87",0.252,0.243,0.009000000000000008,0.487,0.474,0.013000000000000012,0.362,0.354,0.008000000000000007,"4.60","5.13","-0.534"
"Liberatore, Matthew","669461","2026","135","105",0.298,0.298,0,0.537,0.52,0.017000000000000015,0.384,0.373,0.01100000000000001,"4.75","5.80","-1.053"
"Ray, Robbie","592662","2026","135","86",0.198,0.224,-0.025999999999999995,0.364,0.463,-0.09900000000000003,0.291,0.333,-0.04200000000000004,"2.70","4.46","-1.76"
"Holmes, Grant","656550","2026","135","96",0.208,0.238,-0.03,0.35,0.412,-0.062,0.289,0.322,-0.03300000000000003,"3.62","4.14","-0.521"
"McLean, Nolan","690997","2026","135","79",0.161,0.188,-0.026999999999999996,0.258,0.279,-0.02100000000000002,0.226,0.242,-0.015999999999999986,"2.55","2.28","0.267"
"Messick, Parker","800048","2026","135","86",0.177,0.218,-0.04100000000000001,0.234,0.294,-0.05999999999999997,0.224,0.262,-0.038000000000000006,"1.73","2.67","-0.936"
"Singer, Brady","663903","2026","134","106",0.323,0.295,0.028000000000000025,0.508,0.483,0.025000000000000022,0.383,0.36,0.02300000000000002,"4.97","5.33","-0.364"
"King, Michael","650633","2026","134","80",0.177,0.208,-0.031,0.301,0.343,-0.04200000000000004,0.278,0.303,-0.024999999999999967,"2.41","3.62","-1.214"
"Castillo, Luis","622491","2026","134","95",0.317,0.299,0.018000000000000016,0.5,0.475,0.025000000000000022,0.391,0.369,0.02200000000000002,"6.35","5.65","0.703"
"Gore, MacKenzie","669022","2026","133","75",0.217,0.248,-0.031,0.374,0.43,-0.055999999999999994,0.31,0.338,-0.028000000000000025,"4.36","4.61","-0.255"
"Abbott, Andrew","671096","2026","133","101",0.319,0.3,0.019000000000000017,0.479,0.47,0.009000000000000008,0.382,0.367,0.015000000000000013,"6.59","5.58","1.013"
"Schlittler, Cam","693645","2026","133","88",0.172,0.206,-0.034,0.25,0.33,-0.08000000000000002,0.2,0.244,-0.043999999999999984,"1.77","2.32","-0.554"
"Kikuchi, Yusei","579328","2026","133","87",0.284,0.265,0.01899999999999996,0.457,0.461,-0.0040000000000000036,0.356,0.348,0.008000000000000007,"6.21","4.93","1.277"
"Ober, Bailey","641927","2026","133","93",0.217,0.24,-0.022999999999999993,0.358,0.39,-0.03200000000000003,0.295,0.313,-0.018000000000000016,"3.94","3.89","0.048"
"Imanaga, Shota","684007","2026","133","86",0.171,0.212,-0.04099999999999998,0.325,0.358,-0.032999999999999974,0.245,0.274,-0.029000000000000026,"3.15","2.93","0.216"
"Rogers, Trevor","669432","2026","133","95",0.281,0.243,0.038000000000000034,0.421,0.381,0.03999999999999998,0.338,0.305,0.03300000000000003,"4.75","3.67","1.077"
"Burke, Sean","680732","2026","133","101",0.226,0.261,-0.035,0.379,0.395,-0.016000000000000014,0.289,0.308,-0.019000000000000017,"3.21","3.75","-0.542"
"Suarez, Ranger","624133","2026","132","94",0.197,0.239,-0.04199999999999998,0.303,0.388,-0.08500000000000002,0.25,0.299,-0.04899999999999999,"3.09","3.52","-0.434"
"Hancock, Emerson","676106","2026","132","92",0.226,0.248,-0.021999999999999992,0.427,0.483,-0.055999999999999994,0.308,0.334,-0.026000000000000023,"2.86","4.49","-1.634"
"Meyer, Max","676974","2026","132","84",0.207,0.259,-0.05200000000000002,0.328,0.407,-0.07899999999999996,0.285,0.332,-0.04700000000000004,"3.30","4.43","-1.13"
"Ryan, Joe","657746","2026","132","89",0.208,0.204,0.0040000000000000036,0.367,0.344,0.02300000000000002,0.28,0.277,0.0030000000000000027,"3.90","3.00","0.897"
"Bibee, Tanner","676440","2026","131","94",0.275,0.271,0.0040000000000000036,0.442,0.441,0.0010000000000000009,0.346,0.339,0.006999999999999951,"4.45","4.64","-0.189"
"Early, Connelly","813349","2026","131","86",0.212,0.245,-0.033,0.354,0.461,-0.10700000000000004,0.305,0.352,-0.046999999999999986,"2.84","5.06","-2.218"
"May, Dustin","669160","2026","130","99",0.333,0.277,0.055999999999999994,0.492,0.399,0.09299999999999997,0.383,0.319,0.064,"5.28","4.05","1.233"
"Dollander, Chase","801403","2026","130","79",0.2,0.196,0.0040000000000000036,0.322,0.318,0.0040000000000000036,0.269,0.269,0,"2.25","2.82","-0.57"
"Irvin, Jake","663623","2026","129","80",0.212,0.239,-0.026999999999999996,0.345,0.435,-0.09000000000000002,0.296,0.337,-0.041000000000000036,"4.85","4.58","0.274"
"Warren, Will","701542","2026","129","84",0.24,0.249,-0.009000000000000008,0.347,0.381,-0.03400000000000003,0.286,0.298,-0.01200000000000001,"2.58","3.50","-0.915"
"Paddack, Chris","663978","2026","128","94",0.294,0.252,0.04199999999999998,0.462,0.405,0.056999999999999995,0.354,0.308,0.045999999999999985,"6.11","3.75","2.357"
"Matz, Steven","571927","2026","127","88",0.211,0.264,-0.05300000000000002,0.404,0.46,-0.055999999999999994,0.305,0.344,-0.03899999999999998,"4.31","4.80","-0.491"
"McGreevy, Michael","700241","2026","127","101",0.205,0.295,-0.09,0.369,0.577,-0.20799999999999996,0.266,0.382,-0.11599999999999999,"2.97","6.14","-3.17"
"Baz, Shane","669358","2026","126","91",0.309,0.275,0.033999999999999975,0.5,0.397,0.10299999999999998,0.375,0.329,0.045999999999999985,"5.08","4.34","0.742"
"Mlodzinski, Carmen","669387","2026","126","83",0.27,0.267,0.0030000000000000027,0.342,0.371,-0.02899999999999997,0.309,0.319,-0.010000000000000009,"4.13","4.05","0.079"
"Peterson, David","656849","2026","125","88",0.308,0.28,0.02799999999999997,0.449,0.376,0.07300000000000001,0.36,0.344,0.016000000000000014,"5.06","4.80","0.263"
"Cantillo, Joey","676282","2026","125","77",0.243,0.226,0.016999999999999987,0.414,0.388,0.025999999999999968,0.333,0.312,0.02100000000000002,"3.26","3.86","-0.596"
"Houser, Adrian","605288","2026","124","101",0.336,0.308,0.028000000000000025,0.558,0.51,0.04800000000000004,0.409,0.374,0.034999999999999976,"7.36","5.84","1.524"
"Wacha, Michael","608379","2026","123","84",0.179,0.247,-0.068,0.313,0.466,-0.15300000000000002,0.257,0.338,-0.08100000000000002,"2.50","4.61","-2.105"
"Martinez, Nick","607259","2026","122","94",0.221,0.271,-0.05000000000000002,0.345,0.469,-0.124,0.276,0.339,-0.063,"2.10","4.64","-2.54"
"Kay, Anthony","641743","2026","122","88",0.277,0.316,-0.03899999999999998,0.475,0.544,-0.06900000000000006,0.381,0.427,-0.045999999999999985,"6.12","8.13","-2.01"
"Flaherty, Jack","656427","2026","122","68",0.234,0.224,0.010000000000000009,0.426,0.4,0.025999999999999968,0.377,0.363,0.014000000000000012,"5.33","5.44","-0.111"
"Luzardo, Jesús","666200","2026","122","79",0.295,0.265,0.02999999999999997,0.42,0.395,0.024999999999999967,0.347,0.32,0.02699999999999997,"6.92","4.08","2.835"
"Lopez, Jacob","682052","2026","121","82",0.278,0.198,0.08000000000000002,0.443,0.326,0.11699999999999999,0.378,0.306,0.07200000000000001,"5.84","3.70","2.138"
"Gallen, Zac","668678","2026","120","96",0.288,0.296,-0.008000000000000007,0.414,0.473,-0.059,0.329,0.348,-0.01899999999999996,"3.14","4.93","-1.79"
"Nelson, Ryne","669194","2026","120","84",0.259,0.27,-0.01100000000000001,0.509,0.486,0.02300000000000002,0.365,0.357,0.008000000000000007,"7.71","5.23","2.484"
"Rodriguez, Eduardo","593958","2026","120","90",0.231,0.271,-0.04000000000000001,0.37,0.454,-0.08400000000000002,0.307,0.349,-0.04199999999999998,"2.89","4.96","-2.067"
"Holmes, Clay","605280","2026","120","90",0.194,0.261,-0.067,0.324,0.392,-0.068,0.268,0.325,-0.056999999999999995,"2.10","4.22","-2.12"
"Glasnow, Tyler","607192","2026","120","75",0.143,0.183,-0.04000000000000001,0.259,0.306,-0.046999999999999986,0.203,0.236,-0.032999999999999974,"2.46","2.17","0.285"
"Wrobleski, Justin","680736","2026","119","94",0.183,0.256,-0.07300000000000001,0.229,0.371,-0.142,0.227,0.307,-0.07999999999999999,"1.50","3.73","-2.23"
"Cabrera, Edward","665795","2026","119","86",0.229,0.242,-0.012999999999999984,0.333,0.376,-0.04299999999999998,0.285,0.307,-0.02200000000000002,"2.73","3.73","-1"
"Martin, Davis","663436","2026","118","84",0.227,0.288,-0.06099999999999997,0.355,0.441,-0.08600000000000002,0.285,0.34,-0.05500000000000005,"2.01","4.67","-2.659"
"Rea, Colin","607067","2026","117","83",0.248,0.255,-0.007000000000000006,0.362,0.433,-0.07100000000000001,0.304,0.326,-0.02200000000000002,"4.61","4.25","0.36"
"Mize, Casey","663554","2026","117","74",0.221,0.212,0.009000000000000008,0.346,0.357,-0.01100000000000001,0.287,0.287,0,"2.51","3.23","-0.718"
"Littell, Zack","641793","2026","117","94",0.315,0.32,-0.0050000000000000044,0.648,0.627,0.02100000000000002,0.43,0.424,0.006000000000000005,"7.56","7.98","-0.42"
"Cameron, Noah","702070","2026","117","85",0.287,0.315,-0.028000000000000025,0.5,0.576,-0.07599999999999996,0.369,0.404,-0.03500000000000003,"5.13","7.05","-1.923"
"Ashcraft, Braxton","677952","2026","116","74",0.202,0.175,0.027000000000000024,0.288,0.249,0.03899999999999998,0.256,0.231,0.024999999999999994,"2.43","2.08","0.347"
"Taillon, Jameson","592791","2026","116","78",0.233,0.234,-0.0010000000000000009,0.485,0.465,0.019999999999999962,0.35,0.338,0.011999999999999955,"4.55","4.61","-0.056"
"Cavalli, Cade","676917","2026","116","72",0.293,0.249,0.043999999999999984,0.364,0.33,0.033999999999999975,0.347,0.313,0.033999999999999975,"4.01","3.89","0.124"
"Bello, Brayan","678394","2026","115","87",0.374,0.314,0.06,0.677,0.633,0.04400000000000004,0.476,0.43,0.045999999999999985,"9.00","8.28","0.72"
"Rocker, Kumar","677958","2026","115","82",0.243,0.259,-0.016000000000000014,0.359,0.414,-0.05499999999999999,0.304,0.33,-0.026000000000000023,"3.38","4.37","-0.995"
"Walker, Taijuan","592836","2026","115","86",0.353,0.309,0.043999999999999984,0.657,0.566,0.09100000000000008,0.461,0.405,0.055999999999999994,"9.13","7.10","2.032"
"Ragans, Cole","666142","2026","115","64",0.229,0.232,-0.0030000000000000027,0.49,0.48,0.010000000000000009,0.368,0.362,0.006000000000000005,"5.00","5.40","-0.4"
"Soroka, Michael","647336","2026","115","71",0.24,0.264,-0.02400000000000002,0.365,0.443,-0.07800000000000001,0.304,0.338,-0.03400000000000003,"2.60","4.61","-2.008"
"Woodruff, Brandon","605540","2026","115","85",0.217,0.221,-0.0040000000000000036,0.377,0.382,-0.0050000000000000044,0.277,0.28,-0.0030000000000000027,"3.77","3.07","0.697"
"Mahle, Tyler","641816","2026","114","74",0.273,0.277,-0.0040000000000000036,0.485,0.479,0.006000000000000005,0.375,0.37,0.0050000000000000044,"5.26","5.69","-0.43"
"Pallante, Andre","669467","2026","114","78",0.224,0.249,-0.024999999999999994,0.367,0.449,-0.08200000000000002,0.321,0.356,-0.034999999999999976,"4.26","5.20","-0.937"
"Bubic, Kris","663460","2026","113","71",0.19,0.248,-0.057999999999999996,0.36,0.448,-0.08800000000000002,0.291,0.343,-0.052000000000000046,"4.08","4.77","-0.689"
"Civale, Aaron","650644","2026","112","82",0.267,0.264,0.0030000000000000027,0.406,0.421,-0.014999999999999958,0.316,0.323,-0.007000000000000006,"3.86","4.17","-0.313"
"Williamson, Brandon","682227","2026","112","78",0.244,0.292,-0.04799999999999999,0.411,0.516,-0.10500000000000004,0.35,0.402,-0.052000000000000046,"5.40","6.97","-1.57"
"Mikolas, Miles","571945","2026","111","85",0.33,0.268,0.062,0.59,0.513,0.07699999999999996,0.423,0.364,0.059,"8.49","5.47","3.016"
"Burns, Chase","695505","2026","111","70",0.19,0.219,-0.028999999999999998,0.32,0.372,-0.05199999999999999,0.27,0.298,-0.02799999999999997,"2.57","3.50","-0.929"
"Leahy, Kyle","681517","2026","111","82",0.299,0.294,0.0050000000000000044,0.485,0.464,0.020999999999999963,0.385,0.371,0.014000000000000012,"5.63","5.73","-0.105"
"Pfaadt, Brandon","694297","2026","110","79",0.237,0.243,-0.006000000000000005,0.423,0.437,-0.014000000000000012,0.329,0.339,-0.010000000000000009,"5.54","4.64","0.898"
"Skenes, Paul","694973","2026","110","70",0.141,0.164,-0.02300000000000002,0.242,0.257,-0.015000000000000013,0.21,0.223,-0.013000000000000012,"2.48","1.94","0.543"
"Junk, Janson","676083","2026","110","84",0.238,0.241,-0.0030000000000000027,0.356,0.378,-0.02200000000000002,0.293,0.299,-0.006000000000000005,"3.67","3.52","0.147"
"Sheehan, Emmet","686218","2026","110","72",0.242,0.245,-0.0030000000000000027,0.444,0.411,0.03300000000000003,0.331,0.316,0.015000000000000013,"4.79","3.97","0.815"
"McCullers Jr., Lance","621121","2026","109","70",0.266,0.259,0.007000000000000006,0.468,0.423,0.04500000000000004,0.372,0.349,0.02300000000000002,"6.75","4.96","1.79"
"Sugano, Tomoyuki","608372","2026","109","84",0.238,0.284,-0.045999999999999985,0.465,0.557,-0.09200000000000003,0.319,0.383,-0.064,"3.42","6.18","-2.762"
"Sasaki, Roki","808963","2026","108","71",0.304,0.275,0.02899999999999997,0.576,0.488,0.08799999999999997,0.427,0.379,0.04799999999999999,"6.35","6.03","0.323"
"Bassitt, Chris","605135","2026","108","82",0.344,0.315,0.02899999999999997,0.489,0.454,0.034999999999999976,0.411,0.385,0.025999999999999968,"6.75","6.26","0.49"
"Painter, Andrew","691725","2026","108","80",0.306,0.262,0.043999999999999984,0.439,0.413,0.026000000000000023,0.346,0.315,0.030999999999999972,"5.25","3.94","1.31"
"Chandler, Bubba","696149","2026","108","70",0.222,0.257,-0.035,0.389,0.438,-0.04899999999999999,0.333,0.359,-0.025999999999999968,"4.88","5.30","-0.425"
"Fedde, Erick","607200","2026","108","78",0.207,0.225,-0.018000000000000016,0.326,0.368,-0.04199999999999998,0.287,0.308,-0.02100000000000002,"3.42","3.75","-0.332"
"Montero, Keider","672456","2026","107","79",0.218,0.199,0.01899999999999999,0.376,0.308,0.068,0.275,0.246,0.029000000000000026,"4.00","2.36","1.64"
"Márquez, Germán","608566","2026","105","80",0.268,0.268,0,0.495,0.491,0.0040000000000000036,0.359,0.352,0.007000000000000006,"4.38","5.06","-0.682"
"Lauer, Eric","641778","2026","103","71",0.258,0.241,0.017000000000000015,0.517,0.44,0.07700000000000001,0.374,0.337,0.03699999999999998,"6.75","4.58","2.17"
"McClanahan, Shane","663556","2026","101","62",0.184,0.231,-0.047000000000000014,0.253,0.409,-0.15599999999999997,0.259,0.329,-0.07,"3.91","4.34","-0.427"
"deGrom, Jacob","594798","2026","101","59",0.213,0.214,-0.0010000000000000009,0.362,0.374,-0.01200000000000001,0.277,0.277,0,"2.13","3.00","-0.868"
"Ginn, J.T.","669372","2026","100","71",0.202,0.218,-0.015999999999999986,0.393,0.359,0.03400000000000003,0.299,0.291,0.008000000000000007,"3.24","3.32","-0.08"
"Gray, Sonny","543243","2026","99","80",0.269,0.301,-0.03199999999999997,0.43,0.51,-0.08000000000000002,0.329,0.369,-0.03999999999999998,"4.30","5.65","-1.346"
"Rasmussen, Drew","656876","2026","98","68",0.16,0.211,-0.05099999999999999,0.34,0.355,-0.014999999999999958,0.234,0.261,-0.026999999999999996,"2.46","2.65","-0.195"
"Senga, Kodai","673540","2026","97","60",0.313,0.247,0.066,0.542,0.4,0.14200000000000002,0.42,0.34,0.07999999999999996,"9.00","4.67","4.33"
"Harrison, Kyle","690986","2026","96","55",0.2,0.229,-0.028999999999999998,0.306,0.329,-0.02300000000000002,0.278,0.295,-0.01699999999999996,"2.28","3.42","-1.138"
"López, Reynaldo","625643","2026","95","63",0.244,0.261,-0.017000000000000015,0.439,0.432,0.007000000000000006,0.345,0.347,-0.0020000000000000018,"3.74","4.90","-1.162"
"Sproat, Brandon","687075","2026","95","62",0.275,0.255,0.020000000000000018,0.512,0.451,0.061,0.392,0.358,0.03400000000000003,"6.45","5.26","1.188"
"Patrick, Chad","694477","2026","94","75",0.247,0.251,-0.0040000000000000036,0.388,0.416,-0.02799999999999997,0.311,0.318,-0.007000000000000006,"2.35","4.02","-1.672"
"Abel, Mick","690953","2026","93","57",0.275,0.274,0.0010000000000000009,0.35,0.413,-0.063,0.334,0.351,-0.01699999999999996,"3.98","5.03","-1.046"
"Ohtani, Shohei","660271","2026","92","60",0.141,0.184,-0.04300000000000001,0.212,0.25,-0.038000000000000006,0.196,0.227,-0.031,"0.38","2.01","-1.635"
"Buehler, Walker","621111","2026","92","62",0.293,0.286,0.007000000000000006,0.402,0.426,-0.023999999999999966,0.35,0.35,0,"5.75","4.99","0.764"
"Weiss, Ryan","680802","2026","91","55",0.325,0.267,0.057999999999999996,0.558,0.461,0.09700000000000003,0.433,0.371,0.062,"6.50","5.73","0.77"
"Pérez, Martín","527048","2026","91","69",0.198,0.267,-0.069,0.383,0.432,-0.04899999999999999,0.287,0.337,-0.050000000000000044,"2.70","4.58","-1.88"
"Feltner, Ryan","663372","2026","88","63",0.275,0.278,-0.0030000000000000027,0.563,0.573,-0.010000000000000009,0.39,0.39,0,"6.30","6.46","-0.16"
"Brown, Ben","676962","2026","86","58",0.218,0.22,-0.0020000000000000018,0.282,0.306,-0.02400000000000002,0.258,0.267,-0.009000000000000008,"2.14","2.78","-0.637"
"Manaea, Sean","640455","2026","85","57",0.257,0.262,-0.0050000000000000044,0.405,0.443,-0.03799999999999998,0.33,0.341,-0.01100000000000001,"4.66","4.70","-0.045"
"Gil, Luis","661563","2026","85","62",0.211,0.262,-0.05100000000000002,0.507,0.498,0.009000000000000008,0.373,0.386,-0.013000000000000012,"6.05","6.30","-0.248"
"Scherzer, Max","453286","2026","84","65",0.297,0.291,0.006000000000000005,0.608,0.561,0.04699999999999993,0.419,0.397,0.021999999999999964,"9.64","6.75","2.893"
"Assad, Javier","665871","2026","84","67",0.289,0.308,-0.019000000000000017,0.474,0.461,0.012999999999999956,0.355,0.362,-0.007000000000000006,"7.58","5.40","2.179"
"Lord, Brad","695418","2026","82","63",0.24,0.267,-0.027000000000000024,0.387,0.463,-0.07600000000000001,0.298,0.336,-0.038000000000000034,"4.19","4.55","-0.36"
"Quintana, Jose","500779","2026","82","62",0.254,0.275,-0.02100000000000002,0.478,0.472,0.006000000000000005,0.357,0.36,-0.0030000000000000027,"4.91","5.33","-0.421"
"Scholtens, Jesse","669947","2026","82","60",0.203,0.254,-0.05099999999999999,0.378,0.382,-0.0040000000000000036,0.295,0.315,-0.020000000000000018,"3.20","3.94","-0.737"
"Ashby, Aaron","676879","2026","80","39",0.217,0.185,0.032,0.304,0.273,0.030999999999999972,0.295,0.266,0.02899999999999997,"2.46","2.76","-0.305"
"Blubaugh, AJ","805123","2026","79","54",0.25,0.219,0.031,0.469,0.412,0.056999999999999995,0.354,0.341,0.012999999999999956,"6.23","4.70","1.531"
"Agnos, Zach","688642","2026","79","56",0.3,0.277,0.022999999999999965,0.471,0.436,0.034999999999999976,0.36,0.333,0.02699999999999997,"5.71","4.46","1.252"
"Corbin, Patrick","571578","2026","79","55",0.265,0.289,-0.023999999999999966,0.397,0.504,-0.10699999999999998,0.326,0.375,-0.04899999999999999,"3.72","5.87","-2.146"
"Arrighetti, Spencer","681293","2026","78","44",0.169,0.239,-0.06999999999999998,0.277,0.411,-0.13399999999999995,0.281,0.35,-0.06899999999999995,"2.00","4.99","-2.99"
"Boyd, Matthew","571510","2026","78","47",0.288,0.259,0.02899999999999997,0.397,0.437,-0.03999999999999998,0.327,0.322,0.0050000000000000044,"7.00","4.14","2.86"
"Watson, Ryan","670245","2026","77","59",0.309,0.325,-0.016000000000000014,0.485,0.609,-0.124,0.385,0.43,-0.044999999999999984,"7.31","8.28","-0.967"
"Phillips, Tyler","663969","2026","76","44",0.19,0.224,-0.034,0.286,0.364,-0.07800000000000001,0.294,0.33,-0.03600000000000003,"1.56","4.37","-2.812"
"Svanson, Matt","694335","2026","75","49",0.323,0.331,-0.008000000000000007,0.5,0.499,0.0010000000000000009,0.421,0.418,0.0030000000000000027,"10.43","7.69","2.742"
"Newcomb, Sean","656794","2026","74","53",0.288,0.264,0.023999999999999966,0.439,0.357,0.08200000000000002,0.342,0.301,0.041000000000000036,"4.32","3.57","0.75"
"Gómez, Yoendrys","672782","2026","74","51",0.279,0.315,-0.035999999999999976,0.541,0.609,-0.06799999999999995,0.394,0.437,-0.04299999999999998,"7.04","8.64","-1.597"
"Harris, Hogan","663687","2026","73","43",0.169,0.19,-0.02099999999999999,0.254,0.296,-0.04199999999999998,0.28,0.3,-0.019999999999999962,"2.20","3.55","-1.346"
"Phillips, Connor","683175","2026","73","41",0.158,0.221,-0.063,0.263,0.366,-0.10299999999999998,0.298,0.352,-0.05399999999999999,"2.16","5.06","-2.9"
"Anderson, Shaun","641312","2026","73","52",0.27,0.287,-0.01699999999999996,0.429,0.463,-0.03400000000000003,0.356,0.37,-0.014000000000000012,"5.94","5.69","0.25"
"Suarez, José","660761","2026","73","44",0.317,0.247,0.07,0.365,0.324,0.04099999999999998,0.36,0.311,0.04899999999999999,"5.87","3.83","2.04"
"Suter, Brent","608718","2026","72","46",0.238,0.192,0.045999999999999985,0.444,0.372,0.07200000000000001,0.339,0.292,0.04700000000000004,"3.00","3.35","-0.35"
"Ramírez, Yohan","670990","2026","72","43",0.177,0.218,-0.04100000000000001,0.306,0.31,-0.0040000000000000036,0.254,0.271,-0.017000000000000015,"2.04","2.86","-0.822"
"Sulser, Cole","642121","2026","71","53",0.29,0.275,0.014999999999999958,0.403,0.495,-0.09199999999999997,0.336,0.359,-0.022999999999999965,"3.45","5.30","-1.853"
"Freeland, Kyle","607536","2026","67","46",0.22,0.251,-0.031,0.305,0.348,-0.04299999999999998,0.29,0.314,-0.02400000000000002,"2.30","3.91","-1.612"
"Anderson, Drew","623454","2026","67","40",0.232,0.241,-0.00899999999999998,0.446,0.449,-0.0030000000000000027,0.356,0.355,0.0010000000000000009,"6.60","5.16","1.44"
"Morejon, Adrian","670970","2026","67","46",0.27,0.25,0.020000000000000018,0.333,0.345,-0.011999999999999955,0.294,0.284,0.010000000000000009,"5.28","3.16","2.123"
"Taylor, Grant","691799","2026","66","39",0.242,0.208,0.034,0.339,0.306,0.03300000000000003,0.282,0.25,0.03199999999999997,"2.94","2.43","0.505"
"Sterner, Justin","686993","2026","66","43",0.283,0.242,0.04099999999999998,0.383,0.338,0.044999999999999984,0.32,0.279,0.04099999999999998,"3.07","3.04","0.028"
"Pivetta, Nick","601713","2026","66","36",0.2,0.154,0.04600000000000001,0.267,0.228,0.03900000000000001,0.251,0.213,0.038000000000000006,"4.50","1.78","2.72"
"Boyle, Joe","671212","2026","66","44",0.19,0.261,-0.07100000000000001,0.328,0.412,-0.08399999999999996,0.261,0.329,-0.068,"5.17","4.34","0.83"
"Morán, Jovani","663558","2026","65","40",0.161,0.16,0.0010000000000000009,0.321,0.302,0.019000000000000017,0.27,0.261,0.009000000000000008,"2.25","2.65","-0.4"
"Mattson, Isaac","676755","2026","65","46",0.211,0.291,-0.07999999999999999,0.228,0.46,-0.232,0.249,0.358,-0.10899999999999999,"1.13","5.26","-4.135"
"Ferrer, Jose A.","678606","2026","65","50",0.328,0.235,0.09300000000000003,0.379,0.278,0.10099999999999998,0.347,0.262,0.08499999999999996,"1.93","2.67","-0.741"
"Bido, Osvaldo","674370","2026","65","44",0.222,0.257,-0.035,0.444,0.46,-0.016000000000000014,0.359,0.373,-0.014000000000000012,"6.46","5.80","0.657"
"Wells, Tyler","669330","2026","65","43",0.241,0.234,0.0069999999999999785,0.448,0.41,0.038000000000000034,0.324,0.307,0.017000000000000015,"3.38","3.73","-0.355"
"Teng, Kai-Wei","678906","2026","64","42",0.155,0.204,-0.04899999999999999,0.31,0.298,0.01200000000000001,0.248,0.262,-0.014000000000000012,"2.16","2.67","-0.51"
"Myers, Tobias","668964","2026","64","48",0.194,0.253,-0.059,0.306,0.351,-0.044999999999999984,0.226,0.267,-0.04100000000000001,"2.60","2.78","-0.184"
"Bruihl, Justin","677865","2026","64","45",0.188,0.286,-0.09799999999999998,0.292,0.437,-0.14500000000000002,0.302,0.39,-0.08800000000000002,"5.02","6.46","-1.437"
"Morgan, David","688158","2026","64","38",0.314,0.206,0.10800000000000001,0.51,0.281,0.22899999999999998,0.421,0.299,0.122,"5.68","3.52","2.164"
"Senzatela, Antonio","622608","2026","64","42",0.133,0.195,-0.062,0.15,0.275,-0.12500000000000003,0.163,0.234,-0.07100000000000001,"0.50","2.13","-1.63"
"Mayza, Tim","641835","2026","63","42",0.179,0.2,-0.02100000000000002,0.304,0.337,-0.03300000000000003,0.258,0.275,-0.017000000000000015,"4.20","2.95","1.25"
"Poulin, PJ","676571","2026","63","45",0.241,0.275,-0.03400000000000003,0.444,0.501,-0.056999999999999995,0.356,0.384,-0.028000000000000025,"4.39","6.22","-1.825"
"Schultz, Noah","702273","2026","63","36",0.151,0.192,-0.04100000000000001,0.264,0.318,-0.05399999999999999,0.256,0.289,-0.032999999999999974,"3.52","3.28","0.242"
"Marinaccio, Ron","676760","2026","62","47",0.31,0.252,0.057999999999999996,0.5,0.428,0.07200000000000001,0.375,0.316,0.059,"6.14","3.97","2.166"
"Hicks, Jordan","663855","2026","62","43",0.313,0.253,0.06,0.375,0.295,0.08000000000000002,0.362,0.311,0.05099999999999999,"4.26","3.83","0.433"
"Pérez, Cionel","672335","2026","62","42",0.275,0.327,-0.05199999999999999,0.412,0.632,-0.22000000000000003,0.373,0.458,-0.08500000000000002,"7.62","9.82","-2.205"
"Bachman, Sam","696147","2026","61","36",0.196,0.191,0.0050000000000000044,0.294,0.295,-0.0010000000000000009,0.296,0.292,0.0040000000000000036,"3.68","3.35","0.332"
"Festa, Matt","670036","2026","61","44",0.246,0.216,0.03,0.439,0.391,0.04799999999999999,0.312,0.276,0.035999999999999976,"5.27","2.98","2.288"
"Lawrence, Justin","664875","2026","61","38",0.222,0.287,-0.06499999999999997,0.444,0.492,-0.04799999999999999,0.336,0.377,-0.04099999999999998,"5.14","5.95","-0.807"
"Zeferjahn, Ryan","666171","2026","61","36",0.192,0.15,0.04200000000000001,0.269,0.23,0.03900000000000001,0.266,0.236,0.030000000000000027,"5.65","2.17","3.481"
"Hoffman, Jeff","656546","2026","61","27",0.308,0.212,0.096,0.442,0.323,0.119,0.376,0.289,0.08700000000000002,"6.94","3.28","3.663"
"Mejia, Juan","675848","2026","61","42",0.327,0.264,0.063,0.4,0.397,0.0030000000000000027,0.356,0.319,0.03699999999999998,"5.40","4.05","1.35"
"Brubaker, JT","664141","2026","61","41",0.25,0.311,-0.061,0.365,0.46,-0.09500000000000003,0.334,0.387,-0.05299999999999999,"2.51","6.34","-3.828"
"Wilcox, Cole","677961","2026","60","36",0.347,0.31,0.03699999999999998,0.449,0.501,-0.05199999999999999,0.402,0.399,0.0030000000000000027,"6.35","6.84","-0.487"
"Stanek, Ryne","592773","2026","60","32",0.306,0.237,0.069,0.429,0.375,0.05399999999999999,0.388,0.336,0.05199999999999999,"7.71","4.55","3.164"
"Hart, Kyle","606996","2026","60","46",0.216,0.243,-0.026999999999999996,0.333,0.364,-0.030999999999999972,0.291,0.315,-0.02400000000000002,"4.91","3.94","0.969"
"Urena, Walbert","700712","2026","60","37",0.3,0.211,0.089,0.42,0.302,0.118,0.376,0.295,0.08100000000000002,"4.76","3.42","1.345"
"Alexander, Tyler","641302","2026","60","43",0.264,0.211,0.05300000000000002,0.283,0.263,0.019999999999999962,0.281,0.247,0.03400000000000003,"0.63","2.37","-1.742"
"Englert, Mason","669438","2026","60","46",0.345,0.344,0.0010000000000000009,0.655,0.701,-0.04599999999999993,0.433,0.441,-0.008000000000000007,"7.11","8.86","-1.755"
"Lovelady, Richard","663992","2026","59","38",0.265,0.24,0.025000000000000022,0.347,0.327,0.019999999999999962,0.311,0.287,0.02400000000000002,"2.77","3.23","-0.461"
"Headrick, Brent","687396","2026","59","40",0.294,0.272,0.021999999999999964,0.373,0.383,-0.010000000000000009,0.325,0.313,0.01200000000000001,"2.08","3.89","-1.813"
"Fisher, Braydon","680755","2026","58","36",0.216,0.241,-0.024999999999999994,0.333,0.369,-0.035999999999999976,0.29,0.309,-0.019000000000000017,"1.76","3.78","-2.019"
"Santana, Dennis","642701","2026","58","39",0.184,0.247,-0.063,0.367,0.404,-0.03700000000000003,0.303,0.339,-0.03600000000000003,"3.29","4.64","-1.347"
"Miles, Spencer","693686","2026","58","42",0.241,0.282,-0.04099999999999998,0.37,0.422,-0.05199999999999999,0.298,0.33,-0.03200000000000003,"3.29","4.37","-1.077"
"Leasure, Jordan","673929","2026","58","38",0.22,0.272,-0.05200000000000002,0.48,0.633,-0.15300000000000002,0.35,0.42,-0.07,"6.75","7.79","-1.04"
"Leiter Jr., Mark","643410","2026","57","40",0.346,0.315,0.030999999999999972,0.481,0.469,0.01200000000000001,0.39,0.364,0.026000000000000023,"6.94","5.47","1.473"
"Lange, Alex","656638","2026","57","28",0.277,0.236,0.041000000000000036,0.489,0.441,0.04799999999999999,0.398,0.362,0.03600000000000003,"7.71","5.40","2.314"
"Hudson, Bryan","663542","2026","57","32",0.25,0.238,0.01200000000000001,0.295,0.31,-0.015000000000000013,0.303,0.304,-0.0010000000000000009,"1.39","3.65","-2.265"
"Smith, Cade","671922","2026","57","38",0.288,0.258,0.02999999999999997,0.481,0.436,0.044999999999999984,0.347,0.318,0.02899999999999997,"4.15","4.02","0.134"
"Varland, Louis","686973","2026","57","30",0.231,0.172,0.059000000000000025,0.269,0.201,0.068,0.253,0.201,0.05199999999999999,"0.60","1.59","-0.99"
"Vodnik, Victor","680767","2026","57","40",0.347,0.248,0.09899999999999998,0.51,0.391,0.119,0.411,0.323,0.08799999999999997,"6.94","4.17","2.773"
"Rogers, Tyler","643511","2026","56","45",0.157,0.206,-0.04899999999999999,0.157,0.238,-0.08099999999999999,0.152,0.204,-0.05199999999999999,"0.63","1.64","-1.012"
"Romero, JoJo","668941","2026","56","43",0.24,0.3,-0.06,0.4,0.491,-0.09099999999999997,0.318,0.371,-0.05299999999999999,"3.95","5.73","-1.779"
"Soto, Gregory","642397","2026","56","29",0.122,0.147,-0.024999999999999994,0.204,0.201,0.002999999999999975,0.213,0.221,-0.008000000000000007,"1.84","1.91","-0.069"
"Loáisiga, Jonathan","642528","2026","56","42",0.269,0.248,0.02100000000000002,0.365,0.361,0.0040000000000000036,0.298,0.302,-0.0040000000000000036,"3.29","3.60","-0.307"
"Bachar, Lake","669199","2026","56","32",0.17,0.178,-0.00799999999999998,0.319,0.293,0.026000000000000023,0.271,0.262,0.009000000000000008,"3.29","2.67","0.623"
"Seymour, Ian","693855","2026","55","34",0.286,0.248,0.03799999999999998,0.449,0.476,-0.02699999999999997,0.35,0.338,0.011999999999999955,"7.11","4.61","2.495"
"Zerpa, Angel","672582","2026","55","41",0.333,0.328,0.0050000000000000044,0.521,0.53,-0.009000000000000008,0.41,0.407,0.0030000000000000027,"6.39","7.19","-0.795"
"Burke, Brock","656271","2026","55","33",0.188,0.221,-0.033,0.292,0.372,-0.08000000000000002,0.272,0.313,-0.04099999999999998,"0.68","3.89","-3.215"
"Holton, Tyler","663947","2026","55","38",0.283,0.32,-0.03700000000000003,0.348,0.437,-0.08900000000000002,0.351,0.39,-0.039000000000000035,"4.50","6.46","-1.96"
"Topa, Justin","623437","2026","55","42",0.286,0.277,0.008999999999999952,0.388,0.407,-0.01899999999999996,0.329,0.328,0.0010000000000000009,"3.55","4.31","-0.757"
"Bednar, David","670280","2026","55","36",0.286,0.229,0.05699999999999997,0.327,0.265,0.062,0.3,0.257,0.04299999999999998,"3.09","2.57","0.516"
"Ashcraft, Graham","668933","2026","55","32",0.191,0.192,-0.0010000000000000009,0.319,0.291,0.028000000000000025,0.291,0.288,0.0030000000000000027,"1.29","3.25","-1.964"
"Hill, Jaden","677955","2026","55","34",0.261,0.255,0.006000000000000005,0.348,0.368,-0.020000000000000018,0.327,0.327,0,"3.18","4.28","-1.104"
"Bender, Anthony","669622","2026","54","30",0.256,0.219,0.037000000000000005,0.302,0.277,0.024999999999999967,0.323,0.295,0.028000000000000025,"5.73","3.42","2.307"
"Montgomery, Mason","682254","2026","54","26",0.229,0.211,0.018000000000000016,0.333,0.336,-0.0030000000000000027,0.298,0.287,0.01100000000000001,"3.65","3.23","0.419"
"Rodriguez, Bradgley","699134","2026","54","38",0.245,0.185,0.06,0.286,0.222,0.06399999999999997,0.259,0.205,0.05400000000000002,"2.08","1.66","0.417"
"Morillo, Juan","666661","2026","54","34",0.16,0.161,-0.0010000000000000009,0.22,0.263,-0.04300000000000001,0.208,0.221,-0.013000000000000012,"1.98","1.91","0.066"
"Banks, Tanner","621383","2026","54","35",0.383,0.301,0.08200000000000002,0.511,0.418,0.09300000000000003,0.43,0.355,0.07500000000000001,"7.20","5.16","2.04"
"O'Brien, Riley","676617","2026","54","35",0.196,0.186,0.010000000000000009,0.216,0.236,-0.01999999999999999,0.215,0.214,0.0010000000000000009,"1.26","1.80","-0.544"
"Nance, Tommy","667297","2026","53","33",0.239,0.23,0.00899999999999998,0.348,0.365,-0.017000000000000015,0.31,0.308,0.0020000000000000018,"6.00","3.75","2.25"
"Sabrowski, Erik","681870","2026","53","26",0.152,0.17,-0.018000000000000016,0.261,0.302,-0.04099999999999998,0.236,0.266,-0.030000000000000027,"2.70","2.76","-0.06"
"Legumina, Casey","668984","2026","53","38",0.341,0.277,0.064,0.5,0.461,0.03899999999999998,0.394,0.351,0.04300000000000004,"4.63","5.03","-0.401"
"Suárez, Albert","544150","2026","53","42",0.213,0.262,-0.049000000000000016,0.447,0.498,-0.05099999999999999,0.317,0.364,-0.046999999999999986,"3.46","5.47","-2.008"
"Clarke, Taylor","664199","2026","53","44",0.213,0.243,-0.03,0.34,0.391,-0.05099999999999999,0.25,0.289,-0.03899999999999998,"3.29","3.28","0.013"
"King, Bryan","687911","2026","53","32",0.244,0.23,0.013999999999999985,0.333,0.279,0.05399999999999999,0.316,0.29,0.026000000000000023,"3.86","3.30","0.557"
"Pomeranz, Drew","519141","2026","53","38",0.304,0.302,0.0020000000000000018,0.652,0.575,0.07700000000000007,0.428,0.392,0.035999999999999976,"8.73","6.54","2.195"
"Finnegan, Kyle","640448","2026","53","35",0.178,0.18,-0.0020000000000000018,0.333,0.299,0.03400000000000003,0.293,0.28,0.012999999999999956,"0.66","3.07","-2.411"
"Graceffo, Gordon","700669","2026","53","38",0.152,0.273,-0.12100000000000002,0.152,0.469,-0.31699999999999995,0.213,0.368,-0.155,"1.26","5.62","-4.364"
"Banda, Anthony","607455","2026","53","35",0.289,0.235,0.05399999999999999,0.489,0.395,0.09399999999999997,0.389,0.331,0.057999999999999996,"8.73","4.40","4.335"
"Moll, Sam","594580","2026","53","30",0.122,0.193,-0.07100000000000001,0.22,0.294,-0.07399999999999998,0.268,0.323,-0.05499999999999999,"2.19","4.17","-1.981"
"Milner, Hoby","571948","2026","53","44",0.213,0.287,-0.07399999999999998,0.34,0.506,-0.16599999999999998,0.296,0.381,-0.08500000000000002,"2.70","6.10","-3.4"
"Anderson, Grant","681982","2026","52","35",0.174,0.214,-0.04000000000000001,0.283,0.289,-0.006000000000000005,0.247,0.265,-0.018000000000000016,"2.57","2.74","-0.169"
"Ginkel, Kevin","656464","2026","52","34",0.245,0.223,0.021999999999999992,0.367,0.349,0.018000000000000016,0.293,0.272,0.020999999999999963,"4.38","2.89","1.488"
"Junis, Jakob","596001","2026","52","40",0.152,0.265,-0.11300000000000002,0.196,0.377,-0.181,0.209,0.321,-0.11200000000000002,"2.02","4.11","-2.085"
"Winn, Cole","668390","2026","52","33",0.217,0.202,0.014999999999999986,0.37,0.333,0.03699999999999998,0.294,0.282,0.01200000000000001,"4.50","3.11","1.39"
"Latz, Jacob","656641","2026","52","36",0.082,0.133,-0.051000000000000004,0.184,0.273,-0.08900000000000002,0.147,0.203,-0.05600000000000002,"1.23","1.62","-0.393"
"Pagán, Emilio","641941","2026","52","35",0.2,0.223,-0.022999999999999993,0.4,0.443,-0.04299999999999998,0.311,0.332,-0.02100000000000002,"4.38","4.43","-0.052"
"Peralta, Wandy","593974","2026","52","37",0.292,0.25,0.04199999999999998,0.479,0.37,0.10899999999999999,0.364,0.299,0.065,"2.19","3.52","-1.331"
"Jax, Griffin","643377","2026","52","32",0.268,0.262,0.006000000000000005,0.512,0.445,0.067,0.383,0.357,0.026000000000000023,"6.35","5.23","1.123"
"Weissert, Greg","669711","2026","52","31",0.255,0.235,0.020000000000000018,0.468,0.43,0.038000000000000034,0.337,0.308,0.029000000000000026,"3.86","3.75","0.107"
"Vest, Will","676684","2026","52","33",0.239,0.204,0.035,0.326,0.342,-0.016000000000000014,0.302,0.289,0.013000000000000012,"6.17","3.28","2.891"
"Brazobán, Huascar","623211","2026","52","38",0.224,0.256,-0.032,0.327,0.346,-0.01899999999999996,0.269,0.287,-0.01799999999999996,"1.35","3.23","-1.88"
"Webb, Jacob","657097","2026","52","34",0.356,0.339,0.01699999999999996,0.6,0.601,-0.0010000000000000009,0.441,0.434,0.007000000000000006,"5.06","8.49","-3.427"
"Domínguez, Seranthony","622554","2026","52","28",0.195,0.253,-0.057999999999999996,0.439,0.52,-0.08100000000000002,0.344,0.398,-0.05400000000000005,"4.91","6.79","-1.881"
"Walker, Ryan","676254","2026","51","33",0.222,0.221,0.0010000000000000009,0.311,0.343,-0.03200000000000003,0.274,0.28,-0.006000000000000005,"3.00","3.07","-0.07"
"Pallette, Peyton","688883","2026","51","31",0.209,0.274,-0.06500000000000003,0.302,0.411,-0.10899999999999999,0.302,0.36,-0.057999999999999996,"3.86","5.33","-1.473"
"Woodford, Jake","663765","2026","51","42",0.347,0.361,-0.014000000000000012,0.429,0.535,-0.10600000000000004,0.359,0.399,-0.040000000000000036,"5.91","6.84","-0.934"
"Soriano, George","666277","2026","51","34",0.163,0.225,-0.062,0.279,0.444,-0.16499999999999998,0.25,0.341,-0.09100000000000003,"4.38","4.70","-0.322"
"Barlow, Scott","605130","2026","51","32",0.167,0.197,-0.03,0.333,0.342,-0.009000000000000008,0.28,0.306,-0.025999999999999968,"3.75","3.70","0.05"
"Hall, DL","669084","2026","51","26",0.2,0.204,-0.003999999999999976,0.325,0.354,-0.02899999999999997,0.333,0.34,-0.007000000000000006,"2.31","4.67","-2.356"
"Nunez, Anthony","689296","2026","50","31",0.13,0.199,-0.069,0.283,0.36,-0.07700000000000001,0.209,0.265,-0.05600000000000002,"1.35","2.74","-1.39"
"Johnson, Pierce","572955","2026","50","35",0.283,0.323,-0.040000000000000036,0.543,0.655,-0.11199999999999999,0.361,0.42,-0.059,"3.75","7.79","-4.04"
"Varland, Gus","681402","2026","50","34",0.289,0.272,0.01699999999999996,0.444,0.458,-0.014000000000000012,0.337,0.341,-0.0040000000000000036,"3.18","4.70","-1.524"
"Gordon, Colton","676467","2026","50","35",0.467,0.326,0.14100000000000001,0.933,0.587,0.3460000000000001,0.596,0.41,0.186,"11.57","7.32","4.251"
"Miller, Mason","695243","2026","50","20",0.125,0.103,0.022000000000000006,0.125,0.117,0.007999999999999993,0.137,0.121,0.016000000000000014,"1.26","0.65","0.606"
"Kelly, Merrill","518876","2026","50","35",0.366,0.364,0.0020000000000000018,0.756,0.806,-0.050000000000000044,0.503,0.512,-0.009000000000000008,"9.31","13.58","-4.27"
"Muñoz, Andrés","662253","2026","49","25",0.238,0.266,-0.028000000000000025,0.429,0.466,-0.03700000000000003,0.334,0.368,-0.033999999999999975,"6.54","5.62","0.925"
"Okert, Steven","595345","2026","49","35",0.163,0.2,-0.037000000000000005,0.302,0.365,-0.063,0.247,0.285,-0.03799999999999998,"2.77","3.18","-0.411"
"Blackburn, Paul","621112","2026","49","39",0.304,0.279,0.024999999999999967,0.37,0.381,-0.01100000000000001,0.324,0.312,0.01200000000000001,"4.09","3.86","0.231"
"Alvarado, José","621237","2026","49","31",0.341,0.248,0.09300000000000003,0.415,0.315,0.09999999999999998,0.384,0.306,0.07800000000000001,"7.45","3.70","3.748"
"Seabold, Connor","657756","2026","49","33",0.286,0.202,0.08399999999999996,0.476,0.305,0.17099999999999999,0.357,0.263,0.09399999999999997,"4.09","2.69","1.401"
"Nardi, Andrew","677053","2026","49","29",0.3,0.249,0.05099999999999999,0.525,0.512,0.013000000000000012,0.416,0.387,0.02899999999999997,"7.20","6.34","0.86"
"Smith, Shane","681343","2026","49","27",0.316,0.246,0.07,0.5,0.293,0.20700000000000002,0.429,0.335,0.09399999999999997,"10.80","4.52","6.28"
"Criswell, Cooper","681867","2026","49","33",0.244,0.263,-0.019000000000000017,0.444,0.492,-0.04799999999999999,0.325,0.346,-0.020999999999999963,"2.77","4.86","-2.091"
"Bazardo, Eduard","660825","2026","48","33",0.19,0.183,0.007000000000000006,0.286,0.297,-0.01100000000000001,0.255,0.255,0,"1.46","2.53","-1.071"
"Faucher, Calvin","676534","2026","48","26",0.205,0.251,-0.04600000000000001,0.282,0.419,-0.137,0.307,0.364,-0.056999999999999995,"5.40","5.47","-0.07"
"Suarez, Robert","663158","2026","48","33",0.196,0.235,-0.03899999999999998,0.196,0.286,-0.08999999999999997,0.199,0.246,-0.046999999999999986,"0.71","2.36","-1.649"
"Bellozo, Valente","678368","2026","48","32",0.256,0.316,-0.06,0.641,0.737,-0.09599999999999997,0.426,0.477,-0.05099999999999999,"7.59","11.01","-3.416"
"Hoffmann, Andrew","694851","2026","48","28",0.205,0.237,-0.032,0.487,0.418,0.069,0.358,0.345,0.013000000000000012,"2.38","4.83","-2.448"
"Povich, Cade","700249","2026","48","38",0.2,0.253,-0.05299999999999999,0.289,0.39,-0.10100000000000003,0.246,0.303,-0.056999999999999995,"2.19","3.62","-1.431"
"Lambert, Peter","663567","2026","48","26",0.238,0.206,0.032,0.262,0.284,-0.021999999999999964,0.286,0.275,0.010999999999999954,"3.27","2.95","0.323"
"Javier, Cristian","664299","2026","48","33",0.351,0.29,0.061,0.541,0.445,0.09600000000000003,0.465,0.407,0.05800000000000005,"12.54","7.19","5.346"
"Perkins, Jack","678022","2026","48","28",0.233,0.251,-0.017999999999999988,0.279,0.357,-0.07799999999999996,0.279,0.31,-0.030999999999999972,"3.18","3.81","-0.634"
"Silseth, Chase","681217","2026","48","30",0.237,0.238,-0.0010000000000000009,0.368,0.363,0.0050000000000000044,0.334,0.329,0.0050000000000000044,"2.61","4.34","-1.727"
"Wolfram, Grant","664991","2026","48","28",0.318,0.232,0.086,0.5,0.312,0.188,0.378,0.267,0.11099999999999999,"4.50","2.78","1.72"
"Kelly, Kevin","687330","2026","47","31",0.143,0.26,-0.11700000000000002,0.238,0.387,-0.14900000000000002,0.214,0.318,-0.10400000000000001,"4.38","4.02","0.358"
"Megill, Trevor","656730","2026","47","29",0.256,0.234,0.021999999999999992,0.359,0.418,-0.059,0.329,0.336,-0.007000000000000006,"7.20","4.55","2.65"
"Petersen, Michael","656848","2026","47","29",0.143,0.166,-0.02300000000000002,0.214,0.41,-0.19599999999999998,0.215,0.29,-0.07499999999999998,"3.00","3.30","-0.3"
"Morris, Andrew","702193","2026","47","34",0.357,0.278,0.07899999999999996,0.476,0.418,0.057999999999999996,0.382,0.321,0.061,"7.20","4.11","3.09"
"Orze, Eric","679358","2026","47","32",0.244,0.227,0.016999999999999987,0.293,0.282,0.01100000000000001,0.268,0.257,0.01100000000000001,"3.09","2.57","0.516"
"Lee, Dylan","669276","2026","47","32",0.136,0.18,-0.043999999999999984,0.273,0.279,-0.006000000000000005,0.192,0.231,-0.03900000000000001,"1.39","2.08","-0.695"
"Kilian, Caleb","668873","2026","47","25",0.105,0.172,-0.06699999999999999,0.184,0.259,-0.07500000000000001,0.212,0.262,-0.05000000000000002,"0.75","2.67","-1.92"
"Erceg, Lucas","668674","2026","47","29",0.237,0.253,-0.016000000000000014,0.316,0.346,-0.02999999999999997,0.332,0.346,-0.013999999999999957,"4.76","4.86","-0.095"
"Kinley, Tyler","641755","2026","47","29",0.125,0.192,-0.067,0.125,0.225,-0.1,0.191,0.251,-0.06,"1.50","2.45","-0.95"
"Armstrong, Shawn","542888","2026","47","26",0.205,0.196,0.00899999999999998,0.41,0.446,-0.03600000000000003,0.341,0.344,-0.002999999999999947,"4.22","4.80","-0.581"
"Speier, Gabe","642100","2026","47","32",0.282,0.27,0.011999999999999955,0.462,0.506,-0.043999999999999984,0.344,0.352,-0.008000000000000007,"2.53","5.06","-2.529"
"Dreyer, Jack","676263","2026","47","27",0.175,0.176,-0.0010000000000000009,0.3,0.366,-0.066,0.272,0.291,-0.01899999999999996,"3.75","3.32","0.43"
"De Jesus, Enmanuel","646241","2026","47","32",0.4,0.303,0.09700000000000003,0.525,0.43,0.09500000000000003,0.445,0.367,0.07800000000000001,"10.13","5.58","4.545"
"Beeks, Jalen","656222","2026","47","32",0.209,0.207,0.0020000000000000018,0.279,0.362,-0.08299999999999996,0.248,0.273,-0.025000000000000022,"1.50","2.91","-1.41"
"Waldron, Matt","663362","2026","47","35",0.39,0.266,0.124,0.707,0.424,0.283,0.498,0.341,0.15699999999999997,"12.46","4.70","7.762"
"Baker, Bryan","641329","2026","46","30",0.209,0.2,0.00899999999999998,0.349,0.277,0.07199999999999995,0.273,0.239,0.03400000000000003,"3.18","2.22","0.956"
"Keller, Brad","641745","2026","46","33",0.209,0.215,-0.006000000000000005,0.349,0.31,0.03899999999999998,0.274,0.259,0.015000000000000013,"3.86","2.61","1.247"
"De Los Santos, Enyel","660853","2026","46","35",0.279,0.22,0.059000000000000025,0.465,0.336,0.129,0.348,0.269,0.07899999999999996,"6.10","2.82","3.277"
"Yarbrough, Ryan","642232","2026","46","32",0.2,0.197,0.0030000000000000027,0.325,0.276,0.04899999999999999,0.282,0.26,0.021999999999999964,"4.09","2.63","1.461"
"Beeter, Clayton","690925","2026","46","28",0.139,0.205,-0.06599999999999998,0.306,0.374,-0.068,0.269,0.342,-0.07300000000000001,"3.48","4.74","-1.256"
"Abreu, Bryan","650556","2026","46","20",0.273,0.224,0.049000000000000016,0.667,0.479,0.18800000000000006,0.487,0.414,0.07300000000000001,"12.96","7.51","5.45"
"Funderburk, Kody","681892","2026","46","28",0.194,0.26,-0.066,0.278,0.398,-0.12,0.318,0.376,-0.057999999999999996,"1.74","5.91","-4.168"
"Sims, Lucas","608371","2026","46","28",0.257,0.22,0.037000000000000005,0.4,0.356,0.04400000000000004,0.358,0.332,0.025999999999999968,"4.50","4.43","0.07"
"Herget, Jimmy","623474","2026","46","32",0.2,0.24,-0.03999999999999998,0.25,0.414,-0.16399999999999998,0.225,0.312,-0.087,"1.50","3.86","-2.36"
"Brogdon, Connor","641401","2026","45","32",0.225,0.259,-0.034,0.475,0.51,-0.03500000000000003,0.32,0.344,-0.023999999999999966,"5.91","4.80","1.106"
"Uribe, Abner","682842","2026","45","29",0.214,0.248,-0.034,0.31,0.368,-0.057999999999999996,0.262,0.293,-0.030999999999999972,"3.97","3.37","0.601"
"Sands, Cole","663485","2026","45","31",0.231,0.237,-0.005999999999999978,0.308,0.391,-0.08300000000000002,0.276,0.303,-0.02699999999999997,"3.27","3.62","-0.347"
"Mantiply, Joe","573009","2026","45","26",0.256,0.216,0.04000000000000001,0.385,0.353,0.03200000000000003,0.321,0.288,0.03300000000000003,"3.38","3.25","0.125"
"Klein, Will","694361","2026","45","30",0.262,0.216,0.04600000000000001,0.333,0.277,0.055999999999999994,0.283,0.238,0.044999999999999984,"2.46","2.21","0.245"
"Allard, Kolby","663465","2026","45","32",0.39,0.317,0.07300000000000001,0.659,0.533,0.126,0.473,0.386,0.08699999999999997,"10.38","6.30","4.085"
"Scott, Tanner","656945","2026","45","31",0.163,0.269,-0.10600000000000001,0.302,0.449,-0.14700000000000002,0.224,0.324,-0.1,"2.19","4.19","-2.001"
"Morgan, Eli","669212","2026","45","30",0.205,0.294,-0.089,0.385,0.464,-0.07900000000000001,0.315,0.375,-0.06,"2.61","5.87","-3.257"
"Miller, Erik","669062","2026","45","23",0.205,0.171,0.033999999999999975,0.282,0.228,0.053999999999999965,0.28,0.244,0.03600000000000003,"3.48","2.32","1.164"
"Santillan, Tony","663574","2026","45","26",0.154,0.199,-0.04500000000000001,0.308,0.379,-0.07100000000000001,0.267,0.305,-0.03799999999999998,"2.31","3.67","-1.356"
"Weaver, Luke","596133","2026","45","34",0.205,0.264,-0.059000000000000025,0.359,0.464,-0.10500000000000004,0.28,0.339,-0.059,"4.91","4.64","0.269"
"King, John","667463","2026","45","26",0.054,0.141,-0.087,0.135,0.268,-0.133,0.166,0.245,-0.07899999999999999,"0.75","2.34","-1.59"
"Doval, Camilo","666808","2026","45","32",0.238,0.236,0.0020000000000000018,0.5,0.419,0.08100000000000002,0.327,0.291,0.03600000000000003,"6.97","3.32","3.648"
"Williams, Devin","642207","2026","44","23",0.378,0.236,0.14200000000000002,0.541,0.376,0.16500000000000004,0.446,0.326,0.12,"9.00","4.25","4.75"
"Garcia, Rico","670329","2026","44","26",0.025,0.159,-0.134,0.1,0.235,-0.13499999999999998,0.111,0.218,-0.107,"0.69","1.86","-1.168"
"Rogers, Taylor","573124","2026","44","31",0.316,0.318,-0.0020000000000000018,0.447,0.487,-0.03999999999999998,0.384,0.394,-0.010000000000000009,"6.52","6.63","-0.113"
"Thompson, Ryan","657044","2026","44","32",0.211,0.233,-0.02200000000000002,0.421,0.357,0.064,0.323,0.307,0.016000000000000014,"4.22","3.73","0.489"
"Alvarado, Elvis","665660","2026","44","28",0.297,0.252,0.044999999999999984,0.514,0.603,-0.08899999999999997,0.408,0.412,-0.0040000000000000036,"8.38","7.41","0.969"
"Bernardino, Brennan","657514","2026","44","30",0.225,0.244,-0.01899999999999999,0.325,0.297,0.028000000000000025,0.274,0.272,0.0020000000000000018,"0.82","2.89","-2.072"
"Imai, Tatsuya","837227","2026","44","19",0.219,0.181,0.038000000000000006,0.25,0.222,0.027999999999999997,0.346,0.321,0.024999999999999967,"7.27","4.11","3.159"
"Gage, Matt","657424","2026","43","30",0.162,0.226,-0.064,0.27,0.387,-0.11699999999999999,0.261,0.323,-0.062,"1.64","4.17","-2.534"
"Hurter, Brant","676428","2026","43","33",0.2,0.272,-0.07200000000000001,0.325,0.419,-0.09399999999999997,0.262,0.325,-0.063,"2.46","4.22","-1.765"
"Schreiber, John","670167","2026","43","31",0.273,0.282,-0.008999999999999952,0.515,0.549,-0.03400000000000003,0.37,0.38,-0.010000000000000009,"5.00","6.07","-1.07"
"Roa, Christian","685005","2026","43","27",0.313,0.297,0.016000000000000014,0.5,0.492,0.008000000000000007,0.429,0.417,0.01200000000000001,"5.19","7.65","-2.458"
"Brown, Hunter","686613","2026","43","20",0.135,0.132,0.0030000000000000027,0.162,0.183,-0.02099999999999999,0.212,0.216,-0.0040000000000000036,"0.84","1.83","-0.986"
"Kremer, Dean","665152","2026","43","25",0.195,0.226,-0.031,0.512,0.496,0.016000000000000014,0.318,0.321,-0.0030000000000000027,"4.09","4.11","-0.019"
"Helsley, Ryan","664854","2026","43","21",0.194,0.194,0,0.25,0.264,-0.014000000000000012,0.269,0.272,-0.0030000000000000027,"2.79","2.89","-0.097"
"Young, Brandon","687064","2026","43","33",0.225,0.217,0.008000000000000007,0.35,0.388,-0.038000000000000034,0.283,0.289,-0.006000000000000005,"2.53","3.28","-0.749"
"Romano, Jordan","605447","2026","42","23",0.314,0.225,0.089,0.514,0.36,0.15400000000000003,0.419,0.328,0.09099999999999997,"10.13","4.31","5.815"
"Fluharty, Mason","689254","2026","42","23",0.25,0.157,0.093,0.389,0.273,0.11599999999999999,0.304,0.218,0.086,"5.40","1.86","3.54"
"Strahm, Matt","621381","2026","42","27",0.216,0.171,0.044999999999999984,0.459,0.26,0.199,0.339,0.248,0.09100000000000003,"4.66","2.39","2.265"
"Nicolas, Kyle","693312","2026","42","22",0.276,0.272,0.0040000000000000036,0.414,0.444,-0.030000000000000027,0.428,0.437,-0.009000000000000008,"8.59","8.64","-0.049"
"Morales, Luis","806960","2026","42","28",0.394,0.325,0.069,0.818,0.653,0.16499999999999992,0.561,0.478,0.08300000000000007,"12.27","11.08","1.193"
"Whitlock, Garrett","676477","2026","42","24",0.189,0.256,-0.067,0.297,0.454,-0.15700000000000003,0.272,0.352,-0.07999999999999996,"2.70","5.06","-2.36"
"Hill, Tim","657612","2026","42","36",0.15,0.233,-0.08300000000000002,0.225,0.325,-0.1,0.19,0.266,-0.07600000000000001,"1.50","2.76","-1.26"
"Cruz, Fernando","518585","2026","42","18",0.212,0.204,0.008000000000000007,0.394,0.43,-0.035999999999999976,0.359,0.363,-0.0040000000000000036,"4.00","5.44","-1.44"
"Backhus, Kyle","679775","2026","41","30",0.275,0.23,0.04500000000000001,0.425,0.388,0.03699999999999998,0.316,0.274,0.04199999999999998,"4.66","2.93","1.725"
"Fairbanks, Pete","664126","2026","41","23",0.257,0.19,0.067,0.457,0.405,0.05199999999999999,0.341,0.297,0.04400000000000004,"10.00","3.47","6.53"
"Medina, Luis","665622","2026","41","26",0.167,0.23,-0.063,0.278,0.484,-0.20599999999999996,0.245,0.342,-0.09700000000000003,"2.70","4.74","-2.04"
"Mears, Nick","683232","2026","41","28",0.182,0.276,-0.09400000000000003,0.333,0.488,-0.15499999999999997,0.288,0.373,-0.08500000000000002,"2.70","5.80","-3.1"
"Kerkering, Orion","689147","2026","40","28",0.212,0.141,0.07100000000000001,0.424,0.231,0.19299999999999998,0.338,0.243,0.09500000000000003,"3.00","2.30","0.7"
"Vesia, Alex","681911","2026","40","21",0.114,0.191,-0.077,0.171,0.275,-0.10400000000000001,0.197,0.265,-0.068,"1.74","2.74","-0.998"
"Waldichuk, Ken","686610","2026","40","26",0.235,0.243,-0.008000000000000007,0.588,0.577,0.01100000000000001,0.405,0.399,0.006000000000000005,"6.75","6.84","-0.09"
"Sisk, Evan","681895","2026","40","23",0.286,0.198,0.08799999999999997,0.371,0.27,0.10099999999999998,0.344,0.266,0.07799999999999996,"2.00","2.76","-0.76"
"Bummer, Aaron","607481","2026","40","29",0.222,0.25,-0.027999999999999997,0.444,0.516,-0.07200000000000001,0.329,0.362,-0.032999999999999974,"3.12","5.40","-2.285"
"Schultz, Paxton","687606","2026","39","27",0.25,0.266,-0.016000000000000014,0.5,0.573,-0.07299999999999995,0.342,0.372,-0.02999999999999997,"4.00","5.76","-1.76"
"Raley, Brooks","548384","2026","39","24",0.176,0.246,-0.07,0.265,0.464,-0.199,0.235,0.335,-0.10000000000000003,"1.86","4.52","-2.658"
"Henriquez, Edgardo","683618","2026","39","23",0.212,0.198,0.013999999999999985,0.333,0.323,0.010000000000000009,0.311,0.299,0.01200000000000001,"3.86","3.52","0.337"
"Sewald, Paul","623149","2026","39","24",0.171,0.187,-0.015999999999999986,0.486,0.499,-0.013000000000000012,0.31,0.318,-0.008000000000000007,"4.50","4.02","0.48"
"Borucki, Ryan","621366","2026","39","28",0.306,0.253,0.05299999999999999,0.556,0.416,0.14000000000000007,0.398,0.321,0.07700000000000001,"5.19","4.11","1.082"
"Bolton, Cody","675989","2026","39","20",0.233,0.21,0.02300000000000002,0.333,0.302,0.031000000000000028,0.347,0.324,0.022999999999999965,"5.40","4.19","1.21"
"Winn, Keaton","676775","2026","38","23",0.111,0.131,-0.020000000000000004,0.167,0.182,-0.014999999999999986,0.152,0.164,-0.01200000000000001,"2.53","1.10","1.431"
"Lynch IV, Daniel","663738","2026","38","21",0.059,0.137,-0.07800000000000001,0.088,0.24,-0.152,0.133,0.219,-0.086,"0.87","1.88","-1.009"
"Barco, Hunter","682995","2026","37","24",0.276,0.283,-0.006999999999999951,0.621,0.476,0.14500000000000002,0.454,0.409,0.04500000000000004,"6.43","7.28","-0.851"
"Thielbar, Caleb","573204","2026","37","22",0.182,0.167,0.014999999999999986,0.364,0.326,0.03799999999999998,0.274,0.25,0.02400000000000002,"3.12","2.43","0.685"
"Parker, Mitchell","680730","2026","37","23",0.273,0.226,0.047000000000000014,0.364,0.325,0.03899999999999998,0.329,0.289,0.040000000000000036,"5.40","3.28","2.12"
"Franco, Jose","683742","2026","36","23",0.31,0.242,0.068,0.483,0.346,0.137,0.417,0.347,0.07,"4.70","4.90","-0.204"
"Tidwell, Blade","694918","2026","36","25",0.182,0.241,-0.059,0.303,0.373,-0.07,0.253,0.302,-0.04899999999999999,"1.80","3.60","-1.8"
"Bigge, Hunter","685801","2026","35","23",0.107,0.223,-0.116,0.25,0.405,-0.15500000000000003,0.25,0.343,-0.09300000000000003,"4.50","4.77","-0.27"
"Cano, Yennier","666974","2026","35","25",0.147,0.252,-0.10500000000000001,0.265,0.468,-0.203,0.193,0.317,-0.124,"1.86","4.00","-2.138"
"Drohan, Shane","675660","2026","34","25",0.25,0.309,-0.059,0.286,0.409,-0.123,0.301,0.359,-0.057999999999999996,"5.40","5.30","0.1"