"last_name, first_name","player_id","year","pa","bip","ba","est_ba","est_ba_minus_ba_diff","slg","est_slg","est_slg_minus_slg_diff","woba","est_woba","est_woba_minus_woba_diff"
"Crow-Armstrong, Pete","691718","2026","726","444",0.28,0.264,0.016000000000000014,0.57,0.508,0.061999999999999944,0.4,0.374,0.026000000000000023
"Herrera, Iván","671056","2026","717","472",0.241,0.249,-0.008000000000000007,0.382,0.39,-0.008000000000000007,0.329,0.336,-0.007000000000000006
"Busch, Michael","683737","2026","710","440",0.242,0.233,0.00899999999999998,0.393,0.402,-0.009000000000000008,0.333,0.331,0.0020000000000000018
"McGonigle, Kevin","805808","2026","707","509",0.278,0.264,0.014000000000000012,0.43,0.445,-0.015000000000000013,0.357,0.355,0.0020000000000000018
"Neto, Zach","687263","2026","704","405",0.239,0.216,0.022999999999999993,0.436,0.412,0.02400000000000002,0.336,0.317,0.019000000000000017
"Vargas, Miguel","678246","2026","704","469",0.25,0.263,-0.013000000000000012,0.474,0.496,-0.02200000000000002,0.363,0.378,-0.015000000000000013
"Tatis Jr., Fernando","665487","2026","704","503",0.289,0.296,-0.007000000000000006,0.47,0.5,-0.030000000000000027,0.358,0.379,-0.02100000000000002
"Caminero, Junior","691406","2026","702","490",0.276,0.273,0.0030000000000000027,0.524,0.499,0.025000000000000022,0.375,0.364,0.01100000000000001
"Bregman, Alex","608324","2026","702","512",0.265,0.252,0.013000000000000012,0.464,0.391,0.07300000000000001,0.357,0.327,0.02999999999999997
"Henderson, Gunnar","683002","2026","702","469",0.226,0.246,-0.01999999999999999,0.404,0.401,0.0030000000000000027,0.314,0.322,-0.008000000000000007
"Schwarber, Kyle","656941","2026","701","367",0.232,0.236,-0.003999999999999976,0.503,0.487,0.016000000000000014,0.368,0.364,0.0040000000000000036
"Alonso, Pete","624413","2026","700","438",0.267,0.285,-0.01799999999999996,0.522,0.563,-0.040999999999999925,0.379,0.402,-0.02300000000000002
"Stewart, Sal","701398","2026","700","478",0.263,0.256,0.007000000000000006,0.457,0.466,-0.009000000000000008,0.339,0.343,-0.0040000000000000036
"Turner, Trea","607208","2026","700","501",0.242,0.242,0,0.378,0.363,0.015000000000000013,0.298,0.293,0.0050000000000000044
"Reynolds, Bryan","668804","2026","699","436",0.261,0.254,0.007000000000000006,0.424,0.443,-0.019000000000000017,0.349,0.355,-0.006000000000000005
"Olson, Matt","621566","2026","698","460",0.251,0.247,0.0040000000000000036,0.502,0.503,-0.0010000000000000009,0.351,0.351,0
"Bichette, Bo","666182","2026","696","518",0.26,0.28,-0.020000000000000018,0.39,0.423,-0.032999999999999974,0.309,0.33,-0.02100000000000002
"Harper, Bryce","547180","2026","693","437",0.269,0.271,-0.0020000000000000018,0.485,0.481,0.0040000000000000036,0.375,0.379,-0.0040000000000000036
"Alvarez, Yordan","670541","2026","691","452",0.316,0.318,-0.0020000000000000018,0.602,0.636,-0.03400000000000003,0.429,0.442,-0.013000000000000012
"Hoerner, Nico","663538","2026","689","578",0.263,0.297,-0.033999999999999975,0.35,0.375,-0.025000000000000022,0.297,0.322,-0.025000000000000022
"Lopez, Otto","672640","2026","687","549",0.305,0.281,0.023999999999999966,0.437,0.417,0.020000000000000018,0.342,0.327,0.015000000000000013
"Díaz, Yandy","650490","2026","686","522",0.293,0.281,0.011999999999999955,0.446,0.439,0.007000000000000006,0.35,0.346,0.0040000000000000036
"Albies, Ozzie","645277","2026","683","524",0.237,0.221,0.015999999999999986,0.392,0.337,0.05499999999999999,0.298,0.273,0.024999999999999967
"Abreu, Wilyer","677800","2026","681","464",0.248,0.253,-0.0050000000000000044,0.446,0.468,-0.02200000000000002,0.335,0.346,-0.010999999999999954
"Turang, Brice","668930","2026","680","418",0.268,0.255,0.013000000000000012,0.45,0.428,0.02200000000000002,0.358,0.344,0.014000000000000012
"Perdomo, Geraldo","672695","2026","680","493",0.262,0.26,0.0020000000000000018,0.377,0.355,0.02200000000000002,0.336,0.333,0.0030000000000000027
"Machado, Manny","592518","2026","677","456",0.217,0.243,-0.025999999999999995,0.407,0.42,-0.013000000000000012,0.31,0.328,-0.018000000000000016
"Carroll, Corbin","682998","2026","671","439",0.239,0.249,-0.010000000000000009,0.467,0.446,0.02100000000000002,0.341,0.341,0
"Burleson, Alec","676475","2026","670","488",0.279,0.289,-0.009999999999999953,0.473,0.522,-0.049000000000000044,0.353,0.374,-0.02100000000000002
"Arozarena, Randy","668227","2026","670","431",0.281,0.258,0.02300000000000002,0.484,0.419,0.065,0.379,0.348,0.031000000000000028
"Aranda, Jonathan","666018","2026","668","425",0.274,0.254,0.020000000000000018,0.434,0.438,-0.0040000000000000036,0.348,0.343,0.004999999999999949
"Walker, Jordan","691023","2026","667","439",0.269,0.263,0.006000000000000005,0.466,0.462,0.0040000000000000036,0.344,0.34,0.003999999999999948
"Rice, Ben","700250","2026","667","414",0.264,0.267,-0.0030000000000000027,0.534,0.511,0.02300000000000002,0.384,0.378,0.006000000000000005
"Merrill, Jackson","701538","2026","664","460",0.254,0.27,-0.016000000000000014,0.44,0.491,-0.05099999999999999,0.32,0.347,-0.02699999999999997
"Adell, Jo","666176","2026","660","451",0.24,0.257,-0.017000000000000015,0.401,0.444,-0.04299999999999998,0.307,0.329,-0.02200000000000002
"Paredes, Isaac","670623","2026","659","481",0.262,0.245,0.017000000000000015,0.447,0.373,0.07400000000000001,0.355,0.323,0.03199999999999997
"Freeman, Freddie","518692","2026","657","470",0.288,0.29,-0.0020000000000000018,0.43,0.463,-0.03300000000000003,0.348,0.363,-0.015000000000000013
"Lile, Daylen","695734","2026","655","482",0.246,0.255,-0.009000000000000008,0.429,0.442,-0.013000000000000012,0.312,0.324,-0.01200000000000001
"Nimmo, Brandon","607043","2026","655","448",0.26,0.267,-0.007000000000000006,0.405,0.441,-0.035999999999999976,0.32,0.338,-0.018000000000000016
"Arraez, Luis","650333","2026","655","588",0.31,0.289,0.02100000000000002,0.419,0.377,0.04199999999999998,0.331,0.307,0.02400000000000002
"Lowe, Brandon","664040","2026","655","402",0.261,0.24,0.02100000000000002,0.494,0.445,0.04899999999999999,0.355,0.331,0.023999999999999966
"Rodríguez, Julio","677594","2026","654","455",0.247,0.264,-0.017000000000000015,0.401,0.439,-0.03799999999999998,0.31,0.334,-0.02400000000000002
"Benge, Carson","701807","2026","654","454",0.282,0.279,0.002999999999999947,0.43,0.438,-0.008000000000000007,0.342,0.341,0.0010000000000000009
"Abrams, CJ","682928","2026","654","427",0.261,0.247,0.014000000000000012,0.497,0.438,0.059,0.358,0.333,0.024999999999999967
"Naylor, Josh","647304","2026","650","520",0.261,0.269,-0.008000000000000007,0.35,0.381,-0.031000000000000028,0.297,0.31,-0.013000000000000012
"Meidroth, Chase","805367","2026","643","434",0.276,0.239,0.03700000000000003,0.415,0.348,0.067,0.339,0.301,0.038000000000000034
"Contreras, William","661388","2026","640","481",0.27,0.261,0.009000000000000008,0.417,0.441,-0.02400000000000002,0.33,0.334,-0.0040000000000000036
"Montgomery, Colson","695657","2026","638","343",0.197,0.199,-0.0020000000000000018,0.403,0.388,0.015000000000000013,0.3,0.294,0.006000000000000005
"Young, Cole","702284","2026","638","472",0.246,0.259,-0.013000000000000012,0.381,0.39,-0.009000000000000008,0.308,0.316,-0.008000000000000007
"Kwan, Steven","680757","2026","637","485",0.282,0.278,0.003999999999999948,0.349,0.343,0.00599999999999995,0.334,0.329,0.0050000000000000044
"De La Cruz, Elly","682829","2026","636","387",0.283,0.281,0.0019999999999999463,0.515,0.506,0.009000000000000008,0.38,0.376,0.0040000000000000036
"Happ, Ian","664023","2026","636","359",0.218,0.208,0.010000000000000009,0.412,0.39,0.021999999999999964,0.325,0.313,0.01200000000000001
"Okamoto, Kazuma","672960","2026","636","388",0.232,0.224,0.008000000000000007,0.452,0.446,0.006000000000000005,0.332,0.328,0.0040000000000000036
"Walker, Christian","572233","2026","635","427",0.226,0.227,-0.0010000000000000009,0.427,0.396,0.030999999999999972,0.316,0.305,0.01100000000000001
"Suzuki, Seiya","673548","2026","634","393",0.27,0.246,0.02400000000000002,0.473,0.427,0.045999999999999985,0.366,0.34,0.025999999999999968
"Trout, Mike","545361","2026","634","350",0.242,0.255,-0.013000000000000012,0.421,0.487,-0.066,0.354,0.381,-0.027000000000000024
"Devers, Rafael","646240","2026","633","401",0.258,0.238,0.020000000000000018,0.525,0.473,0.052000000000000046,0.367,0.342,0.024999999999999967
"Witt Jr., Bobby","677951","2026","632","453",0.281,0.302,-0.020999999999999963,0.441,0.504,-0.063,0.345,0.378,-0.03300000000000003
"Bell, Josh","605137","2026","631","450",0.255,0.256,-0.0010000000000000009,0.419,0.445,-0.026000000000000023,0.323,0.335,-0.01200000000000001
"Rumfield, TJ","681198","2026","631","463",0.3,0.261,0.03899999999999998,0.453,0.386,0.067,0.373,0.333,0.03999999999999998
"Lee, Brooks","686797","2026","631","488",0.253,0.233,0.01999999999999999,0.428,0.358,0.07,0.316,0.281,0.034999999999999976
"Riley, Austin","663586","2026","630","370",0.219,0.213,0.006000000000000005,0.364,0.396,-0.03200000000000003,0.29,0.299,-0.009000000000000008
"Bohm, Alec","664761","2026","629","484",0.249,0.265,-0.016000000000000014,0.383,0.412,-0.02899999999999997,0.309,0.327,-0.018000000000000016
"Perez, Salvador","521692","2026","627","468",0.229,0.25,-0.02099999999999999,0.383,0.439,-0.055999999999999994,0.285,0.316,-0.031000000000000028
"Tucker, Kyle","663656","2026","627","441",0.233,0.256,-0.022999999999999993,0.385,0.393,-0.008000000000000007,0.318,0.331,-0.013000000000000012
"Marte, Ketel","606466","2026","624","481",0.249,0.28,-0.031000000000000028,0.432,0.461,-0.029000000000000026,0.323,0.349,-0.025999999999999968
"Wood, James","695578","2026","623","338",0.265,0.271,-0.006000000000000005,0.503,0.548,-0.04500000000000004,0.383,0.403,-0.020000000000000018
"Harris II, Michael","671739","2026","621","477",0.294,0.29,0.0040000000000000036,0.491,0.477,0.014000000000000012,0.349,0.342,0.006999999999999951
"Clement, Ernie","676391","2026","621","539",0.259,0.24,0.019000000000000017,0.364,0.319,0.044999999999999984,0.284,0.258,0.025999999999999968
"Keaschall, Luke","807712","2026","620","451",0.282,0.25,0.03199999999999997,0.407,0.368,0.03899999999999998,0.348,0.321,0.02699999999999997
"Burger, Jake","669394","2026","620","393",0.228,0.227,0.0010000000000000009,0.421,0.42,0.0010000000000000009,0.316,0.314,0.0020000000000000018
"Wetherholt, JJ","802139","2026","619","435",0.242,0.255,-0.013000000000000012,0.365,0.435,-0.07,0.318,0.347,-0.02899999999999997
"Dubón, Mauricio","643289","2026","619","504",0.276,0.268,0.008000000000000007,0.399,0.375,0.02400000000000002,0.317,0.304,0.013000000000000012
"Ohtani, Shohei","660271","2026","618","376",0.275,0.286,-0.010999999999999954,0.512,0.552,-0.040000000000000036,0.377,0.397,-0.020000000000000018
"Marsee, Jakob","805300","2026","616","397",0.231,0.233,-0.0020000000000000018,0.359,0.334,0.024999999999999967,0.321,0.314,0.007000000000000006
"Baldwin, Drake","686948","2026","615","419",0.284,0.279,0.004999999999999949,0.459,0.505,-0.045999999999999985,0.358,0.37,-0.01200000000000001
"Simpson, Chandler","802415","2026","612","538",0.306,0.261,0.044999999999999984,0.356,0.297,0.059,0.305,0.263,0.04199999999999998
"Torkelson, Spencer","679529","2026","612","336",0.23,0.211,0.019000000000000017,0.435,0.392,0.04299999999999998,0.337,0.314,0.02300000000000002
"Guerrero Jr., Vladimir","665489","2026","609","467",0.26,0.28,-0.020000000000000018,0.356,0.4,-0.04400000000000004,0.305,0.331,-0.026000000000000023
"Stott, Bryson","681082","2026","608","443",0.256,0.267,-0.01100000000000001,0.401,0.402,-0.0010000000000000009,0.326,0.33,-0.0040000000000000036
"Duran, Jarren","680776","2026","608","396",0.207,0.237,-0.03,0.361,0.388,-0.027000000000000024,0.274,0.301,-0.02699999999999997
"Gonzales, Nick","693304","2026","608","453",0.303,0.282,0.02100000000000002,0.388,0.386,0.0020000000000000018,0.339,0.327,0.01200000000000001
"Ward, Taylor","621493","2026","607","371",0.225,0.241,-0.015999999999999986,0.311,0.36,-0.04899999999999999,0.312,0.334,-0.02200000000000002
"Dingler, Dillon","693307","2026","607","417",0.243,0.266,-0.02300000000000002,0.446,0.468,-0.02200000000000002,0.325,0.344,-0.01899999999999996
"Bogaerts, Xander","593428","2026","606","416",0.231,0.248,-0.016999999999999987,0.344,0.376,-0.03200000000000003,0.306,0.325,-0.019000000000000017
"Jensen, Carter","695600","2026","603","364",0.239,0.217,0.021999999999999992,0.467,0.423,0.04400000000000004,0.341,0.318,0.02300000000000002
"Arenado, Nolan","571448","2026","599","416",0.255,0.231,0.023999999999999994,0.475,0.366,0.10899999999999999,0.349,0.3,0.04899999999999999
"Duran, Ezequiel","677649","2026","597","405",0.26,0.243,0.017000000000000015,0.419,0.369,0.04999999999999999,0.324,0.3,0.02400000000000002
"McCarthy, Jake","664983","2026","596","462",0.291,0.274,0.01699999999999996,0.475,0.41,0.065,0.349,0.321,0.02799999999999997
"Edwards, Xavier","669364","2026","595","444",0.28,0.258,0.02200000000000002,0.371,0.356,0.015000000000000013,0.325,0.311,0.014000000000000012
"Rocchio, Brayan","677587","2026","592","458",0.253,0.246,0.007000000000000006,0.391,0.35,0.041000000000000036,0.311,0.294,0.017000000000000015
"Greene, Riley","682985","2026","592","359",0.28,0.262,0.018000000000000016,0.474,0.497,-0.02300000000000002,0.366,0.369,-0.0030000000000000027
"Durbin, Caleb","702332","2026","586","440",0.248,0.234,0.013999999999999985,0.378,0.316,0.062,0.317,0.291,0.026000000000000023
"Clemens, Kody","665019","2026","583","410",0.239,0.254,-0.015000000000000013,0.46,0.456,0.0040000000000000036,0.327,0.334,-0.007000000000000006
"Lee, Jung Hoo","808982","2026","579","486",0.276,0.288,-0.011999999999999955,0.404,0.382,0.02200000000000002,0.317,0.315,0.0020000000000000018
"Bauers, Jake","641343","2026","578","324",0.266,0.253,0.013000000000000012,0.484,0.467,0.01699999999999996,0.381,0.371,0.010000000000000009
"Rafaela, Ceddanne","678882","2026","576","429",0.283,0.249,0.033999999999999975,0.442,0.362,0.08000000000000002,0.33,0.285,0.04500000000000004
"Pages, Andy","681624","2026","574","404",0.274,0.274,0,0.468,0.442,0.026000000000000023,0.352,0.343,0.008999999999999952
"Goodman, Hunter","696100","2026","574","348",0.245,0.228,0.016999999999999987,0.529,0.456,0.07300000000000001,0.355,0.321,0.033999999999999975
"Chourio, Jackson","694192","2026","573","390",0.291,0.265,0.025999999999999968,0.487,0.475,0.01200000000000001,0.361,0.344,0.017000000000000015
"Altuve, Jose","514888","2026","573","415",0.25,0.224,0.025999999999999995,0.395,0.325,0.07,0.308,0.271,0.03699999999999998
"Smith, Cam","701358","2026","568","368",0.21,0.235,-0.024999999999999994,0.39,0.42,-0.02999999999999997,0.293,0.316,-0.02300000000000002
"Marsh, Brandon","669016","2026","568","390",0.26,0.251,0.009000000000000008,0.408,0.401,0.006999999999999951,0.308,0.301,0.007000000000000006
"Bellinger, Cody","641355","2026","562","414",0.264,0.271,-0.007000000000000006,0.429,0.411,0.018000000000000016,0.336,0.335,0.0010000000000000009
"Muncy, Max","571970","2026","561","349",0.252,0.242,0.010000000000000009,0.49,0.47,0.020000000000000018,0.361,0.349,0.01200000000000001
"DeLauter, Chase","800050","2026","559","416",0.287,0.277,0.009999999999999953,0.457,0.427,0.030000000000000027,0.359,0.346,0.013000000000000012
"Antonacci, Sam","803011","2026","557","403",0.277,0.284,-0.006999999999999951,0.396,0.399,-0.0030000000000000027,0.345,0.348,-0.0030000000000000027
"Hicks, Liam","689414","2026","554","432",0.284,0.261,0.022999999999999965,0.434,0.358,0.07600000000000001,0.352,0.319,0.032999999999999974
"Murakami, Munetaka","808959","2026","553","259",0.207,0.204,0.0030000000000000027,0.478,0.469,0.009000000000000008,0.356,0.351,0.0050000000000000044
"Caglianone, Jac","695506","2026","553","369",0.289,0.283,0.006000000000000005,0.494,0.5,-0.006000000000000005,0.36,0.357,0.0030000000000000027
"Moreno, Gabriel","672515","2026","549","403",0.311,0.289,0.02200000000000002,0.486,0.451,0.034999999999999976,0.38,0.363,0.017000000000000015
"Semien, Marcus","543760","2026","547","396",0.215,0.24,-0.024999999999999994,0.34,0.375,-0.034999999999999976,0.276,0.3,-0.023999999999999966
"Bleday, JJ","668709","2026","545","348",0.217,0.24,-0.022999999999999993,0.416,0.421,-0.0050000000000000044,0.326,0.34,-0.014000000000000012
"Ramírez, José","608070","2026","544","411",0.235,0.266,-0.031000000000000028,0.368,0.391,-0.02300000000000002,0.301,0.325,-0.02400000000000002
"García Jr., Luis","671277","2026","543","421",0.277,0.276,0.0010000000000000009,0.521,0.486,0.03500000000000003,0.355,0.341,0.013999999999999957
"Butler, Lawrence","671732","2026","540","338",0.237,0.245,-0.008000000000000007,0.393,0.398,-0.0050000000000000044,0.319,0.326,-0.007000000000000006
"Contreras, Willson","575929","2026","535","317",0.275,0.256,0.019000000000000017,0.516,0.484,0.03200000000000003,0.391,0.376,0.015000000000000013
"Canzone, Dominic","686527","2026","533","370",0.264,0.273,-0.009000000000000008,0.484,0.491,-0.007000000000000006,0.354,0.359,-0.0050000000000000044
"Winn, Masyn","691026","2026","532","361",0.232,0.245,-0.012999999999999984,0.317,0.329,-0.01200000000000001,0.283,0.297,-0.014000000000000012
"Chisholm Jr., Jazz","665862","2026","532","318",0.231,0.216,0.015000000000000013,0.399,0.366,0.03300000000000003,0.312,0.294,0.018000000000000016
"Mitchell, Garrett","669003","2026","531","298",0.262,0.268,-0.006000000000000005,0.416,0.447,-0.031000000000000028,0.34,0.353,-0.012999999999999956
"Raleigh, Cal","663728","2026","530","291",0.182,0.191,-0.009000000000000008,0.368,0.396,-0.028000000000000025,0.297,0.312,-0.015000000000000013
"Betts, Mookie","605141","2026","528","421",0.257,0.278,-0.02100000000000002,0.454,0.435,0.019000000000000017,0.338,0.339,-0.0010000000000000009
"Varsho, Daulton","662139","2026","526","378",0.221,0.228,-0.007000000000000006,0.355,0.354,0.0010000000000000009,0.281,0.283,-0.0019999999999999463
"McNeil, Jeff","643446","2026","520","424",0.264,0.271,-0.007000000000000006,0.368,0.358,0.010000000000000009,0.301,0.299,0.0020000000000000018
"Collins, Isaac","686555","2026","519","328",0.213,0.22,-0.007000000000000006,0.321,0.308,0.013000000000000012,0.293,0.295,-0.0020000000000000018
"Springer, George","543807","2026","517","369",0.249,0.238,0.01100000000000001,0.405,0.381,0.02400000000000002,0.32,0.306,0.014000000000000012
"Bazzana, Travis","683953","2026","517","347",0.245,0.224,0.02099999999999999,0.408,0.347,0.061,0.328,0.299,0.029000000000000026
"Stowers, Kyle","669065","2026","512","289",0.239,0.227,0.011999999999999983,0.459,0.437,0.02200000000000002,0.341,0.329,0.01200000000000001
"Lewis, Royce","668904","2026","509","338",0.227,0.238,-0.010999999999999982,0.38,0.397,-0.017000000000000015,0.292,0.306,-0.014000000000000012
"Giménez, Andrés","665926","2026","508","381",0.244,0.237,0.007000000000000006,0.359,0.333,0.025999999999999968,0.286,0.276,0.009999999999999953
"Tovar, Ezequiel","678662","2026","506","346",0.219,0.227,-0.008000000000000007,0.353,0.371,-0.018000000000000016,0.27,0.281,-0.01100000000000001
"Hernández, Heriberto","681715","2026","505","315",0.228,0.242,-0.013999999999999985,0.442,0.474,-0.03199999999999997,0.329,0.347,-0.01799999999999996
"Adames, Willy","642715","2026","505","327",0.23,0.222,0.008000000000000007,0.424,0.391,0.032999999999999974,0.311,0.296,0.015000000000000013
"Mullins, Cedric","656775","2026","502","352",0.205,0.192,0.012999999999999984,0.344,0.311,0.032999999999999974,0.281,0.264,0.017000000000000015
"France, Ty","664034","2026","500","340",0.295,0.248,0.046999999999999986,0.502,0.421,0.08100000000000002,0.373,0.327,0.045999999999999985
"Yelich, Christian","592885","2026","500","312",0.235,0.23,0.004999999999999977,0.378,0.385,-0.007000000000000006,0.305,0.308,-0.0030000000000000027
"Suárez, Eugenio","553993","2026","498","268",0.212,0.201,0.010999999999999982,0.433,0.379,0.05399999999999999,0.324,0.303,0.02100000000000002
"McLain, Matt","680574","2026","496","303",0.185,0.212,-0.026999999999999996,0.334,0.361,-0.02699999999999997,0.272,0.293,-0.020999999999999963
"Nuñez, Nasim","683083","2026","493","343",0.209,0.221,-0.01200000000000001,0.244,0.274,-0.030000000000000027,0.251,0.268,-0.017000000000000015
"Ewing, A.J.","805999","2026","492","319",0.252,0.255,-0.0030000000000000027,0.376,0.399,-0.02300000000000002,0.311,0.32,-0.009000000000000008
"Peters, Tristan","671976","2026","491","353",0.265,0.248,0.017000000000000015,0.437,0.384,0.05299999999999999,0.34,0.314,0.026000000000000023
"Hernández, Teoscar","606192","2026","491","310",0.267,0.256,0.01100000000000001,0.425,0.437,-0.01200000000000001,0.332,0.332,0
"Sanoja, Javier","691594","2026","490","424",0.295,0.273,0.021999999999999964,0.458,0.359,0.09900000000000003,0.342,0.295,0.04700000000000004
"Crawford, J.P.","641487","2026","489","320",0.221,0.234,-0.013000000000000012,0.352,0.359,-0.007000000000000006,0.312,0.319,-0.007000000000000006
"Swanson, Dansby","621020","2026","486","318",0.213,0.22,-0.007000000000000006,0.397,0.38,0.017000000000000015,0.305,0.301,0.0040000000000000036
"Vargas, Ildemaro","545121","2026","486","407",0.254,0.268,-0.014000000000000012,0.377,0.363,0.014000000000000012,0.295,0.297,-0.0020000000000000018
"Grisham, Trent","663757","2026","484","333",0.211,0.245,-0.034,0.395,0.429,-0.033999999999999975,0.311,0.337,-0.026000000000000023
"Peña, Jeremy","665161","2026","483","334",0.277,0.268,0.009000000000000008,0.477,0.431,0.045999999999999985,0.347,0.326,0.020999999999999963
"Soto, Juan","665742","2026","482","337",0.275,0.295,-0.019999999999999962,0.515,0.574,-0.05899999999999994,0.385,0.411,-0.025999999999999968
"Taveras, Leody","665750","2026","482","316",0.219,0.214,0.0050000000000000044,0.345,0.32,0.024999999999999967,0.282,0.273,0.008999999999999952
"Pasquantino, Vinnie","686469","2026","481","350",0.249,0.256,-0.007000000000000006,0.428,0.441,-0.013000000000000012,0.331,0.338,-0.007000000000000006
"Mangum, Jake","663968","2026","479","349",0.276,0.247,0.029000000000000026,0.363,0.331,0.03199999999999997,0.31,0.285,0.025000000000000022
"Castro, Willi","650489","2026","477","301",0.26,0.236,0.02400000000000002,0.417,0.39,0.02699999999999997,0.33,0.309,0.02100000000000002
"Karros, Kyle","691720","2026","475","314",0.253,0.25,0.0030000000000000027,0.414,0.402,0.011999999999999955,0.336,0.334,0.0020000000000000018
"Grissom, Vaughn","687093","2026","474","343",0.242,0.244,-0.0020000000000000018,0.386,0.38,0.006000000000000005,0.306,0.309,-0.0030000000000000027
"Baty, Brett","683146","2026","473","300",0.236,0.243,-0.007000000000000006,0.371,0.412,-0.04099999999999998,0.302,0.321,-0.019000000000000017
"Bolte, Henry","703607","2026","473","285",0.277,0.246,0.031000000000000028,0.405,0.375,0.030000000000000027,0.341,0.317,0.02400000000000002
"Langford, Wyatt","694671","2026","471","305",0.238,0.231,0.0069999999999999785,0.421,0.387,0.033999999999999975,0.333,0.319,0.014000000000000012
"Young, Jacob","696285","2026","471","350",0.252,0.257,-0.0050000000000000044,0.39,0.383,0.007000000000000006,0.313,0.313,0
"Church, Nathan","701675","2026","470","360",0.247,0.242,0.0050000000000000044,0.364,0.354,0.010000000000000009,0.288,0.283,0.0050000000000000044
"Lindor, Francisco","596019","2026","469","323",0.225,0.239,-0.013999999999999985,0.423,0.434,-0.01100000000000001,0.322,0.331,-0.009000000000000008
"Acuña Jr., Ronald","660670","2026","469","308",0.255,0.261,-0.006000000000000005,0.451,0.495,-0.043999999999999984,0.348,0.366,-0.018000000000000016
"Benintendi, Andrew","643217","2026","468","316",0.24,0.24,0,0.413,0.398,0.014999999999999958,0.311,0.307,0.0040000000000000036
"Stephenson, Tyler","663886","2026","468","288",0.241,0.235,0.006000000000000005,0.404,0.426,-0.021999999999999964,0.32,0.326,-0.006000000000000005
"Langeliers, Shea","669127","2026","467","316",0.262,0.266,-0.0040000000000000036,0.474,0.491,-0.017000000000000015,0.347,0.352,-0.0050000000000000044
"Realmuto, J.T.","592663","2026","467","320",0.205,0.249,-0.04400000000000001,0.331,0.387,-0.055999999999999994,0.275,0.317,-0.04199999999999998
"Crawford, Justin","702222","2026","465","353",0.264,0.257,0.007000000000000006,0.353,0.328,0.024999999999999967,0.294,0.284,0.010000000000000009
"Caballero, José","676609","2026","456","309",0.231,0.227,0.0040000000000000036,0.365,0.333,0.03199999999999997,0.29,0.278,0.011999999999999955
"Carter, Evan","694497","2026","455","289",0.194,0.205,-0.010999999999999982,0.315,0.32,-0.0050000000000000044,0.274,0.28,-0.006000000000000005
"Mayo, Coby","691723","2026","454","275",0.228,0.235,-0.0069999999999999785,0.461,0.478,-0.01699999999999996,0.328,0.336,-0.008000000000000007
"Soderstrom, Tyler","691016","2026","453","306",0.245,0.246,-0.0010000000000000009,0.472,0.411,0.061,0.349,0.327,0.021999999999999964
"Massey, Michael","686681","2026","452","356",0.272,0.257,0.015000000000000013,0.428,0.414,0.014000000000000012,0.316,0.307,0.009000000000000008
"O'Hearn, Ryan","656811","2026","451","311",0.265,0.247,0.018000000000000016,0.44,0.396,0.043999999999999984,0.336,0.314,0.02200000000000002
"Horwitz, Spencer","687462","2026","451","317",0.244,0.226,0.017999999999999988,0.364,0.345,0.019000000000000017,0.319,0.31,0.009000000000000008
"Lukes, Nathan","664770","2026","450","354",0.277,0.258,0.019000000000000017,0.387,0.348,0.039000000000000035,0.317,0.293,0.02400000000000002
"Johnston, Troy","687859","2026","449","320",0.277,0.276,0.0010000000000000009,0.393,0.375,0.018000000000000016,0.329,0.323,0.006000000000000005
"Eldridge, Bryce","805811","2026","448","270",0.269,0.26,0.009000000000000008,0.461,0.467,-0.006000000000000005,0.361,0.359,0.0020000000000000018
"Schanuel, Nolan","694384","2026","446","340",0.276,0.286,-0.009999999999999953,0.385,0.389,-0.0040000000000000036,0.328,0.334,-0.006000000000000005
"Jung, Josh","673962","2026","444","321",0.299,0.285,0.014000000000000012,0.462,0.44,0.02200000000000002,0.362,0.348,0.014000000000000012
"Crews, Dylan","686611","2026","443","298",0.223,0.241,-0.017999999999999988,0.374,0.419,-0.044999999999999984,0.294,0.317,-0.02300000000000002
"Ramos, Heliot","671218","2026","442","285",0.245,0.256,-0.01100000000000001,0.411,0.446,-0.03500000000000003,0.312,0.329,-0.017000000000000015
"Moniak, Mickey","666160","2026","436","291",0.238,0.212,0.025999999999999995,0.48,0.392,0.08799999999999997,0.322,0.279,0.04299999999999998
"Seager, Corey","608369","2026","436","284",0.227,0.251,-0.023999999999999994,0.424,0.484,-0.06,0.32,0.35,-0.02999999999999997
"Gelof, Zack","680869","2026","435","290",0.256,0.236,0.020000000000000018,0.475,0.437,0.03799999999999998,0.346,0.323,0.022999999999999965
"Kurtz, Nick","701762","2026","434","211",0.256,0.244,0.01200000000000001,0.483,0.483,0,0.381,0.374,0.007000000000000006
"Walls, Taylor","670764","2026","433","280",0.222,0.19,0.032,0.298,0.261,0.03699999999999998,0.278,0.251,0.027000000000000024
"Larnach, Trevor","663616","2026","433","305",0.269,0.259,0.010000000000000009,0.436,0.394,0.04199999999999998,0.347,0.327,0.019999999999999962
"Pederson, Joc","592626","2026","432","275",0.235,0.242,-0.007000000000000006,0.487,0.445,0.04199999999999998,0.352,0.343,0.008999999999999952
"Lowe, Nathaniel","663993","2026","429","290",0.252,0.268,-0.016000000000000014,0.444,0.437,0.007000000000000006,0.329,0.335,-0.006000000000000005
"Loftin, Nick","679845","2026","426","306",0.24,0.228,0.011999999999999983,0.388,0.335,0.05299999999999999,0.315,0.293,0.02200000000000002
"Cronenworth, Jake","630105","2026","425","283",0.225,0.213,0.01200000000000001,0.321,0.308,0.013000000000000012,0.287,0.275,0.011999999999999955
"Kelly, Carson","608348","2026","425","310",0.258,0.244,0.014000000000000012,0.376,0.372,0.0040000000000000036,0.32,0.311,0.009000000000000008
"McKinstry, Zach","656716","2026","423","307",0.199,0.23,-0.031,0.294,0.31,-0.016000000000000014,0.265,0.284,-0.01899999999999996
"Keith, Colt","690993","2026","423","302",0.258,0.272,-0.014000000000000012,0.406,0.423,-0.01699999999999996,0.321,0.333,-0.01200000000000001
"Alvarez, Francisco","682626","2026","420","246",0.233,0.23,0.0030000000000000027,0.399,0.431,-0.03199999999999997,0.313,0.322,-0.009000000000000008
"Torres, Gleyber","650402","2026","420","279",0.26,0.252,0.008000000000000007,0.363,0.368,-0.0050000000000000044,0.328,0.325,0.0030000000000000027
"Cruz, Oneil","665833","2026","419","229",0.28,0.251,0.029000000000000026,0.486,0.472,0.014000000000000012,0.371,0.352,0.019000000000000017
"Sheets, Gavin","657757","2026","419","280",0.212,0.229,-0.017000000000000015,0.397,0.381,0.016000000000000014,0.315,0.316,-0.0010000000000000009
"Martínez, Angel","682657","2026","416","305",0.254,0.251,0.0030000000000000027,0.465,0.401,0.064,0.326,0.299,0.027000000000000024
"Ortiz, Joey","687401","2026","415","298",0.27,0.243,0.027000000000000024,0.402,0.346,0.05600000000000005,0.321,0.297,0.02400000000000002
"Rutschman, Adley","668939","2026","410","301",0.242,0.254,-0.01200000000000001,0.426,0.412,0.014000000000000012,0.323,0.327,-0.0040000000000000036
"Schmitt, Casey","669477","2026","409","310",0.271,0.288,-0.01699999999999996,0.483,0.512,-0.029000000000000026,0.336,0.355,-0.01899999999999996
"Yastrzemski, Mike","573262","2026","408","265",0.224,0.235,-0.010999999999999982,0.38,0.368,0.01200000000000001,0.306,0.309,-0.0030000000000000027
"Buxton, Byron","621439","2026","408","272",0.254,0.248,0.006000000000000005,0.511,0.488,0.02300000000000002,0.355,0.343,0.011999999999999955
"Palacios, Richie","680700","2026","399","281",0.235,0.243,-0.008000000000000007,0.374,0.334,0.03999999999999998,0.316,0.306,0.010000000000000009
"Basallo, Samuel","694212","2026","399","257",0.222,0.234,-0.01200000000000001,0.406,0.439,-0.032999999999999974,0.303,0.318,-0.015000000000000013
"Gilbert, Drew","687551","2026","393","274",0.238,0.26,-0.02200000000000002,0.394,0.4,-0.006000000000000005,0.32,0.334,-0.014000000000000012
"Cowser, Colton","681297","2026","392","224",0.226,0.221,0.0050000000000000044,0.37,0.4,-0.030000000000000027,0.307,0.315,-0.008000000000000007
"Heim, Jonah","641680","2026","390","291",0.204,0.227,-0.02300000000000002,0.366,0.361,0.0050000000000000044,0.275,0.285,-0.009999999999999953
"Wells, Austin","669224","2026","388","234",0.186,0.208,-0.021999999999999992,0.332,0.36,-0.02799999999999997,0.281,0.3,-0.01899999999999996
"Hamilton, David","666152","2026","387","266",0.245,0.225,0.01999999999999999,0.336,0.316,0.020000000000000018,0.293,0.276,0.01699999999999996
"Steer, Spencer","668715","2026","384","256",0.238,0.246,-0.008000000000000007,0.421,0.452,-0.031000000000000028,0.325,0.342,-0.017000000000000015
"Frelick, Sal","686217","2026","384","307",0.23,0.241,-0.010999999999999982,0.319,0.324,-0.0050000000000000044,0.275,0.281,-0.006000000000000005
"Norby, Connor","681393","2026","383","224",0.243,0.22,0.022999999999999993,0.377,0.367,0.010000000000000009,0.323,0.31,0.013000000000000012
"Caratini, Victor","605170","2026","382","255",0.22,0.224,-0.0040000000000000036,0.315,0.356,-0.04099999999999998,0.285,0.306,-0.02100000000000002
"Cortes, Carlos","666126","2026","381","283",0.251,0.242,0.009000000000000008,0.397,0.368,0.029000000000000026,0.315,0.301,0.014000000000000012
"Goldschmidt, Paul","502671","2026","380","262",0.252,0.238,0.014000000000000012,0.452,0.414,0.038000000000000034,0.33,0.311,0.019000000000000017
"Thomas, Lane","657041","2026","374","235",0.224,0.238,-0.013999999999999985,0.383,0.365,0.018000000000000016,0.313,0.311,0.0020000000000000018
"Carrigg, Cole","694249","2026","372","250",0.279,0.25,0.029000000000000026,0.477,0.407,0.07,0.352,0.316,0.035999999999999976
"DeLuca, Jonny","676356","2026","370","275",0.266,0.232,0.034,0.429,0.325,0.10399999999999998,0.317,0.261,0.055999999999999994
"Peraza, Oswald","672724","2026","370","232",0.226,0.224,0.0020000000000000018,0.334,0.33,0.0040000000000000036,0.276,0.272,0.0040000000000000036
"Fermín, José","665877","2026","370","286",0.248,0.248,0,0.355,0.336,0.01899999999999996,0.294,0.291,0.0030000000000000027
"Jeffers, Ryan","680777","2026","369","254",0.256,0.247,0.009000000000000008,0.461,0.43,0.031000000000000028,0.353,0.344,0.009000000000000008
"Montgomery, Braden","695731","2026","365","252",0.226,0.255,-0.028999999999999998,0.35,0.392,-0.04200000000000004,0.298,0.325,-0.027000000000000024
"Lee, Hao-Yu","701678","2026","364","247",0.264,0.234,0.03,0.424,0.393,0.030999999999999972,0.325,0.302,0.02300000000000002
"Vivas, Jorbit","678391","2026","364","265",0.238,0.236,0.0020000000000000018,0.322,0.309,0.013000000000000012,0.298,0.292,0.006000000000000005
"Beavers, Dylan","687637","2026","363","227",0.228,0.219,0.009000000000000008,0.373,0.369,0.0040000000000000036,0.302,0.295,0.007000000000000006
"Triolo, Jared","669707","2026","362","255",0.238,0.241,-0.0030000000000000027,0.302,0.316,-0.014000000000000012,0.278,0.284,-0.00599999999999995
"Soler, Jorge","624585","2026","361","202",0.203,0.206,-0.002999999999999975,0.373,0.362,0.01100000000000001,0.295,0.294,0.0010000000000000009
"Diaz, Yainer","673237","2026","361","289",0.285,0.272,0.012999999999999956,0.459,0.416,0.04300000000000004,0.334,0.312,0.02200000000000002
"McMahon, Ryan","641857","2026","360","224",0.213,0.23,-0.017000000000000015,0.357,0.381,-0.02400000000000002,0.282,0.297,-0.015000000000000013
"Martin, Austin","668885","2026","358","237",0.228,0.23,-0.0020000000000000018,0.315,0.314,0.0010000000000000009,0.303,0.303,0
"Manzardo, Kyle","700932","2026","356","200",0.215,0.22,-0.0050000000000000044,0.378,0.38,-0.0020000000000000018,0.305,0.307,-0.0020000000000000018
"House, Brady","691781","2026","355","232",0.247,0.265,-0.018000000000000016,0.397,0.434,-0.03699999999999998,0.313,0.333,-0.020000000000000018
"Rengifo, Luis","650859","2026","354","268",0.24,0.253,-0.013000000000000012,0.317,0.345,-0.02799999999999997,0.289,0.304,-0.015000000000000013
"Holliday, Jackson","702616","2026","354","236",0.229,0.236,-0.0069999999999999785,0.34,0.352,-0.011999999999999955,0.284,0.293,-0.009000000000000008
"Ruiz, Keibert","660688","2026","354","298",0.28,0.247,0.03300000000000003,0.443,0.374,0.069,0.328,0.289,0.039000000000000035
"Ballesteros, Moisés","694208","2026","352","239",0.215,0.224,-0.009000000000000008,0.331,0.361,-0.02999999999999997,0.274,0.29,-0.01599999999999996
"Chapman, Matt","656305","2026","352","229",0.235,0.21,0.024999999999999994,0.368,0.319,0.04899999999999999,0.309,0.286,0.02300000000000002
"Tawa, Tim","694374","2026","351","240",0.24,0.247,-0.007000000000000006,0.393,0.418,-0.024999999999999967,0.302,0.315,-0.013000000000000012
"Monasterio, Andruw","655316","2026","347","250",0.233,0.23,0.0030000000000000027,0.371,0.352,0.019000000000000017,0.293,0.287,0.006000000000000005
"Bailey, Patrick","672275","2026","345","224",0.206,0.24,-0.034,0.335,0.398,-0.063,0.271,0.307,-0.035999999999999976
"Garcia, Maikel","672580","2026","344","262",0.268,0.271,-0.0030000000000000027,0.381,0.367,0.014000000000000012,0.318,0.318,0
"Lowe, Josh","666139","2026","343","210",0.209,0.209,0,0.36,0.372,-0.01200000000000001,0.279,0.284,-0.004999999999999949
"Young, Jared","676724","2026","342","248",0.266,0.25,0.016000000000000014,0.429,0.4,0.02899999999999997,0.332,0.321,0.01100000000000001
"Griffin, Konnor","804606","2026","339","232",0.272,0.262,0.010000000000000009,0.404,0.404,0,0.32,0.316,0.0040000000000000036
"Meckler, Wade","685133","2026","337","239",0.3,0.263,0.03699999999999998,0.387,0.359,0.028000000000000025,0.341,0.314,0.027000000000000024
"Wilson, Jacob","805779","2026","337","283",0.266,0.262,0.0040000000000000036,0.388,0.345,0.04300000000000004,0.301,0.282,0.019000000000000017
"Nootbaar, Lars","663457","2026","334","218",0.239,0.247,-0.008000000000000007,0.379,0.437,-0.057999999999999996,0.32,0.343,-0.02300000000000002
"Myers, Dane","667472","2026","334","212",0.257,0.236,0.02100000000000002,0.377,0.356,0.02100000000000002,0.324,0.309,0.015000000000000013
"Vaughn, Andrew","683734","2026","331","237",0.306,0.264,0.04199999999999998,0.444,0.38,0.064,0.368,0.329,0.03899999999999998
"Edman, Tommy","669242","2026","331","228",0.247,0.24,0.007000000000000006,0.385,0.347,0.038000000000000034,0.32,0.303,0.017000000000000015
"Straw, Myles","664702","2026","330","258",0.241,0.251,-0.010000000000000009,0.342,0.342,0,0.288,0.292,-0.0040000000000000036
"Mack, Joe","691788","2026","330","227",0.234,0.225,0.009000000000000008,0.403,0.396,0.007000000000000006,0.299,0.292,0.007000000000000006
"Caissie, Owen","683357","2026","330","176",0.22,0.211,0.009000000000000008,0.412,0.405,0.006999999999999951,0.304,0.302,0.0020000000000000018
"Mead, Curtis","678554","2026","329","222",0.253,0.259,-0.006000000000000005,0.498,0.457,0.04099999999999998,0.37,0.358,0.01200000000000001
"Isbel, Kyle","664728","2026","323","231",0.224,0.225,-0.0010000000000000009,0.323,0.303,0.020000000000000018,0.262,0.255,0.007000000000000006
"Fortes, Nick","663743","2026","323","258",0.258,0.239,0.019000000000000017,0.376,0.326,0.04999999999999999,0.301,0.273,0.02799999999999997
"Conine, Griffin","665052","2026","323","189",0.264,0.259,0.0050000000000000044,0.493,0.505,-0.01200000000000001,0.369,0.369,0
"Hoskins, Rhys","656555","2026","317","167",0.179,0.174,0.0050000000000000044,0.376,0.348,0.028000000000000025,0.305,0.297,0.008000000000000007
"Sánchez, Jesús","660821","2026","315","214",0.254,0.255,-0.0010000000000000009,0.401,0.419,-0.01799999999999996,0.311,0.321,-0.010000000000000009
"Conforto, Michael","624424","2026","314","195",0.24,0.238,0.0020000000000000018,0.469,0.439,0.02999999999999997,0.343,0.332,0.01100000000000001
"Kirk, Alejandro","672386","2026","313","242",0.278,0.263,0.015000000000000013,0.415,0.368,0.046999999999999986,0.333,0.308,0.025000000000000022
"Guzman, Denzer","694203","2026","304","207",0.219,0.225,-0.006000000000000005,0.336,0.327,0.009000000000000008,0.267,0.265,0.0020000000000000018
"Gorman, Nolan","669357","2026","302","171",0.184,0.193,-0.009000000000000008,0.308,0.351,-0.04299999999999998,0.26,0.278,-0.018000000000000016
"Smith, Dominic","642086","2026","300","227",0.253,0.239,0.014000000000000012,0.383,0.378,0.0050000000000000044,0.304,0.301,0.0030000000000000027
"Davis, Henry","680779","2026","298","198",0.172,0.199,-0.027000000000000024,0.313,0.342,-0.029000000000000026,0.267,0.29,-0.022999999999999965
"Yoshida, Masataka","807799","2026","297","233",0.274,0.262,0.01200000000000001,0.399,0.372,0.027000000000000024,0.33,0.318,0.01200000000000001
"Vientos, Mark","668901","2026","295","206",0.212,0.231,-0.019000000000000017,0.394,0.433,-0.03899999999999998,0.283,0.304,-0.02100000000000002
"Jackson, Jeremiah","669236","2026","293","212",0.217,0.236,-0.01899999999999999,0.365,0.385,-0.020000000000000018,0.264,0.282,-0.01799999999999996
"Vierling, Matt","663837","2026","291","223",0.207,0.256,-0.049000000000000016,0.335,0.381,-0.045999999999999985,0.258,0.304,-0.045999999999999985
"Alexander, Blaze","677942","2026","289","201",0.303,0.3,0.0030000000000000027,0.414,0.452,-0.038000000000000034,0.34,0.351,-0.010999999999999954
"Trammell, Taylor","666211","2026","289","163",0.192,0.186,0.006000000000000005,0.341,0.36,-0.01899999999999996,0.28,0.283,-0.002999999999999947
"Jones, Spencer","682987","2026","289","157",0.245,0.238,0.007000000000000006,0.429,0.455,-0.026000000000000023,0.323,0.328,-0.0050000000000000044
"Freeman, Tyler","671289","2026","288","228",0.247,0.265,-0.018000000000000016,0.314,0.353,-0.03899999999999998,0.289,0.309,-0.020000000000000018
"Tena, José","677588","2026","288","168",0.222,0.221,0.0010000000000000009,0.37,0.351,0.019000000000000017,0.299,0.291,0.008000000000000007
"Raley, Luke","670042","2026","287","172",0.225,0.252,-0.026999999999999996,0.439,0.486,-0.046999999999999986,0.313,0.342,-0.029000000000000026
"Valdez, Esmerlyn","699013","2026","287","136",0.232,0.2,0.032,0.51,0.44,0.07,0.368,0.332,0.035999999999999976
"Williamson, Ben","810938","2026","286","208",0.238,0.246,-0.008000000000000007,0.318,0.325,-0.007000000000000006,0.28,0.286,-0.00599999999999995
"Schneemann, Daniel","682177","2026","286","178",0.21,0.225,-0.015000000000000013,0.332,0.372,-0.03999999999999998,0.272,0.292,-0.019999999999999962
"Judge, Aaron","592450","2026","285","153",0.241,0.258,-0.017000000000000015,0.511,0.569,-0.05799999999999994,0.372,0.396,-0.02400000000000002
"Narváez, Carlos","665966","2026","285","168",0.161,0.191,-0.03,0.226,0.303,-0.07699999999999999,0.219,0.26,-0.04100000000000001
"Muncy, Max","691777","2026","284","168",0.23,0.218,0.01200000000000001,0.387,0.366,0.02100000000000002,0.3,0.288,0.01200000000000001
"Waldschmidt, Ryan","814439","2026","284","171",0.256,0.236,0.020000000000000018,0.368,0.356,0.01200000000000001,0.309,0.297,0.01200000000000001
"Torrens, Luis","620443","2026","281","200",0.235,0.23,0.004999999999999977,0.396,0.363,0.03300000000000003,0.304,0.289,0.015000000000000013
"Grichuk, Randal","545341","2026","280","207",0.287,0.278,0.008999999999999952,0.566,0.478,0.08799999999999997,0.37,0.335,0.034999999999999976
"Ozuna, Marcell","542303","2026","280","171",0.203,0.221,-0.017999999999999988,0.327,0.389,-0.062,0.276,0.304,-0.02799999999999997
"Vilade, Ryan","668723","2026","278","184",0.245,0.252,-0.007000000000000006,0.429,0.421,0.008000000000000007,0.327,0.327,0
"Sogard, Nick","686765","2026","277","189",0.255,0.251,0.0040000000000000036,0.385,0.355,0.030000000000000027,0.325,0.311,0.014000000000000012
"Julien, Edouard","666397","2026","276","165",0.208,0.247,-0.03900000000000001,0.292,0.401,-0.10900000000000004,0.287,0.338,-0.051000000000000045
"Smith, Will","669257","2026","276","194",0.26,0.279,-0.019000000000000017,0.426,0.502,-0.07600000000000001,0.345,0.389,-0.04400000000000004
"O'Hoppe, Logan","681351","2026","275","187",0.218,0.206,0.01200000000000001,0.302,0.332,-0.030000000000000027,0.259,0.267,-0.008000000000000007
"Sánchez, Gary","596142","2026","275","167",0.209,0.22,-0.01100000000000001,0.422,0.397,0.024999999999999967,0.342,0.336,0.006000000000000005
"Friedl, TJ","670770","2026","272","182",0.172,0.191,-0.019000000000000017,0.255,0.268,-0.013000000000000012,0.236,0.25,-0.014000000000000012
"Valenzuela, Brandon","678218","2026","271","172",0.226,0.24,-0.013999999999999985,0.377,0.377,0,0.307,0.313,-0.006000000000000005
"Lopez, Nicky","670032","2026","270","207",0.27,0.248,0.02200000000000002,0.312,0.299,0.013000000000000012,0.286,0.27,0.01599999999999996
"Freeland, Alex","690976","2026","269","162",0.234,0.22,0.014000000000000012,0.325,0.34,-0.015000000000000013,0.297,0.297,0
"Walton, Donovan","622268","2026","268","187",0.261,0.245,0.016000000000000014,0.448,0.371,0.07700000000000001,0.356,0.322,0.033999999999999975
"Kreidler, Ryan","668952","2026","267","183",0.218,0.221,-0.0030000000000000027,0.379,0.382,-0.0030000000000000027,0.293,0.295,-0.0020000000000000018
"Story, Trevor","596115","2026","266","167",0.235,0.211,0.023999999999999994,0.351,0.317,0.033999999999999975,0.272,0.248,0.02400000000000002
"Vázquez, Christian","543877","2026","266","195",0.207,0.195,0.011999999999999983,0.322,0.267,0.05499999999999999,0.258,0.233,0.024999999999999994
"Ramírez, Pedro","699393","2026","266","195",0.261,0.242,0.019000000000000017,0.402,0.342,0.06,0.315,0.284,0.031000000000000028
"Pratt, Cooper","806198","2026","266","190",0.281,0.266,0.015000000000000013,0.368,0.362,0.006000000000000005,0.32,0.315,0.0050000000000000044
"Fermin, Freddy","666023","2026","265","183",0.203,0.211,-0.00799999999999998,0.315,0.315,0,0.265,0.27,-0.0050000000000000044
"Mesa Jr., Victor","683748","2026","262","185",0.26,0.249,0.01100000000000001,0.498,0.439,0.059,0.355,0.329,0.025999999999999968
"O'Neill, Tyler","641933","2026","260","159",0.212,0.214,-0.0020000000000000018,0.377,0.394,-0.017000000000000015,0.302,0.307,-0.0050000000000000044
"Carpenter, Kerry","681481","2026","259","159",0.208,0.212,-0.0040000000000000036,0.416,0.388,0.02799999999999997,0.301,0.295,0.006000000000000005
"García, Adolis","666969","2026","259","150",0.195,0.22,-0.024999999999999994,0.329,0.362,-0.032999999999999974,0.268,0.294,-0.025999999999999968
"Ruiz, Esteury","665923","2026","255","134",0.216,0.175,0.04100000000000001,0.366,0.288,0.07800000000000001,0.317,0.275,0.04199999999999998
"Ramírez, Agustín","682663","2026","255","166",0.235,0.227,0.00799999999999998,0.354,0.32,0.033999999999999975,0.3,0.285,0.015000000000000013
"Amaya, Miguel","665804","2026","254","152",0.237,0.204,0.033,0.377,0.335,0.04199999999999998,0.324,0.295,0.029000000000000026
"Andujar, Miguel","609280","2026","254","201",0.259,0.264,-0.0050000000000000044,0.423,0.376,0.046999999999999986,0.314,0.298,0.016000000000000014
"Rushing, Dalton","687221","2026","253","151",0.246,0.249,-0.0030000000000000027,0.46,0.426,0.03400000000000003,0.344,0.336,0.007999999999999952
"Rojas, Miguel","500743","2026","252","207",0.267,0.277,-0.010000000000000009,0.391,0.386,0.0050000000000000044,0.306,0.309,-0.0030000000000000027
"Feduccia, Hunter","676439","2026","251","162",0.221,0.237,-0.015999999999999986,0.313,0.367,-0.05399999999999999,0.286,0.312,-0.026000000000000023
"Siri, Jose","642350","2026","251","153",0.241,0.227,0.013999999999999985,0.417,0.425,-0.008000000000000007,0.308,0.304,0.0040000000000000036
"Sosa, Edmundo","624641","2026","250","181",0.247,0.277,-0.030000000000000027,0.429,0.444,-0.015000000000000013,0.307,0.328,-0.02100000000000002
"Campusano, Luis","669134","2026","248","162",0.265,0.239,0.026000000000000023,0.433,0.391,0.04199999999999998,0.353,0.327,0.025999999999999968
"Foscue, Justin","679822","2026","247","164",0.271,0.245,0.026000000000000023,0.484,0.435,0.04899999999999999,0.354,0.325,0.02899999999999997
"Hedges, Austin","595978","2026","247","176",0.247,0.224,0.022999999999999993,0.377,0.314,0.063,0.313,0.28,0.032999999999999974
"Volpe, Anthony","683011","2026","246","165",0.245,0.232,0.012999999999999984,0.336,0.334,0.0020000000000000018,0.297,0.291,0.006000000000000005
"Mayer, Marcelo","691785","2026","245","172",0.209,0.196,0.012999999999999984,0.295,0.295,0,0.258,0.257,0.0010000000000000009
"Rosario, Amed","642708","2026","244","173",0.238,0.25,-0.01200000000000001,0.405,0.424,-0.01899999999999996,0.297,0.309,-0.01200000000000001
"Smith, Josh","669701","2026","243","160",0.203,0.204,-0.0009999999999999731,0.321,0.32,0.0010000000000000009,0.275,0.276,-0.0010000000000000009
"Anthony, Roman","701350","2026","242","146",0.245,0.259,-0.014000000000000012,0.396,0.424,-0.02799999999999997,0.326,0.341,-0.015000000000000013
"Hayes, Ke'Bryan","663647","2026","242","179",0.141,0.236,-0.095,0.225,0.371,-0.146,0.191,0.287,-0.09599999999999997
"Taylor, Tyrone","621438","2026","241","184",0.279,0.245,0.03400000000000003,0.502,0.416,0.08600000000000002,0.355,0.309,0.045999999999999985
"Emerson, Colt","806068","2026","241","141",0.19,0.196,-0.006000000000000005,0.335,0.3,0.03500000000000003,0.256,0.248,0.008000000000000007
"Wong, Connor","657136","2026","238","158",0.233,0.219,0.014000000000000012,0.348,0.327,0.020999999999999963,0.295,0.281,0.013999999999999957
"Sullivan, Brett","664954","2026","237","183",0.225,0.235,-0.009999999999999981,0.39,0.354,0.03600000000000003,0.285,0.281,0.003999999999999948
"Díaz, Elias","553869","2026","237","168",0.234,0.216,0.018000000000000016,0.404,0.357,0.04700000000000004,0.287,0.269,0.01799999999999996
"Matthews, Brice","694728","2026","233","143",0.201,0.193,0.008000000000000007,0.332,0.338,-0.006000000000000005,0.26,0.261,-0.0010000000000000009
"Osuna, Alejandro","696030","2026","233","168",0.26,0.252,0.008000000000000007,0.304,0.309,-0.0050000000000000044,0.303,0.301,0.0020000000000000018
"Williams, Alika","675961","2026","231","169",0.27,0.217,0.05300000000000002,0.428,0.299,0.129,0.319,0.248,0.07100000000000001
"Robert Jr., Luis","673357","2026","230","151",0.221,0.239,-0.017999999999999988,0.407,0.418,-0.01100000000000001,0.311,0.321,-0.010000000000000009
"Chaparro, Andrés","665953","2026","228","145",0.263,0.233,0.03,0.525,0.451,0.07400000000000001,0.383,0.344,0.039000000000000035
"Jansen, Danny","643376","2026","227","146",0.203,0.186,0.017000000000000015,0.381,0.31,0.07100000000000001,0.3,0.267,0.032999999999999974
"Gonzalez, Jacob","694378","2026","227","167",0.22,0.247,-0.026999999999999996,0.364,0.396,-0.03200000000000003,0.282,0.305,-0.02300000000000002
"Gasper, Mickey","681508","2026","225","154",0.251,0.249,0.0020000000000000018,0.466,0.444,0.02200000000000002,0.361,0.353,0.008000000000000007
"Acuña, Luisangel","682668","2026","224","170",0.229,0.247,-0.017999999999999988,0.276,0.324,-0.04799999999999999,0.241,0.269,-0.028000000000000025
"Doyle, Brenton","686668","2026","223","138",0.233,0.203,0.03,0.362,0.307,0.05499999999999999,0.28,0.245,0.03500000000000003
"Domínguez, Jasson","691176","2026","222","161",0.225,0.25,-0.024999999999999994,0.368,0.364,0.0040000000000000036,0.279,0.289,-0.009999999999999953
"Fernandez, Jose","699912","2026","222","158",0.255,0.245,0.010000000000000009,0.343,0.342,0.0010000000000000009,0.287,0.281,0.00599999999999995
"Mateo, Jorge","622761","2026","221","140",0.203,0.221,-0.017999999999999988,0.314,0.358,-0.043999999999999984,0.248,0.272,-0.02400000000000002
"Koss, Christian","683766","2026","221","151",0.217,0.206,0.01100000000000001,0.305,0.278,0.02699999999999997,0.251,0.235,0.016000000000000014
"Quero, Edgar","700337","2026","217","151",0.203,0.222,-0.01899999999999999,0.257,0.315,-0.057999999999999996,0.251,0.282,-0.030999999999999972
"Hill, Derek","656537","2026","216","133",0.241,0.225,0.015999999999999986,0.442,0.386,0.055999999999999994,0.319,0.289,0.030000000000000027
"Fry, David","681807","2026","214","125",0.201,0.181,0.020000000000000018,0.364,0.294,0.07,0.304,0.271,0.032999999999999974
"Encarnacion-Strand, Christian","687952","2026","213","143",0.277,0.248,0.029000000000000026,0.513,0.483,0.030000000000000027,0.358,0.332,0.025999999999999968
"Lara, Luis","800325","2026","212","147",0.246,0.256,-0.010000000000000009,0.325,0.331,-0.006000000000000005,0.286,0.293,-0.007000000000000006
"Pagés, Pedro","686780","2026","211","139",0.217,0.218,-0.0010000000000000009,0.312,0.329,-0.017000000000000015,0.264,0.273,-0.009000000000000008
"Romo, Drew","691011","2026","206","136",0.144,0.188,-0.04400000000000001,0.294,0.294,0,0.243,0.262,-0.019000000000000017
"Laureano, Ramón","657656","2026","206","119",0.203,0.222,-0.01899999999999999,0.374,0.409,-0.034999999999999976,0.292,0.312,-0.020000000000000018
"Clark, Max","703601","2026","206","142",0.272,0.264,0.008000000000000007,0.417,0.345,0.07200000000000001,0.337,0.314,0.02300000000000002
"White, Eli","642201","2026","204","147",0.246,0.229,0.016999999999999987,0.398,0.333,0.065,0.3,0.269,0.030999999999999972
"Shaw, Matt","807713","2026","202","143",0.237,0.231,0.005999999999999978,0.41,0.353,0.056999999999999995,0.325,0.303,0.02200000000000002
"Rooker, Brent","667670","2026","202","117",0.201,0.208,-0.0069999999999999785,0.391,0.438,-0.046999999999999986,0.294,0.312,-0.018000000000000016
"Gurriel Jr., Lourdes","666971","2026","201","151",0.21,0.234,-0.02400000000000002,0.29,0.312,-0.02200000000000002,0.243,0.273,-0.030000000000000027
"Marte, Noelvi","682622","2026","201","139",0.189,0.193,-0.0040000000000000036,0.321,0.304,0.017000000000000015,0.242,0.237,0.0050000000000000044
"Heineman, Tyler","623168","2026","200","159",0.175,0.214,-0.03900000000000001,0.22,0.259,-0.03900000000000001,0.204,0.236,-0.032
"Jordan, Blaze","691458","2026","199","160",0.247,0.266,-0.019000000000000017,0.382,0.425,-0.04299999999999998,0.284,0.317,-0.03300000000000003
"Del Castillo, Adrian","680728","2026","197","128",0.193,0.199,-0.006000000000000005,0.309,0.329,-0.020000000000000018,0.247,0.256,-0.009000000000000008
"Báez, Javier","595879","2026","196","147",0.241,0.242,-0.0010000000000000009,0.364,0.325,0.03899999999999998,0.277,0.266,0.01100000000000001
"Halpin, Petey","690984","2026","195","149",0.225,0.252,-0.026999999999999996,0.326,0.377,-0.05099999999999999,0.264,0.295,-0.030999999999999972
"White, Tommy","695720","2026","195","155",0.254,0.263,-0.009000000000000008,0.328,0.383,-0.05499999999999999,0.264,0.291,-0.02699999999999997
"Scott II, Victor","687363","2026","195","131",0.193,0.222,-0.028999999999999998,0.253,0.296,-0.04299999999999998,0.243,0.271,-0.028000000000000025
"Call, Alex","669743","2026","195","130",0.233,0.202,0.031,0.307,0.261,0.045999999999999985,0.305,0.277,0.02799999999999997
"Jiménez, Leo","677870","2026","194","130",0.199,0.242,-0.04299999999999998,0.259,0.336,-0.07700000000000001,0.267,0.314,-0.046999999999999986
"Torres, Bryan","663494","2026","189","130",0.229,0.229,0,0.331,0.329,0.0020000000000000018,0.289,0.288,0.0010000000000000009
"Gray, Tristan","656484","2026","188","117",0.225,0.218,0.007000000000000006,0.324,0.322,0.0020000000000000018,0.262,0.263,-0.0010000000000000009
"Higashioka, Kyle","543309","2026","186","118",0.218,0.219,-0.0010000000000000009,0.37,0.351,0.019000000000000017,0.303,0.295,0.008000000000000007
"Wilson, Weston","642215","2026","183","106",0.201,0.187,0.014000000000000012,0.305,0.273,0.03199999999999997,0.269,0.251,0.018000000000000016
"Kiner-Falefa, Isiah","643396","2026","183","137",0.242,0.256,-0.014000000000000012,0.311,0.319,-0.008000000000000007,0.29,0.297,-0.007000000000000006
"Bateman, Brett","703520","2026","181","126",0.329,0.268,0.061,0.424,0.338,0.08599999999999997,0.368,0.312,0.055999999999999994
"Jones, Jahmai","663330","2026","181","102",0.206,0.229,-0.02300000000000002,0.369,0.428,-0.059,0.299,0.328,-0.029000000000000026
"Saggese, Thomas","695336","2026","180","116",0.235,0.238,-0.0030000000000000027,0.352,0.399,-0.04700000000000004,0.286,0.309,-0.02300000000000002
"Piñango, Yohendrick","682818","2026","180","125",0.26,0.262,-0.0020000000000000018,0.396,0.398,-0.0020000000000000018,0.309,0.309,0
"Beck, Jordan","687597","2026","180","109",0.2,0.212,-0.011999999999999983,0.291,0.293,-0.0020000000000000018,0.248,0.253,-0.0050000000000000044
"Taylor, Samad","669392","2026","175","111",0.316,0.256,0.06,0.408,0.328,0.07999999999999996,0.356,0.309,0.046999999999999986
"Pérez, Wenceel","672761","2026","175","132",0.18,0.203,-0.02300000000000002,0.348,0.348,0,0.262,0.272,-0.010000000000000009
"Barrosa, Jorge","678489","2026","174","109",0.193,0.164,0.028999999999999998,0.331,0.25,0.08100000000000002,0.277,0.238,0.039000000000000035
"Seigler, Anthony","678011","2026","173","126",0.247,0.241,0.006000000000000005,0.4,0.37,0.030000000000000027,0.321,0.312,0.009000000000000008
"Rogers, Jake","668670","2026","171","96",0.161,0.171,-0.010000000000000009,0.287,0.296,-0.009000000000000008,0.259,0.267,-0.008000000000000007
"Outman, James","681546","2026","170","86",0.172,0.162,0.009999999999999981,0.318,0.273,0.044999999999999984,0.246,0.225,0.02099999999999999
"Cox, Jonah","813841","2026","169","93",0.252,0.209,0.04300000000000001,0.384,0.319,0.065,0.3,0.256,0.043999999999999984
"Marte, Starling","516782","2026","168","114",0.242,0.23,0.011999999999999983,0.314,0.364,-0.04999999999999999,0.276,0.287,-0.010999999999999954
"Lombard Jr., George","806146","2026","166","111",0.237,0.24,-0.0030000000000000027,0.414,0.388,0.025999999999999968,0.303,0.298,0.0050000000000000044
"Cavanaugh, Drew","701852","2026","166","98",0.229,0.233,-0.0040000000000000036,0.292,0.335,-0.04300000000000004,0.28,0.296,-0.01599999999999996
"McCann, James","543510","2026","166","117",0.282,0.24,0.04199999999999998,0.455,0.431,0.02400000000000002,0.332,0.303,0.029000000000000026
"Flores Jr., Rafael","804668","2026","163","103",0.264,0.247,0.017000000000000015,0.527,0.506,0.02100000000000002,0.367,0.35,0.017000000000000015
"Allen, Nick","669397","2026","162","119",0.283,0.219,0.06399999999999997,0.393,0.273,0.12,0.316,0.246,0.07
"Susac, Daniel","691740","2026","161","114",0.243,0.249,-0.006000000000000005,0.375,0.369,0.006000000000000005,0.29,0.296,-0.006000000000000005
"Rave, John","670231","2026","161","106",0.232,0.237,-0.004999999999999977,0.43,0.391,0.03899999999999998,0.326,0.315,0.01100000000000001
"Arroyo, Edwin","695490","2026","160","113",0.223,0.268,-0.04500000000000001,0.264,0.348,-0.08399999999999996,0.24,0.291,-0.05099999999999999
"Rodríguez, Endy","682848","2026","159","94",0.267,0.245,0.02200000000000002,0.467,0.403,0.064,0.37,0.338,0.03199999999999997
"Donovan, Brendan","680977","2026","159","115",0.277,0.25,0.027000000000000024,0.409,0.344,0.065,0.349,0.314,0.034999999999999976
"Hernaiz, Darell","687231","2026","157","109",0.234,0.216,0.018000000000000016,0.277,0.267,0.010000000000000009,0.275,0.262,0.013000000000000012
"Trevino, Jose","624431","2026","156","126",0.217,0.213,0.0040000000000000036,0.336,0.295,0.041000000000000036,0.24,0.222,0.017999999999999988
"Schneider, Davis","676914","2026","156","75",0.145,0.155,-0.010000000000000009,0.315,0.286,0.029000000000000026,0.29,0.287,0.0030000000000000027
"Dunn, Blake","694362","2026","155","110",0.282,0.242,0.03999999999999998,0.387,0.319,0.068,0.32,0.28,0.03999999999999998
"Song, Sung-Mun","823550","2026","154","104",0.191,0.183,0.008000000000000007,0.244,0.267,-0.02300000000000002,0.25,0.253,-0.0030000000000000027
"Pauley, Graham","688363","2026","154","108",0.211,0.194,0.016999999999999987,0.373,0.311,0.062,0.274,0.243,0.031000000000000028
"Meyers, Jake","676694","2026","153","111",0.213,0.205,0.008000000000000007,0.326,0.316,0.010000000000000009,0.265,0.256,0.009000000000000008
"Rodríguez, Héctor","699302","2026","152","105",0.229,0.198,0.031,0.41,0.329,0.08099999999999996,0.295,0.251,0.043999999999999984
"Millas, Drew","686452","2026","152","96",0.185,0.204,-0.01899999999999999,0.262,0.282,-0.019999999999999962,0.251,0.266,-0.015000000000000013
"Harris, Dustin","687957","2026","152","118",0.293,0.278,0.014999999999999958,0.383,0.36,0.02300000000000002,0.326,0.314,0.01200000000000001
"Crooks, Jimmy","699625","2026","149","87",0.179,0.198,-0.019000000000000017,0.336,0.397,-0.061,0.264,0.294,-0.02999999999999997
"Garver, Mitch","641598","2026","149","77",0.175,0.194,-0.019000000000000017,0.294,0.341,-0.04700000000000004,0.278,0.301,-0.022999999999999965
"Arias, Gabriel","672356","2026","149","81",0.243,0.22,0.022999999999999993,0.371,0.371,0,0.284,0.272,0.011999999999999955
"Robles, Victor","645302","2026","149","115",0.256,0.238,0.018000000000000016,0.308,0.321,-0.013000000000000012,0.283,0.28,0.002999999999999947
"Rivas, Leo","660844","2026","148","86",0.153,0.171,-0.018000000000000016,0.194,0.229,-0.035,0.225,0.243,-0.017999999999999988
"Tolbert, Tyler","686475","2026","148","104",0.285,0.24,0.044999999999999984,0.392,0.307,0.08500000000000002,0.329,0.287,0.04200000000000004
"Kim, Ha-Seong","673490","2026","147","92",0.116,0.157,-0.040999999999999995,0.14,0.206,-0.06599999999999998,0.18,0.222,-0.04200000000000001
"Moore, Christian","695681","2026","147","87",0.187,0.194,-0.007000000000000006,0.276,0.313,-0.03699999999999998,0.239,0.254,-0.015000000000000013
"Frazier, Adam","624428","2026","147","94",0.24,0.223,0.016999999999999987,0.349,0.294,0.05499999999999999,0.293,0.265,0.02799999999999997
"Wade Jr., LaMonte","664774","2026","146","91",0.205,0.188,0.016999999999999987,0.346,0.286,0.06,0.296,0.268,0.02799999999999997
"Polanco, Jorge","593871","2026","145","100",0.148,0.189,-0.04100000000000001,0.23,0.284,-0.053999999999999965,0.196,0.234,-0.038000000000000006
"Kepler, Max","596146","2026","145","102",0.205,0.211,-0.006000000000000005,0.303,0.336,-0.03300000000000003,0.25,0.27,-0.020000000000000018
"Melendez, MJ","669004","2026","144","72",0.192,0.166,0.025999999999999995,0.35,0.317,0.032999999999999974,0.302,0.28,0.021999999999999964
"Teel, Kyle","691019","2026","144","70",0.21,0.211,-0.0010000000000000009,0.361,0.375,-0.014000000000000012,0.317,0.321,-0.0040000000000000036
"Basabe, Osleivis","678545","2026","143","102",0.202,0.229,-0.026999999999999996,0.341,0.343,-0.0020000000000000018,0.271,0.283,-0.011999999999999955
"Troy, Tommy","694371","2026","143","96",0.217,0.229,-0.01200000000000001,0.349,0.393,-0.04400000000000004,0.285,0.304,-0.019000000000000017
"Correa, Carlos","621043","2026","141","97",0.279,0.289,-0.009999999999999953,0.418,0.459,-0.041000000000000036,0.347,0.364,-0.017000000000000015
"Malgeri, Ben","701162","2026","140","85",0.25,0.243,0.007000000000000006,0.417,0.354,0.063,0.341,0.317,0.02400000000000002
"Genao, Angel","694197","2026","139","106",0.213,0.239,-0.025999999999999995,0.291,0.333,-0.04200000000000004,0.261,0.286,-0.024999999999999967
"Valencia, Eduardo","680664","2026","138","97",0.341,0.285,0.05600000000000005,0.636,0.546,0.08999999999999997,0.433,0.372,0.061
"Ortiz, Abimelec","694673","2026","136","93",0.188,0.211,-0.022999999999999993,0.344,0.382,-0.038000000000000034,0.246,0.271,-0.025000000000000022
"Lawlar, Jordan","691783","2026","136","86",0.258,0.249,0.009000000000000008,0.46,0.401,0.059,0.34,0.314,0.026000000000000023
"Wallner, Matt","670242","2026","135","67",0.167,0.2,-0.033,0.292,0.333,-0.041000000000000036,0.253,0.281,-0.028000000000000025
"Kim, Hyeseong","808975","2026","131","87",0.259,0.261,-0.0020000000000000018,0.328,0.341,-0.013000000000000012,0.293,0.304,-0.01100000000000001
"Moncada, Yoán","660162","2026","130","66",0.189,0.169,0.01999999999999999,0.297,0.286,0.01100000000000001,0.281,0.269,0.01200000000000001
"Refsnyder, Rob","608701","2026","129","81",0.14,0.17,-0.03,0.254,0.316,-0.062,0.207,0.255,-0.048000000000000015
"Bart, Joey","663698","2026","128","78",0.214,0.203,0.010999999999999982,0.357,0.362,-0.0050000000000000044,0.298,0.295,0.0030000000000000027
"Culpepper, Kaelen","701785","2026","128","90",0.274,0.236,0.038000000000000034,0.393,0.351,0.04200000000000004,0.32,0.287,0.03300000000000003
"Hill, Turner","806367","2026","124","88",0.219,0.248,-0.028999999999999998,0.314,0.369,-0.05499999999999999,0.28,0.316,-0.035999999999999976
"Jarvis, Jim","805347","2026","124","92",0.207,0.234,-0.027000000000000024,0.297,0.304,-0.007000000000000006,0.254,0.268,-0.014000000000000012
"Smith, Pavin","656976","2026","122","85",0.183,0.216,-0.033,0.294,0.318,-0.02400000000000002,0.252,0.281,-0.029000000000000026
"Whitcomb, Shay","694376","2026","122","83",0.207,0.214,-0.007000000000000006,0.336,0.374,-0.03799999999999998,0.249,0.265,-0.016000000000000014
"Castellanos, Nick","592206","2026","122","83",0.191,0.244,-0.05299999999999999,0.339,0.4,-0.061,0.239,0.285,-0.045999999999999985
"Loperfido, Joey","694388","2026","121","73",0.214,0.229,-0.015000000000000013,0.33,0.334,-0.0040000000000000036,0.287,0.294,-0.007000000000000006
"Murphy, Sean","669221","2026","121","73",0.182,0.206,-0.023999999999999994,0.3,0.332,-0.03200000000000003,0.252,0.273,-0.02100000000000002
"Thomas, Colby","687515","2026","121","79",0.202,0.182,0.020000000000000018,0.333,0.357,-0.023999999999999966,0.25,0.248,0.0020000000000000018
"Thomas, Alek","677950","2026","120","87",0.186,0.232,-0.04600000000000001,0.327,0.374,-0.046999999999999986,0.243,0.282,-0.03899999999999998
"Ford, Harry","695670","2026","118","72",0.19,0.192,-0.0020000000000000018,0.35,0.332,0.01799999999999996,0.302,0.296,0.006000000000000005
"Yorke, Nick","694377","2026","117","80",0.212,0.235,-0.022999999999999993,0.279,0.335,-0.055999999999999994,0.258,0.289,-0.030999999999999972
"Sosa, Lenyn","672820","2026","117","90",0.195,0.222,-0.026999999999999996,0.283,0.345,-0.062,0.214,0.249,-0.035
"Bericoto, Victor","682674","2026","116","80",0.241,0.23,0.010999999999999982,0.42,0.446,-0.026000000000000023,0.297,0.299,-0.0020000000000000018
"Rojas, Josh","668942","2026","115","92",0.226,0.189,0.037000000000000005,0.321,0.261,0.06,0.26,0.22,0.04000000000000001
"Brito, Juan","682877","2026","115","81",0.245,0.237,0.008000000000000007,0.387,0.365,0.02200000000000002,0.3,0.288,0.01200000000000001
"Benson, Will","666181","2026","114","58",0.188,0.189,-0.0010000000000000009,0.333,0.355,-0.021999999999999964,0.29,0.3,-0.010000000000000009
"Lockridge, Brandon","663604","2026","113","69",0.277,0.216,0.061000000000000026,0.327,0.263,0.064,0.308,0.258,0.04999999999999999
"Velázquez, Nelson","676369","2026","113","65",0.188,0.232,-0.04400000000000001,0.406,0.486,-0.07999999999999996,0.286,0.339,-0.05300000000000005
"Pereira, Everson","677592","2026","111","63",0.235,0.205,0.03,0.439,0.4,0.03899999999999998,0.327,0.299,0.028000000000000025
"Bader, Harrison","664056","2026","111","73",0.17,0.215,-0.044999999999999984,0.358,0.367,-0.009000000000000008,0.238,0.272,-0.03400000000000003
"Báez, Joshua","695491","2026","108","68",0.23,0.212,0.018000000000000016,0.51,0.446,0.064,0.335,0.303,0.03200000000000003
"Callihan, Tyler","682997","2026","107","59",0.211,0.185,0.025999999999999995,0.389,0.296,0.09300000000000003,0.294,0.252,0.04199999999999998
"McAdoo, Charles","807727","2026","106","74",0.258,0.245,0.013000000000000012,0.392,0.367,0.025000000000000022,0.303,0.289,0.014000000000000012
"Morel, Christopher","666624","2026","105","63",0.173,0.173,0,0.245,0.234,0.010999999999999982,0.216,0.211,0.0050000000000000044
"Hays, Austin","669720","2026","105","74",0.28,0.278,0.0020000000000000018,0.4,0.383,0.017000000000000015,0.304,0.295,0.009000000000000008
"Bowen, Jase","687749","2026","103","57",0.146,0.194,-0.048000000000000015,0.25,0.321,-0.07100000000000001,0.196,0.244,-0.04799999999999999
"Bernal, Leo","699024","2026","102","70",0.284,0.27,0.013999999999999957,0.474,0.487,-0.013000000000000012,0.351,0.347,0.0040000000000000036
"Perkins, Blake","663368","2026","101","68",0.157,0.196,-0.03900000000000001,0.258,0.295,-0.03699999999999998,0.236,0.264,-0.028000000000000025
"Pereda, Jhonny","640902","2026","101","71",0.3,0.304,-0.0040000000000000036,0.389,0.398,-0.009000000000000008,0.338,0.345,-0.006999999999999951
"Urías, Ramón","602104","2026","100","69",0.151,0.191,-0.04000000000000001,0.326,0.381,-0.05499999999999999,0.265,0.302,-0.03699999999999998
"Naylor, Bo","666310","2026","98","67",0.154,0.216,-0.062,0.275,0.4,-0.125,0.22,0.293,-0.07299999999999998
"Freeman, Cody","683227","2026","97","73",0.247,0.185,0.062,0.318,0.237,0.08100000000000002,0.29,0.233,0.05699999999999997
"Fraley, Jake","641584","2026","97","59",0.216,0.196,0.01999999999999999,0.364,0.331,0.032999999999999974,0.29,0.27,0.019999999999999962
"Hernández, Enrique","571771","2026","96","62",0.222,0.22,0.0020000000000000018,0.4,0.367,0.03300000000000003,0.293,0.279,0.013999999999999957
"Stanton, Giancarlo","519317","2026","96","61",0.256,0.245,0.01100000000000001,0.422,0.466,-0.04400000000000004,0.316,0.326,-0.010000000000000009
"Amador, Adael","691182","2026","95","72",0.277,0.207,0.07000000000000003,0.482,0.311,0.17099999999999999,0.365,0.274,0.09099999999999997
"Marchán, Rafael","665561","2026","95","76",0.099,0.176,-0.07699999999999999,0.165,0.241,-0.07599999999999998,0.139,0.202,-0.063
"Roden, Alan","702176","2026","94","70",0.291,0.297,-0.006000000000000005,0.392,0.419,-0.02699999999999997,0.343,0.361,-0.01799999999999996
"Jenkins, Walker","805805","2026","93","66",0.226,0.242,-0.015999999999999986,0.393,0.394,-0.0010000000000000009,0.303,0.31,-0.007000000000000006
"Escarra, J.C.","641555","2026","92","68",0.188,0.206,-0.017999999999999988,0.271,0.308,-0.03699999999999998,0.228,0.257,-0.028999999999999998
"Sánchez, Ali","645305","2026","92","63",0.244,0.239,0.0050000000000000044,0.302,0.306,-0.0040000000000000036,0.258,0.256,0.0020000000000000018
"McCray, Grant","687529","2026","91","52",0.143,0.21,-0.067,0.273,0.35,-0.07699999999999996,0.236,0.291,-0.05499999999999999
"Durán, Rodolfo","660710","2026","91","59",0.146,0.18,-0.034,0.305,0.323,-0.018000000000000016,0.236,0.257,-0.02100000000000002
"Watson, Kahlil","696135","2026","91","56",0.239,0.209,0.03,0.341,0.33,0.01100000000000001,0.266,0.246,0.020000000000000018
"Shewmake, Braden","669699","2026","91","73",0.259,0.246,0.013000000000000012,0.424,0.411,0.013000000000000012,0.296,0.294,0.0020000000000000018
"Rincones Jr., Gabriel","687282","2026","89","56",0.167,0.15,0.017000000000000015,0.286,0.276,0.009999999999999953,0.215,0.205,0.010000000000000009
"Wynns, Austin","642851","2026","89","60",0.146,0.2,-0.05400000000000002,0.183,0.29,-0.10699999999999998,0.176,0.24,-0.064
"Schuemann, Max","680474","2026","87","51",0.194,0.203,-0.009000000000000008,0.361,0.336,0.024999999999999967,0.317,0.312,0.0050000000000000044
"Clarke, Denzel","672016","2026","87","50",0.158,0.166,-0.008000000000000007,0.171,0.193,-0.021999999999999992,0.198,0.209,-0.010999999999999982
"De La Cruz, Bryan","650559","2026","86","59",0.28,0.24,0.040000000000000036,0.413,0.346,0.067,0.335,0.299,0.03600000000000003
"Serven, Brian","661531","2026","85","59",0.175,0.22,-0.04500000000000001,0.375,0.371,0.0040000000000000036,0.261,0.278,-0.017000000000000015
"Fulford, Braxton","690924","2026","85","42",0.176,0.138,0.03799999999999998,0.27,0.226,0.04400000000000001,0.242,0.209,0.033
"d'Arnaud, Travis","518595","2026","84","52",0.158,0.152,0.006000000000000005,0.237,0.281,-0.04400000000000004,0.221,0.234,-0.013000000000000012
"Haase, Eric","606992","2026","84","49",0.162,0.184,-0.021999999999999992,0.365,0.361,0.0040000000000000036,0.264,0.271,-0.007000000000000006
"Wiemer, Joey","686894","2026","83","41",0.286,0.217,0.06899999999999998,0.514,0.349,0.16500000000000004,0.397,0.315,0.08200000000000002
"McCutchen, Andrew","457705","2026","83","52",0.192,0.164,0.027999999999999997,0.26,0.265,-0.0050000000000000044,0.249,0.237,0.01200000000000001
"Dezenzo, Zach","701305","2026","83","44",0.211,0.191,0.01999999999999999,0.303,0.294,0.009000000000000008,0.262,0.248,0.014000000000000012
"Kelenic, Jarred","672284","2026","83","42",0.219,0.231,-0.01200000000000001,0.288,0.431,-0.14300000000000002,0.279,0.331,-0.05199999999999999
"Peck, John","807726","2026","80","53",0.162,0.221,-0.059,0.176,0.346,-0.16999999999999998,0.224,0.31,-0.086
"Callahan, Brett","814430","2026","80","45",0.211,0.211,0,0.324,0.375,-0.05099999999999999,0.274,0.296,-0.021999999999999964
"Knizner, Andrew","668800","2026","80","59",0.219,0.212,0.007000000000000006,0.356,0.33,0.025999999999999968,0.288,0.274,0.013999999999999957
"Veen, Zac","691728","2026","79","40",0.232,0.194,0.038000000000000006,0.435,0.338,0.09699999999999998,0.327,0.275,0.05199999999999999
"Thompson, Sterlin","694514","2026","77","48",0.232,0.219,0.013000000000000012,0.377,0.357,0.020000000000000018,0.308,0.295,0.013000000000000012
"Teodosio, Bryce","669326","2026","76","44",0.214,0.171,0.04299999999999998,0.243,0.232,0.010999999999999982,0.234,0.21,0.02400000000000002
"Kuroda-Grauer, Joshua","811965","2026","74","61",0.366,0.296,0.07,0.507,0.385,0.122,0.392,0.311,0.08100000000000002
"Slater, Austin","596103","2026","74","45",0.231,0.182,0.049000000000000016,0.277,0.236,0.041000000000000036,0.271,0.235,0.03600000000000003
"Gonzalez, Romy","663853","2026","73","45",0.185,0.231,-0.04600000000000001,0.308,0.335,-0.027000000000000024,0.258,0.289,-0.030999999999999972
"Jackson, Alex","656577","2026","73","45",0.304,0.187,0.11699999999999999,0.406,0.258,0.14800000000000002,0.331,0.222,0.10900000000000001
"Rodden, Brock","801126","2026","72","38",0.197,0.135,0.062,0.279,0.227,0.05200000000000002,0.271,0.233,0.038000000000000006
"Hinds, Rece","677956","2026","71","33",0.143,0.134,0.00899999999999998,0.222,0.174,0.048000000000000015,0.198,0.184,0.014000000000000012
"Simon, Ronny","682927","2026","68","53",0.254,0.258,-0.0040000000000000036,0.349,0.369,-0.020000000000000018,0.288,0.298,-0.010000000000000009
"Keys, Sean","815873","2026","67","40",0.197,0.212,-0.014999999999999986,0.328,0.35,-0.021999999999999964,0.247,0.262,-0.015000000000000013
"Stubbs, Garrett","596117","2026","65","45",0.153,0.177,-0.023999999999999994,0.153,0.215,-0.062,0.178,0.209,-0.031
"Cauley, Cam","695508","2026","65","44",0.207,0.192,0.014999999999999986,0.345,0.238,0.10699999999999998,0.279,0.235,0.04400000000000004
"Madrigal, Nick","663611","2026","63","52",0.278,0.238,0.040000000000000036,0.315,0.291,0.02400000000000002,0.313,0.293,0.020000000000000018
"Spence, Lucas","828599","2026","63","33",0.218,0.197,0.02099999999999999,0.509,0.389,0.12,0.355,0.305,0.04999999999999999
"Mauricio, Ronny","677595","2026","62","39",0.22,0.208,0.01200000000000001,0.441,0.425,0.016000000000000014,0.302,0.289,0.013000000000000012
"Pozo, Yohel","650968","2026","62","52",0.25,0.253,-0.0030000000000000027,0.317,0.313,0.0040000000000000036,0.251,0.252,-0.0010000000000000009
"Short, Zack","670097","2026","62","34",0.14,0.159,-0.01899999999999999,0.18,0.269,-0.08900000000000002,0.218,0.256,-0.038000000000000006
"Navarreto, Brian","640459","2026","61","36",0.135,0.124,0.01100000000000001,0.25,0.186,0.064,0.199,0.172,0.027000000000000024
"Ward, Ryan","669899","2026","60","38",0.218,0.239,-0.02099999999999999,0.455,0.424,0.031000000000000028,0.319,0.316,0.0030000000000000027
"Eaton, Nate","681987","2026","60","34",0.16,0.186,-0.025999999999999995,0.26,0.299,-0.03899999999999998,0.268,0.289,-0.020999999999999963
"Espinal, Santiago","669289","2026","60","51",0.268,0.285,-0.01699999999999996,0.375,0.374,0.0010000000000000009,0.281,0.29,-0.008999999999999952
"Urías, Luis","649966","2026","59","43",0.25,0.237,0.013000000000000012,0.481,0.351,0.13,0.345,0.299,0.045999999999999985
"Franklin, Christian","681047","2026","59","35",0.18,0.192,-0.01200000000000001,0.22,0.315,-0.095,0.256,0.291,-0.034999999999999976
"Montes, Lazaro","703155","2026","59","28",0.212,0.195,0.016999999999999987,0.481,0.446,0.034999999999999976,0.334,0.313,0.02100000000000002
"India, Jonathan","663697","2026","58","35",0.167,0.173,-0.005999999999999978,0.313,0.289,0.02400000000000002,0.291,0.284,0.007000000000000006
"Rodriguez, Jesus","683679","2026","58","44",0.235,0.267,-0.03200000000000003,0.412,0.355,0.056999999999999995,0.322,0.315,0.007000000000000006
"Cook, Billy","695257","2026","58","33",0.179,0.135,0.043999999999999984,0.25,0.189,0.061,0.203,0.159,0.04400000000000001
"Rivero, Sebastián","665861","2026","56","42",0.25,0.261,-0.01100000000000001,0.288,0.304,-0.016000000000000014,0.262,0.272,-0.010000000000000009
"Groover, LuJames","694410","2026","54","37",0.167,0.215,-0.04799999999999999,0.271,0.328,-0.056999999999999995,0.245,0.286,-0.04099999999999998
"Cole, Zach","805904","2026","53","30",0.157,0.209,-0.05199999999999999,0.353,0.438,-0.08500000000000002,0.234,0.289,-0.054999999999999966
"Wagaman, Eric","676572","2026","52","35",0.191,0.227,-0.036000000000000004,0.319,0.362,-0.04299999999999998,0.266,0.296,-0.02999999999999997
"Tromp, Chadwick","644433","2026","51","38",0.163,0.174,-0.010999999999999982,0.184,0.217,-0.033,0.15,0.17,-0.020000000000000018
"Harris, Brett","695391","2026","51","29",0.136,0.171,-0.035,0.182,0.244,-0.062,0.207,0.243,-0.036000000000000004
"Garcia, Jhostynxon","691373","2026","51","32",0.163,0.211,-0.04799999999999999,0.184,0.301,-0.11699999999999999,0.175,0.24,-0.065
"Jorge, Carlos","699115","2026","50","33",0.217,0.239,-0.021999999999999992,0.326,0.329,-0.0030000000000000027,0.271,0.282,-0.010999999999999954
"Wisdom, Patrick","621550","2026","50","26",0.106,0.158,-0.052000000000000005,0.191,0.359,-0.16799999999999998,0.151,0.236,-0.08499999999999999
"Arcia, Orlando","606115","2026","50","40",0.271,0.223,0.048000000000000015,0.354,0.298,0.055999999999999994,0.29,0.245,0.044999999999999984
"Johnson, Bryce","669369","2026","49","28",0.178,0.147,0.031,0.222,0.166,0.055999999999999994,0.207,0.172,0.035
"Kennedy, Buddy","671083","2026","49","28",0.116,0.167,-0.051000000000000004,0.14,0.264,-0.124,0.185,0.249,-0.064
"Maile, Luke","571912","2026","48","30",0.159,0.137,0.021999999999999992,0.273,0.209,0.06400000000000003,0.228,0.195,0.033
"Rodriguez, Emmanuel","691181","2026","48","29",0.178,0.251,-0.07300000000000001,0.4,0.534,-0.134,0.27,0.354,-0.08399999999999996
"Morales, Yohandy","691002","2026","47","32",0.255,0.258,-0.0030000000000000027,0.596,0.491,0.10499999999999998,0.358,0.317,0.04099999999999998
"Hicklen, Brewer","676551","2026","47","23",0.256,0.207,0.049000000000000016,0.385,0.32,0.065,0.348,0.306,0.04199999999999998
"Haggerty, Sam","664059","2026","47","28",0.159,0.156,0.0030000000000000027,0.182,0.181,0.0010000000000000009,0.186,0.182,0.0040000000000000036
"Morabito, Nick","703492","2026","46","25",0.195,0.255,-0.06,0.244,0.308,-0.064,0.248,0.296,-0.04799999999999999
"Joe, Connor","656582","2026","45","24",0.179,0.257,-0.07800000000000001,0.308,0.397,-0.08900000000000002,0.274,0.337,-0.063
"Wagner, Will","695238","2026","45","28",0.257,0.249,0.008000000000000007,0.286,0.282,0.0040000000000000036,0.333,0.329,0.0040000000000000036
"Misner, Kameron","670224","2026","44","25",0.22,0.185,0.035,0.244,0.242,0.0020000000000000018,0.227,0.209,0.018000000000000016
"León, Sandy","506702","2026","44","26",0.091,0.135,-0.04400000000000001,0.091,0.17,-0.07900000000000001,0.081,0.132,-0.051000000000000004
"Cheng, Tsung-Che","691907","2026","44","26",0.256,0.237,0.019000000000000017,0.282,0.392,-0.11000000000000004,0.274,0.303,-0.02899999999999997
"De Los Santos, Deyvison","691277","2026","43","31",0.143,0.198,-0.05500000000000002,0.19,0.256,-0.066,0.158,0.21,-0.05199999999999999
"De Paula, Josue","800543","2026","42","26",0.323,0.311,0.01200000000000001,0.581,0.496,0.08499999999999996,0.466,0.437,0.029000000000000026
"Locklear, Tyler","682988","2026","42","28",0.278,0.252,0.026000000000000023,0.444,0.427,0.017000000000000015,0.35,0.334,0.01599999999999996
"Arroyo, Michael","703197","2026","41","30",0.371,0.323,0.04799999999999999,0.514,0.433,0.08100000000000002,0.414,0.375,0.03899999999999998
"Delgado, Raynel","669384","2026","41","31",0.243,0.228,0.014999999999999986,0.351,0.304,0.046999999999999986,0.291,0.265,0.025999999999999968
"Workman, Gage","669398","2026","41","24",0.171,0.222,-0.05099999999999999,0.415,0.489,-0.07400000000000001,0.245,0.299,-0.05399999999999999
"Salas, Ethan","806956","2026","40","30",0.256,0.188,0.068,0.462,0.316,0.14600000000000002,0.316,0.227,0.089
"Williams, Carson","700246","2026","40","25",0.108,0.166,-0.05800000000000001,0.216,0.28,-0.06400000000000003,0.166,0.217,-0.05099999999999999
"Meadows, Parker","678009","2026","39","26",0.25,0.212,0.038000000000000006,0.333,0.277,0.055999999999999994,0.288,0.25,0.03799999999999998
"Prieto, César","693409","2026","39","33",0.079,0.229,-0.15000000000000002,0.132,0.356,-0.22399999999999998,0.104,0.262,-0.15800000000000003
"Furman, Nate","801501","2026","39","24",0.125,0.16,-0.035,0.125,0.191,-0.066,0.191,0.227,-0.036000000000000004
"Reyes, Felix","694025","2026","38","29",0.158,0.229,-0.07100000000000001,0.263,0.314,-0.05099999999999999,0.181,0.233,-0.05200000000000002
"Valera, George","671655","2026","38","29",0.216,0.193,0.022999999999999993,0.297,0.232,0.06499999999999997,0.235,0.198,0.03699999999999998
"Perez, Junior","678577","2026","36","21",0.171,0.206,-0.034999999999999976,0.429,0.516,-0.08700000000000002,0.264,0.312,-0.04799999999999999
"Pham, Tommy","502054","2026","35","19",0.1,0.236,-0.13599999999999998,0.2,0.354,-0.15399999999999997,0.209,0.317,-0.10800000000000001
"Encarnacion, Jerar","666464","2026","35","26",0.176,0.19,-0.014000000000000012,0.206,0.266,-0.060000000000000026,0.183,0.21,-0.026999999999999996
"Helman, Michael","680737","2026","35","26",0.167,0.147,0.020000000000000018,0.3,0.208,0.092,0.239,0.2,0.03899999999999998
"Jiménez, Eloy","650391","2026","35","25",0.29,0.214,0.07599999999999998,0.29,0.289,0.0010000000000000009,0.289,0.256,0.032999999999999974
"McGuire, Reese","624512","2026","34","21",0.172,0.186,-0.014000000000000012,0.172,0.215,-0.04300000000000001,0.221,0.242,-0.02099999999999999
"Huff, Sam","669087","2026","34","14",0.121,0.099,0.021999999999999992,0.182,0.184,-0.0020000000000000018,0.147,0.137,0.009999999999999981
"Stevens, Chad","677060","2026","34","16",0.036,0.117,-0.08100000000000002,0.036,0.186,-0.15,0.129,0.21,-0.08099999999999999
"Murray, Tanner","695020","2026","33","23",0.214,0.191,0.022999999999999993,0.321,0.39,-0.069,0.256,0.275,-0.019000000000000017
"Higgins, P.J.","664731","2026","32","22",0.231,0.276,-0.04500000000000001,0.269,0.326,-0.056999999999999995,0.245,0.287,-0.04199999999999998
"Serna, Jared","691858","2026","32","21",0.214,0.17,0.043999999999999984,0.321,0.224,0.097,0.267,0.23,0.037000000000000005
"Mastrobuoni, Miles","670156","2026","30","18",0.192,0.145,0.047000000000000014,0.192,0.201,-0.009000000000000008,0.202,0.184,0.018000000000000016
"Nishida, Rikuu","807747","2026","30","25",0.241,0.258,-0.017000000000000015,0.241,0.306,-0.065,0.215,0.247,-0.032
"Bandura, Scott","814154","2026","30","12",0.207,0.12,0.087,0.241,0.147,0.094,0.214,0.136,0.07799999999999999
"Stefanic, Michael","683021","2026","29","20",0.346,0.297,0.04899999999999999,0.385,0.366,0.019000000000000017,0.361,0.329,0.03199999999999997
"Pinckney, Andrew","687605","2026","29","17",0.28,0.239,0.041000000000000036,0.48,0.374,0.10599999999999998,0.328,0.297,0.031000000000000028
"Alcántara, Kevin","682634","2026","28","15",0.24,0.232,0.00799999999999998,0.36,0.353,0.007000000000000006,0.282,0.275,0.006999999999999951
"Toglia, Michael","669911","2026","28","14",0.115,0.183,-0.06799999999999999,0.192,0.251,-0.059,0.172,0.222,-0.05000000000000002
"Barger, Addison","680718","2026","28","16",0.045,0.131,-0.08600000000000001,0.091,0.185,-0.094,0.17,0.255,-0.08499999999999999
"Black, Tyler","672012","2026","28","20",0.333,0.17,0.163,0.481,0.229,0.252,0.364,0.191,0.173
"Rortvedt, Ben","666163","2026","28","19",0.185,0.22,-0.035,0.185,0.251,-0.066,0.165,0.204,-0.03899999999999998
"Alfonzo, Eliezer","672613","2026","28","25",0.179,0.211,-0.032,0.25,0.29,-0.03999999999999998,0.185,0.215,-0.03
"Kemp, Otto","805249","2026","27","15",0.08,0.162,-0.082,0.08,0.221,-0.14100000000000001,0.119,0.205,-0.086
"Fairchild, Stuart","656413","2026","27","5",0.158,0.089,0.069,0.158,0.151,0.007000000000000006,0.307,0.28,0.02699999999999997
"Santana, Carlos","467793","2026","26","16",0.083,0.142,-0.05899999999999998,0.125,0.192,-0.067,0.136,0.187,-0.05099999999999999
"Ibáñez, Andy","628451","2026","26","22",0.087,0.152,-0.065,0.087,0.205,-0.118,0.095,0.164,-0.069
"Robinson, Chuckie","642020","2026","26","21",0.087,0.159,-0.07200000000000001,0.087,0.181,-0.094,0.077,0.149,-0.072
"Clase, Jonatan","682729","2026","25","14",0.273,0.171,0.10200000000000001,0.545,0.267,0.278,0.39,0.247,0.14300000000000002
"Cabrera, Oswaldo","665828","2026","25","15",0.182,0.164,0.017999999999999988,0.273,0.207,0.06600000000000003,0.217,0.183,0.034
"Cameron, Daz","663662","2026","25","18",0.208,0.245,-0.037000000000000005,0.375,0.423,-0.04799999999999999,0.239,0.291,-0.05199999999999999
"Kayfus, CJ","692216","2026","25","14",0.182,0.169,0.012999999999999984,0.364,0.427,-0.063,0.289,0.304,-0.015000000000000013
"Meneses, Joey","608841","2026","25","17",0.15,0.269,-0.11900000000000002,0.15,0.314,-0.164,0.22,0.327,-0.10700000000000001