"name","id","total_runs","inf_of_runs","range_runs","arm_runs","dp_runs","fielding_runs_prevented_on_rec1b","catching_runs","framing_runs","throwing_runs","blocking_runs","outs_total","outs_2","outs_3","outs_4","outs_5","outs_6","outs_7","outs_8","outs_9"
"Crow-Armstrong, Pete",691718,24.919158848631785,24.919158848631785,21.05360565121686,3.8655531974149233,,,,,,,3482,0,0,0,0,0,0,3482,0
"Wetherholt, JJ",802139,21.105034873265634,21.105034873265634,16.38036324129631,0.4416240327967191,4.283047599172605,,,,,,3393,0,0,3103,0,290,0,0,0
"Witt Jr., Bobby",677951,18.27919471111108,18.27919471111108,18.289761361697394,0.23663634757569996,-0.24720299816201025,,,,,,3000,0,0,0,0,3000,0,0,0
"Winn, Masyn",691026,15.108516805219335,15.108516805219335,11.69526210054562,-0.12402924993096309,3.537283954604677,,,,,,3109,0,0,0,0,3109,0,0,0
"Rafaela, Ceddanne",678882,14.867645666069206,14.867645666069206,13.661139585007252,1.2065060810619546,,,,,,,3412,0,0,0,0,0,0,3412,0
"Giménez, Andrés",665926,14.150713747298012,14.150713747298012,13.185146911013456,0.8044666056276405,0.16110023065691495,,,,,,3052,0,0,0,0,3052,0,0,0
"Duran, Ezequiel",677649,12.641503984399122,12.641503984399122,11.719901853009624,0.4842503015636292,0.33956746459296366,0.0977843652329134,,,,,3184,0,45,546,868,1149,282,84,210
"Turang, Brice",668930,11.897580072420501,11.897580072420501,9.147724961390281,0.032176297184444785,2.7176788138457737,,,,,,3359,0,0,3323,0,36,0,0,0
"Pages, Andy",681624,11.875462748107376,11.875462748107376,7.659275421386228,4.216187326721149,,,,,,,3290,0,0,0,0,0,0,3290,0
"Valenzuela, Brandon",678218,11.727000993665232,-0.16771428927674195,-0.18854848842494817,,,0.020834199148206223,11.894715282941975,7.535208128097705,4.6901562221291755,-0.33064906728490223,1695,1638,57,0,0,0,0,0,0
"Dingler, Dillon",693307,11.566178369918143,,,,,,11.566178369918143,7.175454576063531,2.3623413977807126,2.0283823960738987,2546,2546,0,0,0,0,0,0,0
"Swanson, Dansby",621020,11.328265735800985,11.328265735800985,12.021510227020654,0.10936534013933476,-0.8026098313590089,,,,,,3071,0,0,0,0,3071,0,0,0
"Rocchio, Brayan",677587,10.52711156077754,10.52711156077754,9.08221165161653,1.1302665434588963,0.3146333657021201,,,,,,3434,0,0,249,0,3185,0,0,0
"Lopez, Otto",672640,10.1517680612171,10.1517680612171,8.185672239313053,0.7038790687346077,1.2622167531694382,,,,,,3433,0,0,0,0,3433,0,0,0
"Harris II, Michael",671739,10.127544760683815,10.127544760683815,9.628942265308355,0.4986024953754612,,,,,,,3171,0,0,0,0,0,48,3123,0
"Mack, Joe",691788,10.01328776124858,,,,,,10.01328776124858,5.854811365890911,3.5859520479508897,0.5725243474067809,1933,1933,0,0,0,0,0,0,0
"Peters, Tristan",671976,9.988577197273704,9.988577197273704,10.017133708693498,-0.02855651141979353,,,,,,,2854,0,0,0,0,0,207,2416,231
"Rutschman, Adley",668939,9.888597024782557,,,,,,9.888597024782557,5.792209570065165,3.2873820145871937,0.809005440130195,1619,1619,0,0,0,0,0,0,0
"Young, Jacob",696285,9.855614239656187,9.855614239656187,10.63633902365642,-0.780724784000232,,,,,,,2841,0,0,0,0,0,0,2841,0
"Ortiz, Joey",687401,9.684760805393182,9.684760805393182,8.968803043809775,-0.2104411674295334,0.9263989290129442,,,,,,2435,0,0,6,786,1643,0,0,0
"Arraez, Luis",650333,9.630975913156568,9.630975913156568,8.628266615751576,0.31644542084591865,0.6862638765590735,,,,,,3260,0,0,3254,6,0,0,0,0
"Lowe, Brandon",664040,9.63056836510337,9.63056836510337,8.306243217037101,,1.3243251480662666,,,,,,3016,0,0,3016,0,0,0,0,0
"Torrens, Luis",620443,9.377828125506625,0.008788193165923941,,,,0.008788193165923941,9.369039932340701,5.590738466115606,2.3210356899731672,1.4572657762519257,1773,1757,9,0,0,0,0,0,0
"Meidroth, Chase",805367,9.363739122210703,9.363739122210703,6.154655098350535,-0.008482557593496112,3.2175665814536574,,,,,,3420,0,0,3276,18,126,0,0,0
"Mullins, Cedric",656775,9.130730495507214,9.130730495507214,9.708760124884707,-0.5780296293774978,,,,,,,2871,0,0,0,0,0,0,2871,0
"Bellinger, Cody",641355,9.116244329178775,9.116244329178775,6.162667602521671,2.904621397043645,,0.0489553296134575,,,,,2855,0,38,0,0,0,2448,321,48
"Kirk, Alejandro",672386,8.95102964212525,,,,,,8.95102964212525,6.1561508650896695,-0.5654912816312466,3.36037005866683,1394,1394,0,0,0,0,0,0,0
"Perdomo, Geraldo",672695,8.812699421126867,8.812699421126867,8.252041861570017,0.39200104882440384,0.16865651073244833,,,,,,3483,0,0,0,0,3483,0,0,0
"DeLuca, Jonny",676356,8.502737054774705,8.502737054774705,9.058153495789206,-0.5554164410145062,,,,,,,1875,0,0,0,0,0,66,675,1134
"Merrill, Jackson",701538,8.499594606131343,8.499594606131343,3.7218150723034817,4.777779533827864,,,,,,,3484,0,0,0,0,0,0,3484,0
"Nuñez, Nasim",683083,8.492582882244353,8.492582882244353,3.9343115894734564,0.18841609363638268,4.369855199134512,,,,,,3126,0,0,2514,0,612,0,0,0
"McKinstry, Zach",656716,8.340765728674578,8.340765728674578,5.106646771670707,2.760382789563777,0.47373616744009395,,,,,,2495,0,0,746,121,573,39,72,941
"Hoerner, Nico",663538,8.319336123637786,8.319336123637786,7.274131837445198,0.05266968008998818,0.9925346061026017,,,,,,3476,0,0,2885,0,591,0,0,0
"Kwan, Steven",680757,8.264468916208337,8.264468916208337,8.016088362682147,0.2483805535261878,,,,,,,3188,0,0,0,0,0,1649,1539,0
"Fermin, Freddy",666023,8.225826865313048,,,,,,8.225826865313048,2.7587296230272265,3.569698373895064,1.8973988683907557,1763,1763,0,0,0,0,0,0,0
"France, Ty",664034,8.12736459147555,8.12736459147555,5.274599299309544,,0.7296100525279839,2.123155239638024,,,,,2524,0,2506,0,18,0,0,0,0
"Betts, Mookie",605141,7.908388076011073,7.908388076011073,7.159984231049675,0.2468897156280335,0.5015141293333669,,,,,,2555,0,0,0,0,2555,0,0,0
"Wilson, Jacob",805779,7.7751490562807035,7.7751490562807035,6.912674788951919,0.22607741913549578,0.6363968481932877,,,,,,1912,0,0,0,0,1912,0,0,0
"Montgomery, Colson",695657,7.5963504126696435,7.5963504126696435,6.9155040576557525,-0.11303490598147797,0.7938812609953665,,,,,,3138,0,0,0,698,2440,0,0,0
"Moreno, Gabriel",672515,7.574305918580794,,,,,,7.574305918580794,4.146161598835621,2.102407740712138,1.3257365790330347,2196,2193,0,0,3,0,0,0,0
"Suzuki, Seiya",673548,7.2755890063230435,7.2755890063230435,4.354966339483623,2.9206226668394213,,,,,,,2383,0,0,0,0,0,0,0,2383
"Olson, Matt",621566,6.828136667694128,6.828136667694128,5.051759136382794,,1.7480527033322972,0.028324827979038042,,,,,3633,0,3630,0,0,0,0,0,3
"Carter, Evan",694497,6.729466571417604,6.729466571417604,8.129242390204112,-1.3997758187865084,,,,,,,2573,0,0,0,0,0,0,2573,0
"Rumfield, TJ",681198,6.639279869843462,6.639279869843462,4.953571114571908,-0.0855864832140701,0.5147457798498357,1.2565494586357866,,,,,2920,0,2920,0,0,0,0,0,0
"Heineman, Tyler",623168,6.63512485880409,,,,,,6.63512485880409,4.711525011883099,2.1868458996415656,-0.2632460527205713,1290,1274,0,0,0,0,0,0,0
"Cowser, Colton",681297,6.471617046671835,6.471617046671835,6.964274777363906,-0.49265773069207447,,,,,,,2179,0,0,0,0,0,161,1522,496
"Ewing, A.J.",805999,6.404905318903613,6.404905318903613,5.236107804529106,1.1687975143745077,,,,,,,2423,0,0,30,0,0,429,1913,51
"Stott, Bryson",681082,6.014266989495806,6.014266989495806,7.409094240737736,0.2110701691603727,-1.6058974204023022,,,,,,3349,0,0,2767,582,0,0,0,0
"Goldschmidt, Paul",502671,5.778388105256495,5.778388105256495,3.8473783889422104,,0.7391346917347011,1.1918750245795802,,,,,1732,0,1732,0,0,0,0,0,0
"Bailey, Patrick",672275,5.740860091498322,,,,,,5.740860091498322,4.34204303224001,2.701310249953192,-1.3024931906948698,2097,2097,0,0,0,0,0,0,0
"Wells, Austin",669224,5.574818558454183,,,,,,5.574818558454183,5.353016082655859,-1.1940911569605899,1.415893632758916,2388,2388,0,0,0,0,0,0,0
"Schanuel, Nolan",694384,5.545139899613676,5.545139899613676,3.32889607275337,,0.20822735242204343,2.0080164744382643,,,,,2689,0,2689,0,0,0,0,0,0
"Garcia, Maikel",672580,5.435253504683705,5.435253504683705,4.7164760332414195,0.009582418398010325,0.7091950530442752,,,,,,1767,0,0,0,1704,63,0,0,0
"Lukes, Nathan",664770,5.397180695666145,5.397180695666145,1.1021454712570533,4.295035224409092,,,,,,,2235,0,0,0,0,0,240,177,1818
"Matthews, Brice",694728,5.300017489148129,5.300017489148129,4.431018095243185,0.6543131778697507,0.21468621603518923,,,,,,1551,0,0,327,27,0,429,768,0
"Bregman, Alex",608324,5.233250710752286,5.233250710752286,4.922107149718996,,0.31114356103329044,,,,,,3266,0,0,0,3266,0,0,0,0
"Volpe, Anthony",683011,5.2214752791016386,5.2214752791016386,4.174337350419381,,1.0471379286822577,,,,,,1337,0,0,0,0,1337,0,0,0
"Tatis Jr., Fernando",665487,5.205327070834161,5.205327070834161,3.2543079553592587,1.7144445676377198,0.23657454783718107,,,,,,3429,0,0,1017,0,0,0,0,2412
"Benge, Carson",701807,5.1164608804969065,5.1164608804969065,0.133893415296297,4.982567465200607,,,,,,,3351,0,0,0,0,0,351,243,2757
"Chapman, Matt",656305,5.096425899858266,5.096425899858266,2.8949018277117204,,2.201524072146544,,,,,,2156,0,0,0,2156,0,0,0,0
"De La Cruz, Elly",682829,5.044186396535926,5.044186396535926,5.925098800993203,0.005511376087924137,-0.8864237805451988,,,,,,2962,0,0,0,0,2962,0,0,0
"Massey, Michael",686681,5.0418528674271315,5.0418528674271315,6.027434519702856,-0.12228148590367191,-0.8633001663720524,,,,,,2497,0,0,2428,6,0,60,0,3
"Chisholm Jr., Jazz",665862,5.036959919869163,5.036959919869163,7.225462754352492,-0.055410838339293306,-2.1330919961440347,,,,,,3229,0,0,3229,0,0,0,0,0
"Lowe, Josh",666139,4.91836441034151,4.91836441034151,1.7381790562816675,3.180185354059848,,,,,,,1947,0,0,0,0,0,1024,339,584
"Waldschmidt, Ryan",814439,4.864898989685948,4.864898989685948,2.430369611682147,2.4345293780037993,,,,,,,1696,0,0,0,0,0,470,1226,0
"Guerrero Jr., Vladimir",665489,4.862056974584402,4.862056974584402,2.767591038627283,,0.8312238448687258,1.263242091088392,,,,,2822,0,2822,0,0,0,0,0,0
"Schneemann, Daniel",682177,4.733476987023034,4.733476987023034,4.74917232604373,0.2052452744608855,-0.2209406134815844,,,,,,1796,0,0,267,728,132,3,636,30
"Bogaerts, Xander",593428,4.711265854514674,4.711265854514674,2.951134657151293,0.10069825390309789,1.6594329434602806,,,,,,3328,0,0,0,0,3328,0,0,0
"Machado, Manny",592518,4.675535648611164,4.675535648611164,4.849759771479428,,-0.17422412286826314,,,,,,3093,0,0,0,3093,0,0,0,0
"Happ, Ian",664023,4.619688553973638,4.619688553973638,0.7065061594949865,3.913182394478651,,,,,,,3275,0,0,0,0,0,3275,0,0
"Carroll, Corbin",682998,4.571348321981462,4.571348321981462,9.23659475456471,-4.665246432583247,,,,,,,3394,0,0,0,0,0,0,0,3394
"Dubón, Mauricio",643289,4.554908581958537,4.554908581958537,3.596709881780465,1.6496896049914138,-0.6914909048133483,,,,,,3366,0,0,51,108,1088,1762,357,0
"Pagés, Pedro",686780,4.542770201574761,0.05767143182339971,0.05693626299949504,,,0.000735168823904675,4.485098769751362,2.800387646898441,1.7576997375361045,-0.0729886146831834,1498,1480,12,0,0,0,0,0,0
"Durbin, Caleb",702332,4.468478343266924,4.468478343266924,2.8848264752210078,,1.583651868045919,,,,,,3292,0,0,0,3292,0,0,0,0
"Abreu, Wilyer",677800,4.414733889707264,4.414733889707264,2.092949272886775,2.32178461682049,,,,,,,3508,0,0,0,0,0,0,0,3508
"García, Adolis",666969,4.320516272054897,4.320516272054897,3.2502141068231305,1.0703021652317675,,,,,,,1713,0,0,0,0,0,0,24,1689
"Hayes, Ke'Bryan",663647,4.173954782171741,4.173954782171741,2.9197405372921663,,1.254214244879574,,,,,,1678,0,0,0,1678,0,0,0,0
"Burger, Jake",669394,3.9817537153142033,3.9817537153142033,0.15204634206106582,,1.1661576902632,2.663549682989936,,,,,3271,0,3271,0,0,0,0,0,0
"Burleson, Alec",676475,3.9599372449180277,3.9599372449180277,-2.190091902722064,,0.9712361750447024,5.178792972595389,,,,,3429,0,3429,0,0,0,0,0,0
"Chourio, Jackson",694192,3.9352323710302217,3.9352323710302217,2.9814746891032637,0.9537576819269599,,,,,,,2644,0,0,0,0,0,2444,197,3
"Duran, Jarren",680776,3.877120673420112,3.877120673420112,4.937027947041659,-1.0599072736215513,,,,,,,3051,0,0,0,0,0,2868,183,0
"Bolte, Henry",703607,3.8063598545608355,3.8063598545608355,2.250128966341129,1.5562308882197045,,,,,,,2295,0,0,0,0,0,0,2295,0
"Straw, Myles",664702,3.6771342633633775,3.6771342633633775,4.291887829634757,-0.6147535662713834,,,,,,,1880,0,0,0,0,0,622,748,498
"Narváez, Carlos",665966,3.667915300460807,,,,,,3.667915300460807,1.8080687400082422,-0.4089339317330004,2.2687804921855657,1938,1938,0,0,0,0,0,0,0
"Freeman, Freddie",518692,3.6506114637638305,3.6506114637638305,0.2993899228049941,,-0.19346790762126273,3.5446894485800975,,,,,3398,0,3398,0,0,0,0,0,0
"Sanoja, Javier",691594,3.4351888948193254,3.4351888948193254,2.8317604996320456,0.11446377786631996,0.4889646173209556,,,,,,2600,0,0,111,1970,157,153,44,151
"Walker, Christian",572233,3.4169307252093075,3.4169307252093075,1.155569895592417,,1.034904593011626,1.226456236605265,,,,,3301,0,3301,0,0,0,0,0,0
"Isbel, Kyle",664728,3.3829123943230606,3.3829123943230606,4.579097546084633,-1.1961851517615723,,,,,,,1868,0,0,0,0,0,0,1868,0
"Langford, Wyatt",694671,3.3644489294984625,3.3644489294984625,2.8553256498680173,0.5091232796304465,,,,,,,1917,0,0,0,0,0,1590,327,0
"Mitchell, Garrett",669003,3.2953863206520615,3.2953863206520615,4.620230514521886,-1.3248441938698234,,,,,,,2817,0,0,0,0,0,0,2817,0
"Varsho, Daulton",662139,3.265185897657378,3.265185897657378,5.3455322122616025,-2.0803463146042254,,,,,,,2972,0,0,0,0,0,27,2945,0
"Hill, Derek",656537,3.163890613222179,3.163890613222179,3.0446283364944944,0.11926227672768212,,,,,,,1327,0,3,0,0,0,94,633,597
"Muncy, Max",571970,3.1415065081905134,3.1415065081905134,2.3277269045140168,,0.8137796036764964,,,,,,2970,0,0,0,2970,0,0,0,0
"Vázquez, Christian",543877,3.108031879644741,,,,,,3.108031879644741,5.30754642614852,-0.9516519731222726,-1.2478625733814974,1782,1782,0,0,0,0,0,0,0
"Pasquantino, Vinnie",686469,3.104133362253763,3.104133362253763,1.0205674870835901,,0.08564093045695512,1.9979249447132172,,,,,2292,0,2292,0,0,0,0,0,0
"Marte, Ketel",606466,3.0669078961372302,3.0669078961372302,1.6269511223437914,0.1506487659398683,1.2893080078535701,,,,,,2465,0,0,2465,0,0,0,0,0
"Vivas, Jorbit",678391,2.944007410934914,2.944007410934914,2.615904805113562,0.05995192976552146,0.26815067605582976,,,,,,1894,0,0,864,1018,0,0,0,0
"Friedl, TJ",670770,2.8153068033933035,2.8153068033933035,3.3168013863873727,-0.5014945829940693,,,,,,,1671,0,0,0,0,0,349,1322,0
"Marsee, Jakob",805300,2.8009209295268254,2.8009209295268254,5.552380495551651,-2.751459566024826,,,,,,,3120,0,0,0,0,0,0,3120,0
"Naylor, Josh",647304,2.7779214404132357,2.7779214404132357,0.7641615194729217,,1.1678120502783182,0.8459478706619933,,,,,3339,0,3339,0,0,0,0,0,0
"Mangum, Jake",663968,2.7575086104417963,2.7575086104417963,1.7390759970200214,1.0184326134217756,,,,,,,2486,0,0,0,0,0,749,1387,350
"Simpson, Chandler",802415,2.7371041671639675,2.7371041671639675,6.586865006545671,-3.8497608393817058,,,,,,,3243,0,0,0,0,0,3195,48,0
"Gilbert, Drew",687551,2.662250596834735,2.662250596834735,2.6299075254861686,0.03234307134856713,,,,,,,2272,0,0,0,0,0,185,1949,138
"Pratt, Cooper",806198,2.659045422283202,2.659045422283202,2.0888826550380206,,0.5701627672451808,,,,,,1279,0,0,0,0,1279,0,0,0
"Arenado, Nolan",571448,2.517655273704142,2.517655273704142,1.87220261017979,,0.6454526635243519,,,,,,3047,0,0,0,3047,0,0,0,0
"Martínez, Angel",682657,2.472517117761299,2.472517117761299,1.6306212774121656,0.8418958403491331,,,,,,,2140,0,0,0,0,0,1227,84,829
"Davis, Henry",680779,2.4443355274482377,,,,,,2.4443355274482377,0.2130393246106403,1.9321572074130957,0.29913899542449995,1977,1977,0,0,0,0,0,0,0
"Lile, Daylen",695734,2.4366106872742623,2.4366106872742623,1.3669920278898773,1.0696186593843855,,,,,,,2966,0,0,0,0,0,2852,0,114
"Outman, James",681546,2.3929387103406747,2.3929387103406747,1.5966246399563933,0.7963140703842809,,,,,,,1345,0,0,0,0,0,213,1063,69
"Martin, Austin",668885,2.3403897295075344,2.3403897295075344,0.9406148081952812,1.3997749213122552,,,,,,,2040,0,0,0,0,0,808,141,1091
"Jordan, Blaze",691458,2.2970237582888062,2.2970237582888062,1.2143636845888126,,0.18158915247666896,0.9010709212233255,,,,,1371,0,174,0,1197,0,0,0,0
"Vargas, Ildemaro",545121,2.2275610019187386,2.2275610019187386,0.4281581575590277,,1.0408269208835508,0.7585759234761622,,,,,2678,0,1315,1193,72,75,12,0,0
"Smith, Cam",701358,2.179081990889057,2.179081990889057,4.215894180116461,-2.0368121892274056,,,,,,,3199,0,0,0,0,0,0,6,3193
"Torres, Gleyber",650402,2.1767584551781765,2.1767584551781765,0.7187522130875124,0.11095871304247751,1.3470475290481878,,,,,,1612,0,0,1612,0,0,0,0,0
"Kreidler, Ryan",668952,2.168047550077352,2.168047550077352,1.5051577270056251,0.3263759508072672,0.3365138722644592,,,,,,1644,0,0,104,135,967,30,408,0
"Jensen, Carter",695600,2.1643591102632804,,,,,,2.1643591102632804,2.763095202437849,2.15634030596073,-2.755076398135295,2070,2070,0,0,0,0,0,0,0
"Carrigg, Cole",694249,2.1460416584117685,2.1460416584117685,0.7034817508822461,1.4778729175073289,-0.03531300997780551,,,,,,1622,0,0,0,0,123,0,1484,15
"Busch, Michael",683737,2.1017484998438944,2.1017484998438944,2.898299928222147,,-0.32025849976062043,-0.4762929286176314,,,,,3569,0,3569,0,0,0,0,0,0
"McMahon, Ryan",641857,2.0149215089336137,2.0149215089336137,2.946974780629757,,-0.9320532716961434,,,,,,2257,0,0,0,2227,30,0,0,0
"Scott II, Victor",687363,1.9841665848822738,1.9841665848822738,2.696301998456392,-0.7121354135741187,,,,,,,1415,0,0,0,0,0,0,1415,0
"Realmuto, J.T.",592663,1.9817418622566634,,,,,,1.9817418622566634,0.6509096529596566,2.4624606006883547,-1.1316283913913465,2634,2634,0,0,0,0,0,0,0
"Meckler, Wade",685133,1.9812606896260194,1.9812606896260194,1.6560419611125232,0.3252187285134956,,,,,,,1454,0,0,0,0,0,1295,0,159
"Freeland, Alex",690976,1.9441270749654913,1.9441270749654913,2.3411939830672193,-0.014091945982310283,-0.38297496211941806,,,,,,1524,0,0,1500,0,24,0,0,0
"Robert Jr., Luis",673357,1.8997586438075855,1.8997586438075855,0.5759868124150965,1.3237718313924889,,,,,,,1336,0,0,0,0,0,189,1147,0
"Edman, Tommy",669242,1.8588404521143145,1.8588404521143145,2.849873663350879,-0.7649838563745477,-0.22604935486201852,,,,,,1420,0,0,967,144,3,252,54,0
"Contreras, Willson",575929,1.7285339837368954,1.7285339837368954,0.9564088107407445,,0.4382261744686666,0.3338989985274843,,,,,3100,0,3100,0,0,0,0,0,0
"Crews, Dylan",686611,1.5180588177435737,1.5180588177435737,2.278326290108585,-0.7602674723650116,,,,,,,2142,0,0,0,0,0,204,636,1302
"Ramírez, José",608070,1.474709245974505,1.474709245974505,1.3813432121801077,,0.09336603379439773,,,,,,2071,0,0,0,2071,0,0,0,0
"McLain, Matt",680574,1.454513706152407,1.454513706152407,2.1148613670936705,-0.17720285263016733,-0.4831448083110963,,,,,,2811,0,0,2158,0,608,0,45,0
"Buxton, Byron",621439,1.2752022048044205,1.2752022048044205,2.6639517219720092,-1.388749517167591,,,,,,,1793,0,0,0,0,0,0,1793,0
"Nootbaar, Lars",663457,1.1929393659018332,1.1929393659018332,0.8657167896204642,0.3272225762813681,,,,,,,1259,0,0,0,0,0,1009,81,169
"Taylor, Tyrone",621438,1.1659628021268378,1.1659628021268378,-0.3811850334495803,1.547147835576419,,,,,,,1330,0,0,0,0,0,589,467,274
"Siri, Jose",642350,1.1549883795077318,1.1549883795077318,-0.24484645025012358,1.3998348297578578,,,,,,,1306,0,0,0,0,0,651,589,66
"Kurtz, Nick",701762,0.9054560639521352,0.9054560639521352,-2.0950559773964708,,0.2277699695548826,2.7727420717937226,,,,,2466,0,2466,0,0,0,0,0,0
"DeLauter, Chase",800050,0.8499834976562797,0.8499834976562797,0.31685342282101037,0.5331300748352689,,,,,,,1445,0,0,0,0,0,0,0,1445
"García Jr., Luis",671277,0.8285787690025594,0.8285787690025594,0.773365332483267,,1.454496254447792,-1.3992828179284982,,,,,2484,0,2484,0,0,0,0,0,0
"Rojas, Miguel",500743,0.7887716281643804,0.7887716281643804,2.0175828068781954,-0.017582667551368402,-1.2220534028700716,0.01082489170762524,,,,,1276,0,33,694,90,447,0,0,0
"Vierling, Matt",663837,0.7719490827020646,0.7719490827020646,1.7514720836829447,-0.9795230009808806,,,,,,,1835,0,0,0,3,0,174,1366,292
"Paredes, Isaac",670623,0.751931768939711,0.751931768939711,-0.7105218355938001,0.0023025148657511833,1.0056583732653257,0.45449271640243444,,,,,3103,0,171,75,2857,0,0,0,0
"Caratini, Victor",605170,0.7506915058175492,0.7168080719955454,0.23702130490714757,,0.17325739681226285,0.30652937027613486,0.033883433822003824,2.833016349620927,-3.584315817495053,0.785182901696129,2129,1644,485,0,0,0,0,0,0
"Henderson, Gunnar",683002,0.7307714246926929,0.7307714246926929,1.5414871086294424,0.12417090647943133,-0.9348865904161805,,,,,,3338,0,0,0,0,3338,0,0,0
"Kelly, Carson",608348,0.7252754712414344,0.028084325439077185,,,,0.028084325439077185,0.697191145802357,1.9101597354209223,-2.590813673986027,1.3778450843674617,2154,2115,30,0,0,0,0,0,0
"Church, Nathan",701675,0.6641863228073367,0.6641863228073367,1.3446395102940434,-0.6804531874867067,,,,,,,2644,0,0,0,0,0,759,1816,69
"Díaz, Elias",553869,0.6620399495478823,,,,,,0.6620399495478823,-0.09912913860261065,0.8255971216681642,-0.06442803351766996,1302,1302,0,0,0,0,0,0,0
"Schmitt, Casey",669477,0.632018114202655,0.632018114202655,1.4225396879200491,-0.20719941345512816,0.5287398465477341,-1.1120620068100022,,,,,1900,0,347,153,600,105,695,0,0
"Montgomery, Braden",695731,0.6187650305450044,0.6187650305450044,-0.9707886692948489,1.5895536998398538,,,,,,,1813,0,0,0,0,0,0,6,1807
"Seager, Corey",608369,0.6028336048480145,0.6028336048480145,1.9997065027859964,,-1.3968728979379825,,,,,,1886,0,0,0,0,1886,0,0,0
"Hernández, Heriberto",681715,0.5174709274112015,0.5174709274112015,1.5364797726542703,-1.01900884524307,,,,,,,2203,0,0,0,0,0,2122,0,81
"Hicks, Liam",689414,0.5148690695336828,0.86481563605838,1.2418922522762226,,-0.2509184960364287,-0.12615812018141365,-0.3499465665246968,-0.3404331621855786,0.48718361028035073,-0.49669701461946814,1825,1251,574,0,0,0,0,0,0
"Lopez, Nicky",670032,0.4338145651779087,0.4338145651779087,0.598888919411987,-0.01788609444948379,-0.1471882597845952,,,,,,1611,0,0,1095,12,483,15,0,3
"Sosa, Edmundo",624641,0.4310397093890056,0.4310397093890056,1.8382087136767884,-1.1588395882443954,-0.24832941604339023,,,,,,1372,0,0,259,366,279,468,0,0
"Collins, Isaac",686555,0.42573619689150677,0.42573619689150677,-1.188002764709668,1.4944048268592933,0.11933413474188084,,,,,,2915,0,0,55,0,0,2860,0,0
"Karros, Kyle",691720,0.40379915912704467,0.40379915912704467,-0.1273977829049966,,0.5311969420320412,,,,,,2648,0,0,0,2648,0,0,0,0
"Caballero, José",676609,0.27815387894096544,0.27815387894096544,1.294243990114428,-1.4206183025702857,0.40452819139682394,,,,,,2818,0,0,276,552,1629,147,33,181
"Romo, Drew",691011,0.2633277499271415,,,,,,0.2633277499271415,0.7064434207957656,0.6802259564900633,-1.1233416273586871,1437,1434,3,0,0,0,0,0,0
"Acuña, Luisangel",682668,0.24504847716471911,0.24504847716471911,-0.8608845413943904,0.521552907022862,0.5843801115362486,,,,,,1572,0,0,3,0,1038,9,515,0
"Feduccia, Hunter",676439,0.20313303901974047,,,,,,0.20313303901974047,3.3003278617320047,-2.0434675192754956,-1.0537273034367656,1612,1612,0,0,0,0,0,0,0
"Peraza, Oswald",672724,0.1308770441464846,0.1308770441464846,-1.1650380099915871,0.12120751450393394,1.160690891338654,0.014016648295484158,,,,,2112,0,24,1485,429,174,0,0,0
"Ruiz, Keibert",660688,0.013681891355313086,,,,,,0.013681891355313086,1.9331311317672064,-1.8704556960197822,-0.04899354439210922,2124,2124,0,0,0,0,0,0,0
"McGonigle, Kevin",805808,-0.02112984541493952,-0.02112984541493952,-1.329343592281974,-0.044611818199362996,1.3528255650663985,,,,,,3432,0,0,0,1503,1929,0,0,0
"Guzman, Denzer",694203,-0.024005485274516736,-0.024005485274516736,0.8041189926370533,,-0.8281244779115697,,,,,,1526,0,0,0,1490,36,0,0,0
"Lindor, Francisco",596019,-0.09786226203847542,-0.09786226203847542,-0.7026116011028838,1.1156451397249558,-0.5108958006605467,,,,,,2047,0,0,0,0,2047,0,0,0
"O'Neill, Tyler",641933,-0.23313782925893214,-0.23313782925893214,-1.8088469447307596,1.5757091154718277,,,,,,,1376,0,0,0,0,0,0,0,1376
"Laureano, Ramón",657656,-0.2646757589001408,-0.2646757589001408,-0.3180974897304232,0.05342173083028258,,,,,,,1254,0,0,0,0,0,1125,0,129
"Tovar, Ezequiel",678662,-0.2891038365783795,-0.2891038365783795,-0.6927925509361301,0.2618949996434963,0.1417937147142546,,,,,,3005,0,0,0,0,3005,0,0,0
"Triolo, Jared",669707,-0.35273004682483633,-0.35273004682483633,-1.205710259514519,-0.2074760215326863,1.0084933653953363,0.051962868827032604,,,,,2227,0,69,0,596,1493,0,3,66
"Bichette, Bo",666182,-0.47070326789586264,-0.47070326789586264,-0.3219309874905637,0.07299697010524109,-0.22176925051054014,,,,,,3399,0,0,3,2222,1174,0,0,0
"Cruz, Oneil",665833,-0.47465792918512356,-0.47465792918512356,-2.372250341522844,1.8975924123377186,,,,,,,1762,0,0,0,0,0,0,1762,0
"Baldwin, Drake",686948,-0.4881396474696662,,,,,,-0.4881396474696662,2.0343130236553035,-2.7443046826330844,0.22185201150811384,1829,1829,0,0,0,0,0,0,0
"Moniak, Mickey",666160,-0.5831601770187678,-0.5831601770187678,-1.2316398601250544,0.648479683106287,,,,,,,1417,0,0,0,0,0,967,141,309
"Rodríguez, Julio",677594,-0.5838559336514275,-0.5838559336514275,-1.9565693536560969,1.372713420004668,,,,,,,3078,0,0,0,0,0,0,3078,0
"Norby, Connor",681393,-0.6251820004015897,-0.6251820004015897,0.2477772276569885,0.01556828670234267,-0.4345613655565091,-0.4539661492044116,,,,,1640,0,1049,378,213,0,0,0,0
"Bleday, JJ",668709,-0.6412579751866574,-0.6412579751866574,-1.3579467397671023,0.716688764580445,,,,,,,2586,0,0,0,0,0,2442,0,144
"McCarthy, Jake",664983,-0.6650453540286692,-0.6650453540286692,1.6565671013569885,-2.3216124553856576,,,,,,,2734,0,0,0,0,0,1300,1091,343
"Young, Jared",676724,-0.7534860000282704,-0.7534860000282704,-1.3308668138129842,0.7184482321513506,-0.22259463005189406,0.08152721168525712,,,,,1722,0,1653,0,0,0,66,0,3
"Crawford, Justin",702222,-0.7814396030786027,-0.7814396030786027,-0.4210237334042736,-0.3604158696743298,,,,,,,2849,0,0,0,0,0,0,2849,0
"Keith, Colt",690993,-0.8614963210050203,-0.8614963210050203,-0.16580396413059484,,0.6724121196191668,-1.3681044764935921,,,,,1463,0,237,0,1226,0,0,0,0
"Bazzana, Travis",683953,-0.9320956588498349,-0.9320956588498349,-1.0796930025798739,0.36816288138282877,-0.2205655376527895,,,,,,2494,0,0,2494,0,0,0,0,0
"Myers, Dane",667472,-0.9351315227352319,-0.9351315227352319,0.25327635572567947,-1.1884078784609118,,,,,,,1639,0,0,0,0,0,0,1639,0
"Fortes, Nick",663743,-0.9373781150399798,,,,,,-0.9373781150399798,-0.8172628003960472,-0.05367243615795861,-0.06644287848597416,1928,1928,0,0,0,0,0,0,0
"Jackson, Jeremiah",669236,-0.9579060317860576,-0.9579060317860576,-1.1861576241011216,0.710094672855271,-0.48184308054020614,,,,,,1575,0,0,1464,3,0,87,0,21
"Alvarez, Francisco",682626,-1.0290953976609103,,,,,,-1.0290953976609103,0.7402300015922537,0.041460401754552095,-1.8107858010077176,1761,1761,0,0,0,0,0,0,0
"Larnach, Trevor",663616,-1.0360520584968027,-1.0360520584968027,-3.0789511792525945,2.042899120755792,,,,,,,2248,0,0,0,0,0,2248,0,0
"Raleigh, Cal",663728,-1.1024154595108253,,,,,,-1.1024154595108253,-1.9402327577780838,-2.3947115795470686,3.2325288778143233,2147,2147,0,0,0,0,0,0,0
"Baty, Brett",683146,-1.1106844624074166,-1.1106844624074166,-0.8853333682596957,-0.17022051413396858,0.017709688679879265,-0.0728402686936338,,,,,2681,0,287,483,1317,12,108,0,474
"Tawa, Tim",694374,-1.1702289393439675,-1.1702289393439675,0.8648851005063903,-0.8590766329639498,0.17072776010327514,-1.3467651669896838,,,,,1696,0,888,11,99,0,421,277,0
"Riley, Austin",663586,-1.1947898164618644,-1.1947898164618644,-0.47609216076812383,-0.046937258142752784,-0.6717603975509852,,,,,,3531,0,0,0,3531,0,0,0,0
"Judge, Aaron",592450,-1.2221904270964588,-1.2221904270964588,-1.754595828555077,0.5324054014586177,,,,,,,1375,0,0,0,0,0,0,0,1375
"Murakami, Munetaka",808959,-1.2360430491437673,-1.2360430491437673,-0.19690619693456646,,0.7916903380707863,-1.8308271902799873,,,,,2445,0,2445,0,0,0,0,0,0
"Stowers, Kyle",669065,-1.387392395862168,-1.387392395862168,-1.47641051511195,-0.11423598726250977,-0.7038835554333123,0.9071376619456017,,,,,2219,0,1205,0,0,0,708,0,306
"Amaya, Miguel",665804,-1.413404897122248,-0.5636470295985034,,,,-0.5636470295985034,-0.8497578675237445,-0.3759733031989145,0.10021974542801426,-0.5740043097528444,1442,1436,6,0,0,0,0,0,0
"Gonzalez, Jacob",694378,-1.4306419460737776,-1.4306419460737776,-2.1224125175456714,,0.432665216989991,0.2591053544819038,,,,,1312,0,667,0,3,642,0,0,0
"Hedges, Austin",595978,-1.435343197994569,,,,,,-1.435343197994569,1.9232219417862684,-2.232998523078514,-1.125566616702322,1558,1550,0,0,0,0,0,0,0
"Ward, Taylor",621493,-1.4566203312288193,-1.4566203312288193,-1.2979018795517787,-0.15871845167704074,,,,,,,2586,0,0,0,0,0,2379,0,207
"Aranda, Jonathan",666018,-1.5006262857333295,-1.5006262857333295,-0.5868829688664714,0.9980935422168765,1.2758418403398346,-3.1876786994235697,,,,,3318,0,3318,0,0,0,0,0,0
"Loftin, Nick",679845,-1.5109115415863958,-1.5109115415863958,-2.2184731762418557,-0.15997173450159988,0.8675333691570577,,,,,,2226,0,18,606,1474,21,45,0,62
"Yastrzemski, Mike",573262,-1.5340370857433077,-1.5340370857433077,-2.201671198264487,0.6676341125211811,,,,,,,2255,0,0,0,0,0,1307,6,942
"Steer, Spencer",668715,-1.6163096640380867,-1.6163096640380867,-1.6129611644898336,-0.982599541234053,-0.10135891993314824,1.080609961618948,,,,,2436,0,796,345,12,0,603,45,635
"Rengifo, Luis",650859,-1.6872693785800699,-1.6872693785800699,-1.5083118033562009,-0.556482005397876,0.3694757781942617,0.008048651979744526,,,,,1915,0,46,93,1290,0,486,0,0
"House, Brady",691781,-1.788885810055161,-1.788885810055161,-1.3937110566740862,,-0.40340361665622326,0.00822886327514799,,,,,1498,0,12,0,1486,0,0,0,0
"Walls, Taylor",670764,-1.8200335465481197,-1.8200335465481197,-1.4795886214623355,0.17251531905506384,-0.5129602441408483,,,,,,2819,0,0,0,0,2819,0,0,0
"Gelof, Zack",680869,-1.837795340702523,-1.837795340702523,-1.5898917426667698,-0.43717271785919026,0.18926911982343542,,,,,,2023,0,0,314,1175,0,229,248,57
"Valdez, Esmerlyn",699013,-1.8478787849060399,-1.8478787849060399,2.2487376984605048,-4.100998344114963,,0.004381860748417898,,,,,1504,0,3,0,0,0,147,0,1354
"Goodman, Hunter",696100,-1.8563920311247155,,,,,,-1.8563920311247155,-0.24980598328877107,-1.0747470363824265,-0.5318390114535161,2065,2065,0,0,0,0,0,0,0
"Alonso, Pete",624413,-1.9666594674443996,-1.9666594674443996,0.9133690111249966,,0.5532377879076271,-3.4332662664770233,,,,,3148,0,3148,0,0,0,0,0,0
"Taveras, Leody",665750,-1.9771959935241719,-1.9771959935241719,-2.0923729451003292,0.11517695157615744,,,,,,,2811,0,0,0,15,0,24,1762,1010
"Manzardo, Kyle",700932,-1.9961257671002768,-1.9961257671002768,-3.712956617844038,,-0.5152242749501785,2.2320551256939396,,,,,1837,0,1837,0,0,0,0,0,0
"Peña, Jeremy",665161,-2.016351349341596,-2.016351349341596,-1.1241968813777339,0.12889425204602897,-1.0210487200098899,,,,,,2091,0,0,0,0,2091,0,0,0
"Mayer, Marcelo",691785,-2.027455783495074,-2.027455783495074,-0.35504351056563255,,-1.6724122729294406,,,,,,1564,0,0,1027,0,537,0,0,0
"Lewis, Royce",668904,-2.0485043136921943,-2.0485043136921943,-2.66562068240366,0.08073772658718237,-0.1916735576154444,0.7280521997397269,,,,,2668,0,1517,263,888,0,0,0,0
"Jeffers, Ryan",680777,-2.1165935120727357,,,,,,-2.1165935120727357,0.06363304209336047,-2.6059434061716704,0.42571685200557285,1532,1532,0,0,0,0,0,0,0
"Frelick, Sal",686217,-2.187374851363255,-2.187374851363255,0.44665389144769924,-2.634028742810955,,,,,,,2135,0,0,0,0,0,27,0,2108
"Clemens, Kody",665019,-2.233766647460514,-2.233766647460514,1.2833248300747768,-1.6664346794574705,-0.65360188989194,-1.1970549081858775,,,,,3014,0,1069,1167,0,0,234,147,397
"Trammell, Taylor",666211,-2.2753538009934684,-2.2753538009934684,-1.092787790182299,-1.1825660108111697,,,,,,,1507,0,0,0,0,0,735,616,156
"Vilade, Ryan",668723,-2.312105972265587,-2.312105972265587,-2.4127069095422273,0.25011361300836826,-0.2565097085595816,0.10699703282785206,,,,,1338,0,276,72,0,0,261,0,729
"Jones, Spencer",682987,-2.3823978082023625,-2.3823978082023625,-1.3225550350613322,-1.059842773141031,,,,,,,1307,0,0,0,0,0,198,411,698
"Basallo, Samuel",694212,-2.389190114922532,-0.5554194724806407,0.1520074088828015,,-0.1384075519361563,-0.5690193294272861,-1.8337706424418907,-4.412803792247209,1.8427357308731986,0.7362974189321196,1384,1257,127,0,0,0,0,0,0
"Lee, Brooks",686797,-2.4019163730150326,-2.4019163730150326,-2.4454026158847557,0.12711455490215287,-0.08362831203242971,,,,,,3368,0,0,0,2168,1200,0,0,0
"Albies, Ozzie",645277,-2.414984332104954,-2.414984332104954,-0.18124158380975672,0.1525558114395052,-2.386298559734703,,,,,,3582,0,0,3582,0,0,0,0,0
"Neto, Zach",687263,-2.473131978681178,-2.473131978681178,-4.0661608069933814,0.9342391358409964,0.6587896924712074,,,,,,3420,0,0,0,0,3420,0,0,0
"Edwards, Xavier",669364,-2.550916017596736,-2.550916017596736,-2.7501145168216152,,0.19919849922487962,,,,,,3407,0,0,3407,0,0,0,0,0
"Contreras, William",661388,-2.5544048683446783,,,,,,-2.5544048683446783,-4.2502595090016415,3.0647633745086473,-1.3689087338516863,2777,2777,0,0,0,0,0,0,0
"Mayo, Coby",691723,-2.556672726122523,-2.556672726122523,-1.8902478294427394,,-0.11682192498714043,-0.5496029716926432,,,,,1859,0,333,0,1526,0,0,0,0
"Johnston, Troy",687859,-2.5859273506762523,-2.5859273506762523,-1.5387823635639792,-0.2701523366269847,-0.03144417563848228,-0.7455484748468064,,,,,1946,0,375,0,0,0,518,0,1047
"O'Hearn, Ryan",656811,-2.7250250329830212,-2.7250250329830212,-3.072410031173019,-1.2179283436522965,0.7531667349199193,0.8121466069223742,,,,,1928,0,922,0,0,0,0,0,1006
"Cronenworth, Jake",630105,-2.7537890676777588,-2.7537890676777588,-3.1278597263310854,0.20886868432505498,0.14702662246111742,0.018175351867154577,,,,,2116,0,84,1960,27,45,0,0,0
"Fermín, José",665877,-2.7979325892364675,-2.7979325892364675,-0.5373830714080602,-2.7568325108823624,0.48568100235675343,0.010601990697203412,,,,,1831,0,21,261,603,78,568,267,33
"Okamoto, Kazuma",672960,-2.845714597696497,-2.845714597696497,-1.270929922366133,,-1.054276490865383,-0.5205081844649783,,,,,3419,0,284,0,3135,0,0,0,0
"Emerson, Colt",806068,-2.8939345490717,-2.8939345490717,-3.266364063584778,0.012338418169365777,0.3600910963437109,,,,,,1764,0,0,0,387,1377,0,0,0
"Ruiz, Esteury",665923,-2.930950453118538,-2.930950453118538,-1.256656501602328,-1.6742939515162092,,,,,,,1386,0,0,0,0,0,378,447,561
"Stewart, Sal",701398,-2.9377531725423074,-2.9377531725423074,-0.24475794554723815,,-0.4928035574687197,-2.20019166952635,,,,,3286,0,2195,171,920,0,0,0,0
"Trout, Mike",545361,-2.9806194417716414,-2.9806194417716414,-3.951900194560772,0.9712807527891294,,,,,,,2518,0,0,0,0,0,0,2518,0
"Julien, Edouard",666397,-3.042829281731918,-3.042829281731918,-3.3219353391039075,-0.03567035956735239,0.22797046161845327,0.08680595532088962,,,,,1528,0,126,1402,0,0,0,0,0
"McNeil, Jeff",643446,-3.049565232626409,-3.049565232626409,-2.651703923412326,0.21437130599484294,-0.593303767600229,-0.01892884760869562,,,,,2650,0,521,2104,3,0,3,0,19
"Castro, Willi",650489,-3.072327171489887,-3.072327171489887,-3.348569183342111,0.11978662435440648,-0.1266514669753133,0.2831068544731295,,,,,2855,0,154,1318,888,414,75,6,0
"Holliday, Jackson",702616,-3.1111246322573254,-3.1111246322573254,-1.3719272292772773,0.24809354221687652,-1.9872909451969258,,,,,,2000,0,0,1889,33,78,0,0,0
"Soto, Juan",665742,-3.2668685271677154,-3.2668685271677154,-1.433535358231016,-1.833333168936701,,,,,,,1317,0,0,0,0,0,1317,0,0
"Young, Cole",702284,-3.28049782620848,-3.28049782620848,-3.612645489947283,0.48949071568686114,-0.1573430519480584,,,,,,3567,0,0,3486,0,81,0,0,0
"Williamson, Ben",810938,-3.2874150827796536,-3.2874150827796536,-2.7378726409015375,0.19360732090154045,-0.7431497627796562,,,,,,1787,0,0,1234,28,510,0,0,0
"Grissom, Vaughn",687093,-3.4435406367936405,-3.4435406367936405,-4.7475129839842465,,-0.05760513723749214,1.3615774844281,,,,,2150,0,746,840,564,0,0,0,0
"Reynolds, Bryan",668804,-3.4681749565497153,-3.4681749565497153,-2.9086090657879624,-0.5595658907617534,,,,,,,2788,0,0,0,0,0,2431,0,357
"Langeliers, Shea",669127,-3.5131903568795346,,,,,,-3.5131903568795346,-4.82251597915222,1.922058795587325,-0.6127331733146383,1902,1902,0,0,0,0,0,0,0
"Acuña Jr., Ronald",660670,-3.710862330218796,-3.710862330218796,-5.629557089563695,1.9186947593448997,,,,,,,1900,0,0,0,0,0,0,0,1900
"Clement, Ernie",676391,-3.712261408598036,-3.712261408598036,-3.451173380295037,,-0.2610880283029972,,,,,,3418,0,0,2511,266,633,8,0,0
"Herrera, Iván",671056,-3.726989177862618,,,,,,-3.726989177862618,-0.8645619158656622,-3.297144063462767,0.43471680146580904,1248,1242,6,0,0,0,0,0,0
"Rushing, Dalton",687221,-3.762660638126438,-0.26814529142080457,-0.5734364695554449,,,0.3052911781346406,-3.494515346705635,-2.6664699970416117,-0.08043158441348505,-0.7476137652505388,1513,1417,96,0,0,0,0,0,0
"Thomas, Lane",657041,-3.7797715064428146,-3.7797715064428146,-6.6140684972892565,2.8342969908464357,,,,,,,2154,0,0,0,0,0,438,1376,340
"Sheets, Gavin",657757,-3.854448107325376,-3.854448107325376,-3.503937135717239,-0.8509367453254524,0.5215563845099103,-0.021130610792594318,,,,,1881,0,996,0,0,0,819,0,66
"Jung, Josh",673962,-3.9379549949134582,-3.9379549949134582,-2.2397424931383223,,-1.698212501775136,,,,,,2346,0,0,0,2346,0,0,0,0
"Diaz, Yainer",673237,-3.964023308537743,,,,,,-3.964023308537743,-3.427793289953251,-0.28460936348464627,-0.25162065509984477,1597,1594,3,0,0,0,0,0,0
"Palacios, Richie",680700,-3.982662126441011,-3.982662126441011,-4.812237783527772,0.23680869485584957,0.5927669622309124,,,,,,2201,0,0,2141,30,0,24,0,6
"Rice, Ben",700250,-4.093483497749112,-4.093483497749112,-4.208066648384983,,0.15671992529123124,-0.04213677465535941,,,,,1397,0,1397,0,0,0,0,0,0
"Horwitz, Spencer",687462,-4.107732841644029,-4.107732841644029,-3.192129770480545,,0.7453649698940524,-1.660968041057537,,,,,2166,0,2166,0,0,0,0,0,0
"Gray, Tristan",656484,-4.146909221792559,-4.146909221792559,-3.2445816132671568,0.23689336723428284,-1.1392209757596867,,,,,,1336,0,9,90,405,832,0,0,0
"Vargas, Miguel",678246,-4.151075852620637,-4.151075852620637,-5.333887328050034,0.07961431980112552,1.2985024039865924,-0.1953052483583192,,,,,3369,0,527,0,2842,0,0,0,0
"Nimmo, Brandon",607043,-4.256732046428157,-4.256732046428157,-2.6411250900093988,-1.6156069564187614,,,,,,,3073,0,0,0,0,0,0,3,3070
"Griffin, Konnor",804606,-4.272309767481587,-4.272309767481587,-4.819985669903135,,0.5476759024215525,,,,,,1463,0,0,0,0,1463,0,0,0
"Heim, Jonah",641680,-4.496513636589214,-1.0808619818922895,-0.6872635620315235,,,-0.3935984198607656,-3.415651654696927,-0.6427679445374554,-0.8544118025769843,-1.9184719075824868,1537,1423,112,0,2,0,0,0,0
"Grisham, Trent",663757,-4.538999400977258,-4.538999400977258,-5.032241788056162,0.4932423870788971,,,,,,,2821,0,0,0,0,0,0,2821,0
"Greene, Riley",682985,-4.867066505147954,-4.867066505147954,-1.5446445735900705,-3.3224219315578822,,,,,,,2762,0,0,0,0,0,2762,0,0
"Devers, Rafael",646240,-4.9121780611227654,-4.9121780611227654,-1.360724499326278,0.04528965559440095,0.2208205050736472,-3.8175637224645347,,,,,2490,0,2490,0,0,0,0,0,0
"Freeman, Tyler",671289,-4.97571844050676,-4.97571844050676,-6.6397847874595435,1.9691796502822945,-0.30511330332951014,,,,,,1493,0,0,198,0,0,0,6,1289
"Sullivan, Brett",664954,-5.023960747237517,0.00891193398039708,,,,0.00891193398039708,-5.032872681217913,-3.1069249646437056,-1.6464623861483159,-0.2794853304258929,1321,1283,15,0,0,0,0,0,0
"Marsh, Brandon",669016,-5.081628743303553,-5.081628743303553,-1.0340599963926844,-4.047568746910872,,,,,,,3191,0,0,0,0,0,2651,240,300
"Muncy, Max",691777,-5.220767237810752,-5.220767237810752,-5.19318049614944,0.5519254976013647,-0.5795122392626775,,,,,,1337,0,0,0,1283,2,52,0,0
"Hernández, Teoscar",606192,-5.356622332407575,-5.356622332407575,-4.533667541793486,-0.8229547906140904,,,,,,,2452,0,0,0,0,0,2401,0,51
"Alexander, Blaze",677942,-5.458578836688197,-5.458578836688197,-5.186181698889927,-0.6943398216596782,0.42194268386140293,,,,,,1808,0,0,306,953,243,120,126,60
"Hamilton, David",666152,-5.569979482385165,-5.569979482385165,-5.654660786470876,,0.08468130408570652,,,,,,2371,0,0,204,1448,719,0,0,0
"Cortes, Carlos",666126,-5.58559979921164,-5.58559979921164,-6.94672166165206,1.3611218624404187,,,,,,,1382,0,0,0,0,0,481,0,877
"Ramos, Heliot",671218,-5.714912969387274,-5.714912969387274,-4.978545773938484,-0.736367195448792,,,,,,,2356,0,0,0,0,0,2104,0,252
"Lee, Jung Hoo",808982,-5.715687180107519,-5.715687180107519,-4.072805321248659,-1.6428818588588623,,,,,,,3080,0,0,0,0,0,0,297,2783
"Hoskins, Rhys",656555,-5.750642063718012,-5.750642063718012,-5.337598814311585,,-0.13812004375806075,-0.27492320564836786,,,,,1279,0,1270,0,0,0,9,0,0
"Beavers, Dylan",687637,-5.944495243395022,-5.944495243395022,-5.886355361312752,-0.0581398820822691,,,,,,,1467,0,0,0,0,0,726,108,633
"Quero, Edgar",700337,-6.016775427304653,,,,,,-6.016775427304653,-3.9123334359230273,-0.1435987418464812,-1.9608432495351475,1314,1314,0,0,0,0,0,0,0
"Marte, Noelvi",682622,-6.131779260368178,-6.131779260368178,-3.917669292390383,-2.2141099679777936,,,,,,,1355,0,0,0,0,0,0,48,1307
"Semien, Marcus",543760,-6.245800405682696,-6.245800405682696,-5.104206366679207,-0.2218850516683411,-0.9197089873351509,,,,,,3044,0,0,3044,0,0,0,0,0
"Walker, Jordan",691023,-6.322234549645145,-6.322234549645145,-6.178812310333234,-0.14342223931191256,,,,,,,3350,0,0,0,0,0,0,0,3350
"Wood, James",695578,-6.35927221475633,-6.35927221475633,-5.6236530192988825,-0.7356191954574464,,,,,,,2373,0,0,0,0,0,405,0,1968
"Vientos, Mark",668901,-6.366170531688248,-6.366170531688248,-6.3226833376403375,,-0.8944275231745034,0.8509403291265918,,,,,1461,0,1428,0,33,0,0,0,0
"Caglianone, Jac",695506,-6.376412134216382,-6.376412134216382,-7.201155146323384,1.917187608710002,-0.2701795617284999,-0.8222650348745044,,,,,2872,0,820,0,0,0,0,0,2052
"Soderstrom, Tyler",691016,-6.4401115567567615,-6.4401115567567615,-7.075364980178708,0.6352534234219477,,,,,,,2581,0,0,0,0,0,2581,0,0
"Bohm, Alec",664761,-6.49147796486679,-6.49147796486679,-6.279018200397115,,-0.3321791352686104,0.119719370798934,,,,,3380,0,687,0,2693,0,0,0,0
"Altuve, Jose",514888,-6.5067726398927075,-6.5067726398927075,-5.020917483683515,,-1.4858551562091913,,,,,,2626,0,0,2626,0,0,0,0,0
"Crawford, J.P.",641487,-6.618174954186921,-6.618174954186921,-6.766149360324159,0.24766596278782027,-0.09969155665057937,,,,,,2295,0,0,0,727,1568,0,0,0
"Stephenson, Tyler",663886,-6.727137508112928,,,,,,-6.727137508112928,-9.118584981408448,-0.7222844931778143,3.1137319664733343,2439,2439,0,0,0,0,0,0,0
"Torkelson, Spencer",679529,-6.81001558372155,-6.81001558372155,-9.04425401580859,,0.5279184237068049,1.7063200083802308,,,,,3373,0,3373,0,0,0,0,0,0
"Vaughn, Andrew",683734,-7.003870685545008,-7.003870685545008,-3.7712302141696776,,-0.20266623201800568,-3.0299742393573257,,,,,1596,0,1419,0,174,0,0,0,0
"Arozarena, Randy",668227,-7.032680685280196,-7.032680685280196,-4.294629774353458,-2.73805091092674,,,,,,,3279,0,0,0,0,0,3279,0,0
"Raley, Luke",670042,-7.076864204414646,-7.076864204414646,-5.513564709821729,-1.5632994945929193,,,,,,,1813,0,0,0,0,0,66,159,1588
"Mead, Curtis",678554,-7.084872652751319,-7.084872652751319,-6.7532606076906925,0.004915253272999094,-0.30655786425360404,-0.02996943408002468,,,,,1823,0,603,78,1142,0,0,0,0
"Tucker, Kyle",663656,-7.449531087611341,-7.449531087611341,-7.886065226887047,0.4365341392757072,,,,,,,3272,0,0,0,0,0,0,0,3272
"Adell, Jo",666176,-7.476955099313883,-7.476955099313883,-3.4696603060148465,-4.007294793299034,,,,,,,3193,0,0,0,0,0,198,30,2965
"Lee, Hao-Yu",701678,-7.916703819402249,-7.916703819402249,-8.1020051531232,,0.18530133372095042,,,,,,1736,0,0,1142,588,6,0,0,0
"Antonacci, Sam",803011,-7.924116993417147,-7.924116993417147,-5.241780687350117,-2.6733565904790333,-0.008979715587998052,,,,,,2688,0,0,330,3,0,2355,0,0
"Sánchez, Jesús",660821,-8.14452826874882,-8.14452826874882,-6.698722620949075,-1.445805647799749,,,,,,,1641,0,0,0,0,0,820,0,821
"Wong, Connor",657136,-8.158765242047444,,,,,,-8.158765242047444,-7.1010190248342315,-1.432330818091153,0.37458460087793777,1492,1492,0,0,0,0,0,0,0
"Caissie, Owen",683357,-8.226170752016488,-8.226170752016488,-6.33025574982026,-1.89591500219623,,,,,,,1717,0,0,0,0,0,0,0,1717
"Turner, Trea",607208,-8.326328695469826,-8.326328695469826,-5.822352109437157,0.23634205017196996,-2.7403186362046412,,,,,,3371,0,0,0,0,3371,0,0,0
"Osuna, Alejandro",696030,-8.479207772543262,-8.479207772543262,-6.235015762726591,-2.24419200981667,,,,,,,1451,0,0,0,0,0,1128,185,138
"Bauers, Jake",641343,-8.560431395888,-8.560431395888,-6.9896645964722195,-0.7162502537480814,-0.18199300171061691,-0.672523543957078,,,,,2872,0,2080,0,0,0,261,0,531
"Perez, Salvador",521692,-9.172466892787227,-2.660633265793778,-2.827945303544215,,-0.11294554849410957,0.2802575862445465,-6.5118336269934485,-6.388642662370057,0.9819909655135666,-1.1051819301369548,1639,1132,507,0,0,0,0,0,0
"Monasterio, Andruw",655316,-9.463848986011323,-9.463848986011323,-10.276294199345267,0.3560084140586244,0.39631923416775944,0.06011756510756294,,,,,1827,0,153,244,51,1377,0,0,0
"Harper, Bryce",547180,-9.531974774762238,-9.531974774762238,-4.29702180162314,0.7549216834149621,-0.08183270758739947,-5.908041948966655,,,,,3272,0,2744,0,0,0,0,0,528
"Gonzales, Nick",693304,-9.559275389145204,-9.559275389145204,-7.919332268588344,0.06214083433736691,-1.702083954894224,,,,,,3130,0,0,594,2440,96,0,0,0
"Butler, Lawrence",671732,-10.245451476584076,-10.245451476584076,-8.675033935596996,-1.570417540987083,,,,,,,2719,0,0,0,0,0,0,612,2107
"Keaschall, Luke",807712,-10.770054831949476,-10.770054831949476,-9.409249685912604,-1.9079842822579567,0.5471791362210778,,,,,,3248,0,0,1909,0,0,0,632,707
"Caminero, Junior",691406,-10.971600679796637,-10.971600679796637,-12.51067349395446,0.19360732090154045,1.3435019061776852,0.001963587078595841,,,,,3560,0,3,0,3557,0,0,0,0
"Abrams, CJ",682928,-11.302536404159934,-11.302536404159934,-12.458440727770387,,1.1559043236104525,,,,,,3120,0,0,27,0,3093,0,0,0
"Adames, Willy",642715,-13.77934540134803,-13.77934540134803,-12.723385744418055,0.19372743642692694,-1.249687093356901,,,,,,3139,0,0,0,0,3139,0,0,0
"O'Hoppe, Logan",681351,-14.086201012609196,,,,,,-14.086201012609196,-10.705209574405947,-0.9580261450537675,-2.4229652931494905,1782,1782,0,0,0,0,0,0,0