"last_name, first_name","player_id","year","k_percent","bb_percent","xwobacon","barrel_batted_rate","avg_hyper_speed","oz_swing_percent","edge_percent","whiff_percent","f_strike_percent","fastball_avg_speed"
"Shuster, Jared",694363,2026,9.1,13.6,".290",2.9,"95.220734412",25,33.7,13.6,41.9,"91.7"
"Gausman, Kevin",592332,2026,24.5,6.3,".384",7.7,"94.49589935",35,42.1,27.7,63.3,"93.8"
"Sanders, Cam",676742,2026,30.5,15.3,".346",4.5,"93.063518939",30.9,37.1,37,53.1,"95.9"
"Stanek, Ryne",592773,2026,24.3,12,".355",7.8,"94.122006687",29.6,39.3,29.7,63.7,"97.9"
"Brazobán, Huascar",623211,2026,21,10.9,".314",5,"92.96359236",32.2,41.8,25.6,64.7,"96"
"Alvarado, José",621237,2026,25.6,11.4,".361",4.3,"93.053490755",31.7,37.9,27,57.8,"95.7"
"Sisk, Evan",681895,2026,25.4,12.7,".306",3.5,"92.876725321",23.7,38.4,27.4,54.3,"91.3"
"Manfredi, Mark",815081,2026,21.3,12,".362",8,"95.1574368",22,40.9,25.4,54.7,"94.2"
"Williamson, Brandon",682227,2026,15.6,13,".383",9.3,"94.405816792",24.4,41.9,23.5,52.4,"91"
"Murphy, Chris",669684,2026,23.3,10.7,".330",8.4,"93.382815269",28.9,39.6,30.1,62.7,"96.1"
"Bassitt, Chris",605135,2026,16.1,8.3,".362",5,"93.832486518",25.7,42.3,20.9,59.1,"91.6"
"Emanuel, Kent",592288,2026,17.4,13,".284",6.7,"95.387742",27.1,36.5,20.9,65.2,"89.9"
"Abner, Philip",691769,2026,11.6,12.8,".421",15.4,"94.546908125",26.1,41.5,18.2,59.3,"90.6"
"Wolfram, Grant",664991,2026,27,7.1,".358",6.3,"94.022594599",32.2,41,25.2,60.9,"95.7"
"Tolman, Erik",680899,2026,25.4,13.4,".326",4.9,"93.1486135",30.3,38.8,29.1,49.3,"96.8"
"Cruz, Fernando",518585,2026,28.6,13.7,".323",9,"92.709876718",29.3,36.9,39.1,57.5,"93.1"
"Rogers, Tyler",643511,2026,13.6,7.5,".273",1.8,"92.390376143",27.9,45.7,14.5,70.2,"83.2"
"Lee, Chase",695445,2026,11.9,19,".284",10.3,"93.516621071",25.3,40.4,21.4,65,"89.9"
"Hoffman, Nolan",676510,2026,17.9,9,".362",0,"92.670124222",26.7,42.4,23.3,56.7,"91.4"
"Arrighetti, Spencer",681293,2026,21.5,13,".378",9.2,"92.885874437",26.1,41.9,25.5,55.1,"91.7"
"Sabrowski, Erik",681870,2026,37.4,15.3,".303",6.5,"93.73779337",29.6,37.6,30.8,55.7,"94.1"
"Carrasco, Carlos",471911,2026,9.6,4.1,".459",9.8,"94.612314828",39.3,43.9,19,57.5,"90.7"
"Santana, Dennis",642701,2026,19.6,10,".369",8.1,"93.940445349",33.5,43.9,25.8,59,"93.1"
"Little, Brendon",663893,2026,33.3,18.9,".355",6.3,"94.287445323",30.9,33.5,41.6,48.8,"95"
"Perkins, Jack",678022,2026,25.9,9.4,".374",8.9,"93.512319851",34.3,42.4,27.3,60.7,"94.7"
"Fulmer, Michael",605242,2026,29.5,13.1,".363",14.7,"93.083997941",37.2,36.4,36.7,70,"90.1"
"Barnett, Mason",686930,2026,21.8,13.1,".384",8.8,"94.337880612",26.6,40.8,22.3,56.1,"94.9"
"Funderburk, Kody",681892,2026,22.1,12.2,".321",4.9,"92.654269632",25.2,41.3,22.9,56.1,"92.7"
"Knack, Landon",689017,2026,16,4,".345",12.8,"93.758425385",26.7,39,20.9,56,"93.7"
"Ashcraft, Braxton",677952,2026,25.9,5.2,".358",6.2,"94.461768971",37,43.1,25.6,68.4,"97.2"
"Peoples, Ben",687239,2026,14.7,11.8,".295",6.1,"92.119654694",36.1,44,24,60.3,"96"
"Imanaga, Shota",684007,2026,24.6,5.2,".372",9.8,"93.83839299",35.4,43.5,30,56.8,"91.4"
"McDonald, Trevor",686790,2026,18.4,7.4,".329",4.2,"94.047566121",29.3,44.3,21.3,58.7,"93.4"
"Smith, Shane",681343,2026,22.4,18.4,".331",0,"93.180966296",30.4,37.3,26,51,"95.6"
"Tur, Yunior",814305,2026,17.9,14.1,".496",13.7,"94.573726078",26.4,42.2,30,52.6,"92.5"
"Wilcox, Cole",677961,2026,22.8,13.8,".404",6.7,"95.235350667",31,40.6,31.4,63.9,"96.6"
"Nicolas, Kyle",693312,2026,16.7,31,".414",5,"93.21861",17.2,39.4,23.7,45.2,"96.8"
"Fisher, Braydon",680755,2026,23.9,14.2,".355",9.5,"93.652916685",29.4,42.8,28.3,56.2,"94.1"
"Miles, Spencer",693686,2026,24,6.4,".326",3.7,"93.047286128",27.3,41.5,18.8,66.4,"96.2"
"Bivens, Spencer",702352,2026,28.6,14.3,".447",8.3,"93.54966",27.7,44.5,24.1,57.1,"94.4"
"Henry, Cole",669371,2026,21.1,11.3,".418",13.6,"93.987374091",29.4,37.9,23.3,47.9,"93.6"
"Richards, Trevor",670950,2026,21.2,7.5,".369",9,"94.45229582",30.6,42.9,21.7,63,"91.8"
"Voth, Austin",608723,2026,5.4,10.7,".390",8.5,"94.360564894",25.2,35.8,15.6,53.6,"90.1"
"Sánchez, Cristopher",650911,2026,27,5.3,".364",7.5,"94.522698883",36.3,41.3,31.3,65.7,"95.1"
"Baumler, Carter",691945,2026,22.2,22.2,".341",7.1,"95.045617143",28.4,35.9,30,59.3,"94.9"
"Agnos, Zach",688642,2026,14.3,8.6,".373",8.8,"94.159237934",32,39.6,21.1,64,"93.3"
"Sears, JP",676664,2026,17.5,7.7,".384",8.7,"94.414000882",27.2,41.8,20.7,55.2,"92.5"
"Hiraldo, Yaramil",682274,2026,27.1,20.8,".312",8.3,"93.161445",30.4,40.4,38.3,62.5,"95.7"
"Latz, Jacob",656641,2026,30.6,8.5,".338",8.5,"93.949980124",35.8,40.9,31.5,60.3,"94.8"
"Sanmartin, Reiver",665665,2026,17.2,7.5,".347",10,"93.877700725",32.1,39.4,22.4,67.4,"91.8"
"Gray, Sonny",543243,2026,21.8,6.7,".355",6.9,"93.890119389",33.2,41.3,23.1,62.7,"90.6"
"Aldegheri, Sam",691951,2026,14.6,11.3,".369",9,"93.554025321",27.7,45.1,20.4,61.6,"91.2"
"Rea, Colin",607067,2026,17.2,8,".389",10.2,"94.362086534",30.3,43.5,19.8,64.6,"93"
"Montero, Keider",672456,2026,17.1,5.9,".320",7.2,"93.502493098",26.9,43.4,18.4,62.3,"94.4"
"Kent, Jackson",800600,2026,17.6,14.7,".370",6.1,"93.851242368",32.2,43,23.8,58.8,"93"
"Granillo, Andre",701552,2026,6,16,".351",13.2,"94.561731111",19.3,43.4,9.5,50,"94.2"
"Falter, Bailey",663559,2026,11.6,8.7,".408",7.3,"95.461500926",20.8,37.8,18.8,52.2,"92.3"
"Fuentes, Didier",800311,2026,31,7.1,".367",6.6,"93.351390506",31.5,43.4,30.4,61.1,"97.3"
"Rainey, Tanner",663432,2026,19.4,25.8,".219",0,"91.568885625",15.8,37.8,39.5,38.7,"96.7"
"Backhus, Kyle",679775,2026,21.3,6.4,".353",4.6,"92.8346325",28.2,44.4,19.6,60.6,"90.7"
"Senzatela, Antonio",622608,2026,19.3,8.4,".347",6.3,"94.288859455",30.8,44.9,23.5,67.3,"95.2"
"Poulin, PJ",676571,2026,16.3,13.7,".368",9.6,"95.201824808",23.7,43.1,16.9,58.6,"89.6"
"Macko, Adam",671936,2026,22.1,9.7,".401",6.3,"94.268126739",31.3,41.4,28.2,60.1,"94.6"
"Rock, Joe",697812,2026,21.4,23.2,".410",3.4,"96.477300357",20.5,34.1,27,62.5,"93.4"
"Winn, Keaton",676775,2026,18.8,9.7,".330",4.9,"93.180974545",27.7,44.6,23,65.1,"95.7"
"Pearson, Nate",663878,2026,20.5,13,".329",7.1,"93.732298968",27.3,40.4,23,55,"97.5"
"Edwards Jr., Carl",605218,2026,44,16,".367",10,"94.853408",27.5,33.3,51.2,56,"92.5"
"Mayza, Tim",641835,2026,23.6,6.6,".350",6.4,"94.67829227",27,44.9,22.2,65.1,"94.3"
"Seabold, Connor",657756,2026,17.7,8,".325",6.3,"94.015410506",30.3,42.2,20,60.2,"92.5"
"Roxby, Braxton",694820,2026,12,8,".255",0,"93.274031579",21.6,43.3,26.5,56,"93.7"
"Meyer, Max",676974,2026,26.2,8.9,".364",8.6,"94.442517612",31.6,38,28.6,64.7,"94.7"
"Anderson, Shaun",641312,2026,18.3,10.8,".441",9.2,"93.647248889",28,42.5,26.6,60.2,"93.3"
"Alexander, Jason",669920,2026,16.7,9.5,".354",10,"93.260152333",22.1,40.5,20.3,65.5,"90.5"
"Henderson, Logan",701656,2026,29.6,5.1,".337",8.3,"93.814807899",32.2,41.5,26.5,67.7,"91.8"
"Suarez, José",660761,2026,22,9.7,".362",2.7,"93.154141758",32.2,39.4,26.7,60.5,"92.4"
"Wesneski, Hayden",669713,2026,18.7,8.1,".331",5.1,"93.959904011",34.4,37.1,23.6,69.1,"92.2"
"Leiter, Jack",683004,2026,23.4,9.9,".395",10.3,"94.090686983",30.4,42.9,25.4,56.3,"95.9"
"Herget, Jimmy",623474,2026,19.8,11,".356",9.9,"94.036316203",29.8,35.4,24.8,59.6,"91.2"
"Luzardo, Jesús",666200,2026,30.3,7.1,".329",5.9,"93.154302408",33.7,41.5,31.9,62.9,"96.4"
"Weiman, Blake",676620,2026,20.3,3.8,".344",10,"93.286208276",32.8,48.6,23.4,64.5,"90.3"
"Keller, Mitch",656605,2026,17.7,8.3,".394",7.4,"94.533052327",29.4,42.6,20.5,60.2,"92.5"
"Ferguson, Caleb",657571,2026,20.7,12.7,".376",7.1,"94.168223673",27.7,39.9,19.7,55.4,"90.8"
"Liberatore, Matthew",669461,2026,22.8,8.2,".408",9.3,"94.63173375",28.6,39.8,23.9,60.8,"93.9"
"Márquez, Germán",608566,2026,15.7,10.2,".388",9.8,"94.391576374",26,38.9,19,62.3,"94.5"
"Hernández, Elieser",622694,2026,24.5,11.3,".280",9.1,"93.13752",30.2,43.8,29.3,60.4,"91.5"
"Woodford, Jake",663765,2026,18.7,6,".441",8.9,"94.8229848",26.8,45.2,20.6,59.7,"91.8"
"Acton, Garrett",670183,2026,27.5,11.8,".376",10.3,"96.555492759",28.2,38.4,36.6,62,"94.5"
"Minter, A.J.",621345,2026,22,4.3,".369",10.3,"93.229633609",31.1,43.1,23.4,59.1,"90.6"
"Springs, Jeffrey",605488,2026,17.8,9,".373",9.5,"93.451683616",30,42,22.9,58.7,"91"
"Koenig, Jared",657649,2026,17.1,17.1,".357",7.7,"96.364466538",18.7,37.3,20.6,56.1,"92.9"
"Morgan, Eli",669212,2026,17.6,9.9,".447",6.3,"93.860205238",33.7,39.2,24.1,65.9,"91.2"
"Santos, Gregory",666619,2026,4.5,13.6,".343",0,"96.755923333",14.3,47.7,8.1,68.2,"96.9"
"Cosgrove, Tom",676680,2026,18.9,8.1,".347",9.6,"93.849098431",28.2,42.5,16.8,62.2,"88.5"
"Pushard, Matt",690155,2026,18.8,12.5,".362",0,"94.544386",23.9,45,16,56.3,"95"
"Soriano, George",666277,2026,22.8,12.1,".369",9.1,"94.32177967",33.4,42.8,29,63.5,"96.5"
"Manoah, Alek",666201,2026,12.8,20.5,".354",11.5,"93.874489231",20,36.6,19.7,51.3,"87.9"
"Rajcic, Max",691008,2026,20.5,15.4,".270",8,"93.1207624",21.3,43.6,23.9,48.7,"95.4"
"Adams, Travis",701519,2026,25.1,10.1,".376",6.3,"93.573543097",32.9,38.6,27.5,65.2,"93.3"
"Gonzalez, Domingo",682445,2026,13.9,13.9,".495",12,"96.095536",20,41.1,19.7,58.3,"92.9"
"Brown, Ben",676962,2026,24.5,7.2,".332",7.3,"94.492796857",30.6,39.6,27.3,58.9,"96.4"
"Anderson, Drew",623454,2026,24.9,9.6,".358",8.6,"94.019375296",35.3,39.5,27,63.5,"95.3"
"Romano, Jordan",605447,2026,25.5,12.4,".334",5.3,"93.001577979",32.5,38.9,28.2,59.2,"93.7"
"Gastelum, Luis",703725,2026,28.9,7.9,".424",9.6,"93.127270108",33.7,42.7,34.7,61.2,"93.9"
"Pallette, Peyton",688883,2026,22.7,16.5,".378",7.1,"94.720014821",21.5,41,28.4,50.5,"95.4"
"Smith, Burch",572143,2026,27.4,9.6,".352",4.4,"94.787385682",26.2,44.9,22.7,58.9,"91.8"
"Ferguson, Tyler",621053,2026,26.9,5.1,".406",16,"94.869522041",35.2,43.7,28.5,69.2,"94.3"
"Anderson, Jack",681252,2026,25,6.3,".374",9.1,"93.241524688",35.8,42.8,30.5,62.5,"90.8"
"Hoffman, Jeff",656546,2026,34.9,10.3,".384",8.6,"93.510346933",37.6,40.3,38,57.4,"96.3"
"Gordon, Colton",676467,2026,17.1,5.7,".429",7.5,"94.116700577",31.3,45.2,16.4,53.6,"91.4"
"Castillo, Luis",622491,2026,18.9,7.4,".390",9.6,"94.365481829",31.5,43.9,23.7,68.8,"95.2"
"Fitzpatrick, Brian",702153,2026,16.7,10,".255",4.5,"91.730371818",21.2,42.2,23.2,66.7,"93.7"
"Bradley, Taj",671737,2026,27.4,10.2,".376",9.1,"94.922949804",28.3,40.7,27.4,61.6,"94.6"
"Tolle, Payton",801139,2026,28.4,6.6,".316",6,"93.499466427",36.4,43,27.9,66.5,"94.1"
"Marinaccio, Ron",676760,2026,18.5,10.4,".372",7.9,"94.238099382",25.7,40.5,25.3,60,"91.4"
"Lynch IV, Daniel",663738,2026,15.7,7.3,".355",7.1,"93.95827366",30.2,44.1,22.1,57.6,"94.1"
"Madden, Ty",680744,2026,24.3,7.4,".303",5.5,"92.797567795",31.6,42,25.1,62.4,"91.4"
"Houser, Adrian",605288,2026,16,7.2,".372",8.7,"94.647697029",25.8,43.6,18.1,61.9,"95.2"
"Elder, Bryce",693821,2026,19.1,7.7,".352",6.8,"94.304327455",27.6,42.4,21.6,60.2,"90.9"
"Flaherty, Jack",656427,2026,26,10.6,".382",8.2,"94.743889331",27.6,40.9,27.1,57.6,"92.6"
"Rodríguez, Yariel",684320,2026,13.3,15.6,".402",12.9,"93.89532871",22.4,41.9,15.7,40,"95.7"
"King, Michael",650633,2026,21,9.2,".360",8.2,"93.05490175",30.3,43.3,24.5,64.1,"93.6"
"Lorenzen, Michael",547179,2026,14.5,8.7,".402",9.2,"95.328123798",24.1,41.8,18,61.1,"92.8"
"Vargas, Carlos",672841,2026,21,4.9,".362",9.1,"93.102717818",31.1,44,16.2,69.1,"95.3"
"Gose, Anthony",543238,2026,13.7,3.9,".323",7.1,"92.283609756",39.5,40.5,24.8,52.9,"95.7"
"Natera Jr., Samy",696519,2026,36.6,9.9,".320",4.4,"93.454441667",27.4,38.6,35.7,63.4,"94.9"
"Ribalta, Orlando",687377,2026,23.6,10.1,".341",7.6,"92.557879487",36.7,43.7,26.7,63.5,"96.9"
"Lazar, Max",676661,2026,17.8,6.7,".318",9.1,"93.797851818",26.4,46.8,20.8,71.1,"92.3"
"Kremer, Dean",665152,2026,23.6,8,".375",8.9,"93.461474939",29.7,40.9,28.4,61.8,"90.8"
"Bummer, Aaron",607481,2026,14.8,12.5,".400",12.7,"95.460967581",27.4,35.4,19.5,63.6,"89.9"
"Horton, Cade",690990,2026,15.4,7.7,".298",5.3,"93.818584737",36.7,44.6,23.3,65.4,"95.5"
"Ohtani, Shohei",660271,2026,27.9,7.6,".304",3.8,"93.134880616",30,43.3,30.4,55,"97.8"
"Griffin, Foster",656492,2026,21.9,6.2,".378",8.3,"93.91929358",32,41.2,23.2,61.4,"89.8"
"Simpson, Josh",681006,2026,26.3,10.5,".457",17.4,"95.654553043",23.5,36.6,20.3,63.2,"92.9"
"Lauer, Eric",641778,2026,15.5,7.5,".371",11,"93.677637543",33.1,44.9,18.6,62.9,"89.9"
"Myers, Tobias",668964,2026,17.8,7,".355",5.2,"94.743331905",29.6,40.2,20.3,64.2,"91.3"
"Scherzer, Max",453286,2026,18.7,9.6,".344",8.1,"93.255910856",32.3,44.6,21.3,62.9,"92.4"
"Civale, Aaron",650644,2026,18.5,7.1,".360",8,"93.845239081",31.1,44.6,20.7,66.1,"89.5"
"Mattson, Isaac",676755,2026,20.5,10.2,".434",12.4,"95.532500932",27.4,39,21,59.1,"94.2"
"Mills, Wyatt",670090,2026,13.9,25,".287",0,"92.929486842",19,32.9,22.6,61.1,"90.3"
"McGreevy, Michael",700241,2026,16.4,6.8,".395",9.1,"94.675024229",28.5,41.2,20.1,58,"90.7"
"Walker, Ryan",676254,2026,14.8,12.3,".332",6.3,"93.368978037",24.9,42.4,14.9,62.1,"95.1"
"Garcia, Brandyn",805299,2026,31.3,5.7,".272",5.3,"93.159652072",25.7,42,26.9,57.1,"96.3"
"Estrada, Jeremiah",669093,2026,30.2,12.7,".346",6.9,"92.74302971",31.9,40.4,31.7,57.9,"95.9"
"Gordon, Tanner",685299,2026,18,5.1,".403",11,"94.68054677",31.3,44,21.7,65.9,"92.5"
"Nola, Aaron",605400,2026,23.8,7.9,".380",9.3,"94.306734192",33.3,43.1,27.1,64.1,"91.1"
"Pecko, Ethan",814490,2026,16.4,10,".335",10,"94.2980954",29.4,39,21.2,59.3,"92.2"
"Brubaker, JT",664141,2026,15.6,10.4,".359",5.5,"93.579520879",30.4,42.1,20.9,62,"93.6"
"Schultz, Noah",702273,2026,20.7,9.6,".405",9.7,"94.448487488",28.6,41.5,21,62,"93.5"
"Foley, Jason",671345,2026,12.8,9.4,".321",5.5,"94.051059451",23.5,41.5,15.6,49.6,"95.7"
"Bieber, Shane",669456,2026,18.2,9.9,".415",10.9,"95.228101609",29.6,41.4,23.5,58.7,"91.2"
"Antone, Tejay",622088,2026,24.3,7.7,".349",8.2,"93.330443404",33.5,40.7,27.9,64.8,"92.1"
"Murphy, Luke",684665,2026,22.5,12.4,".352",5.3,"93.611077193",27.4,43,22,53.9,"94.2"
"Winquest, Cade",685464,2026,28.1,14,".233",3.1,"92.194844839",22,44.5,26.5,52.6,"94.4"
"Burke, Sean",680732,2026,25.8,8.7,".360",8.3,"93.969692313",31.7,43.2,25.5,64.2,"93.9"
"Cleavinger, Garrett",664076,2026,29.8,12.2,".400",7.8,"93.9375836",33.8,43.2,28.3,61.9,"95.7"
"Krook, Matt",640454,2026,19.6,21.7,".430",4,"93.9042468",27.5,35.8,25.7,52.2,"89.4"
"Cruz, Yovanny",672442,2026,21.4,12.9,".383",2.3,"94.084549545",28.1,39.1,25.9,55.7,"99.9"
"Mahle, Tyler",641816,2026,22.3,7.5,".358",6.8,"93.831595995",28.9,47.6,22.9,59,"91.6"
"Cease, Dylan",656302,2026,34.9,11.4,".343",5.5,"93.089757155",31.8,39.9,33.3,62.2,"96.6"
"Messick, Parker",800048,2026,25.8,6.6,".337",5,"93.483966904",31.6,41.4,25.5,60.4,"93.7"
"Eovaldi, Nathan",543135,2026,23.5,5.7,".386",8.3,"94.362791588",36.4,43,29.4,64.4,"92.2"
"Miller, Bobby",676272,2026,24.2,12.1,".426",11.1,"94.797776111",25.9,36.6,27.6,53.1,"96.9"
"Rodríguez, Elmer",695684,2026,16.8,12.8,".358",8.5,"93.803608272",24.2,37.6,29.3,54.4,"95.6"
"Feltner, Ryan",663372,2026,16.8,9.7,".365",9.5,"93.476085264",27.2,42,23.6,63.9,"94.6"
"Iglesias, Raisel",628452,2026,26.8,7.1,".362",9.6,"93.686712949",39,45.8,30,71.4,"94.4"
"Baker, Bryan",641329,2026,25.8,9,".318",7,"93.55885961",35.9,43.8,27.2,68.3,"96.3"
"Cornelio, Riley",683000,2026,25,18.1,".320",7.7,"94.260012472",31.4,35,34.5,56,"94.7"
"Ragans, Cole",666142,2026,29.8,15.2,".433",15.7,"94.156201829",27.9,42.1,31.7,54.3,"94.4"
"Thomas, Connor",671162,2026,15.3,7.6,".343",5.6,"94.298214944",27.7,46.4,21.2,70.3,"90.3"
"Martinez, Justin",679885,2026,32.7,18.2,".188",0,"92.419863462",17.6,42.7,30.2,56.4,"101.7"
"Mantiply, Joe",573009,2026,19.8,4.5,".421",10.8,"95.158587875",33.6,39.1,16.8,61.3,"88.2"
"Rogers, Taylor",573124,2026,19.6,11.2,".340",5.9,"92.327270726",25.5,43.9,18.9,64.8,"91"
"Newcomb, Sean",656794,2026,22.6,9.1,".365",6.5,"94.013500335",27.5,41.6,23.9,60.5,"94.4"
"Lee, Dylan",669276,2026,29.4,6.5,".326",5.4,"93.192195092",35.3,41.7,35.7,63.6,"93.3"
"Schlittler, Cam",693645,2026,31.4,6.4,".345",7.3,"93.752402829",34.4,41,29.4,61.8,"97"
"Yates, Kirby",489446,2026,27.5,9.6,".333",5.6,"95.127109057",35.3,44.1,28,56.2,"90.8"
"Brieske, Beau",689225,2026,23.5,6.9,".364",7,"94.831407857",32.7,42.1,22.3,65.7,"95.6"
"Pivetta, Nick",601713,2026,30,5.7,".364",10.1,"93.799081364",35.5,39.3,22.8,63.6,"93.4"
"Aleman, Franco",680916,2026,27.2,9.7,".384",6.6,"94.389512295",25,42.2,26.7,53.4,"96.1"
"Garcia, Robert",676395,2026,15.5,12.7,".297",3.9,"92.385421",23,41.1,24,60.6,"93.9"
"Woodruff, Brandon",605540,2026,27,5.7,".332",7.8,"93.62893",34.3,41.6,23.6,69,"91.5"
"Sheehan, Emmet",686218,2026,28,7,".366",9.7,"93.908948687",35.5,40.5,31.6,59.3,"94.4"
"Pérez, Cionel",672335,2026,22.2,9.6,".409",11.9,"95.895532406",30.3,39.9,24,59.1,"96.6"
"Schultz, Paxton",687606,2026,20.9,7.8,".404",8.4,"94.211306095",27.2,37,18.7,66.7,"90.9"
"Zimmermann, Bruce",669145,2026,9.5,4.8,".265",0,"92.918999444",24.3,45.8,10.3,52.4,"88.8"
"Peguero, Joel",666711,2026,10.4,8.3,".216",0,"91.17976",35.4,46.2,18.1,70.8,"99.6"
"Lopez, Jacob",682052,2026,20.3,10.5,".316",6.9,"92.546214582",27.3,43.5,24.1,60.3,"88.8"
"Skubal, Tarik",669373,2026,30,4.4,".356",6.7,"93.484764538",36.6,44.3,31.7,69,"96.8"
"McClanahan, Shane",663556,2026,21.8,8,".370",8.9,"94.5463836",31.6,40.6,26.8,63.7,"95.6"
"Sinclair, Jack",695378,2026,17.4,8.7,".299",3.2,"94.587335806",25.3,31.7,17.9,47.8,"96.6"
"Patrick, Chad",694477,2026,21,10.9,".353",6.4,"94.152439408",29.2,42.7,26.1,62.8,"93"
"Bibee, Tanner",676440,2026,19,7.1,".361",8.5,"93.901466726",27.8,43.3,23.6,64.4,"90.9"
"Adams, Mason",690279,2026,25,9.7,".418",10,"95.9296315",28.9,43.4,22.2,61.3,"92.3"
"Snell, Blake",605483,2026,31.8,9.2,".274",2,"91.0630215",40,45.7,34.8,71.1,"96"
"Smith, Cade",671922,2026,36.3,7.8,".362",8.7,"94.653655813",33.7,41.5,34.5,63.1,"97.5"
"Hjerpe, Cooper",687309,2026,27.3,16.4,".305",0,"92.887483704",26.3,37,24.8,52.7,"89.8"
"Vanasco, Ricky",676568,2026,10,15,".392",6.7,"93.778389",22.5,58.2,20.6,52.5,"93.7"
"Hudson, Bryan",663542,2026,20.9,6.4,".317",4,"93.301948299",25.1,42.9,23.1,61,"91.6"
"Soto, Gregory",642397,2026,27.7,10.2,".309",4.1,"93.124647636",30.2,39.9,27.3,62.2,"96.6"
"Mey, Luis",682825,2026,30.3,13.3,".407",8.2,"95.725333614",23.3,40.6,31,57.6,"97.9"
"Murray, Jayden",681151,2026,17.7,11.4,".400",14.3,"94.558803393",28.6,44.7,27.7,62,"95"
"Santillan, Tony",663574,2026,18.8,14.7,".427",13.8,"94.800150667",25.3,42,22.9,58.9,"94.5"
"deGrom, Jacob",594798,2026,30.1,6.9,".383",7.9,"94.610291908",35.1,44.2,33.2,63.5,"97.3"
"Molina, Anthony",683627,2026,22.8,5.1,".362",7.1,"93.279798958",32.6,43.6,23.2,59.6,"96.3"
"Barco, Hunter",682995,2026,16.1,14.9,".389",7,"95.129504211",19.5,41.3,16.3,54,"93.9"
"King, John",667463,2026,16.8,8.6,".330",8.5,"93.72125",33.2,39.9,21.7,62.6,"90.5"
"Watson, Ryan",670245,2026,21.2,7.5,".390",9.8,"94.044805566",33.4,41.2,25.5,65.2,"92.3"
"Weathers, Ryan",677960,2026,25.2,6.7,".398",8.6,"94.601750608",28.9,42.6,27,60.9,"95"
"Eisert, Brandon",685126,2026,25.9,7.4,".371",6.4,"93.990497667",29.8,36.2,30.6,63.5,"89.9"
"Petty, Chase",695534,2026,10.8,6.5,".373",9.1,"93.925085545",27.9,41.3,19.6,67.6,"96.4"
"Yan, Jefry",642376,2026,27.1,15.6,".363",7.4,"94.698939811",33.3,37.9,35.3,53.1,"97.5"
"Matz, Steven",571927,2026,17.8,7.3,".386",10.6,"93.92085123",29.1,41,20.8,61.4,"93.6"
"Misiorowski, Jacob",694819,2026,37.9,6.6,".314",3.6,"92.952685282",35,42.1,37.3,66.2,"99.7"
"Valdez, Framber",664285,2026,17.8,8.8,".344",5.6,"94.648901679",30.8,42.7,20.6,61.5,"93.9"
"Sproat, Brandon",687075,2026,23.9,12.3,".388",8.6,"94.630858031",25.4,41.9,25,57.8,"95.4"
"Bowlan, Jonathan",680742,2026,31.9,6.6,".340",7.3,"93.230517481",35.2,39.3,31.3,61.1,"97.1"
"Santa, Alimber",695001,2026,15.3,10.2,".263",2.3,"92.745687955",24.2,38.7,18.5,52.5,"94.3"
"Peralta, Sammy",671111,2026,20.5,8,".422",5.3,"93.947955676",28.8,41,19.8,70.5,"88.6"
"Tiedemann, Ricky",694357,2026,27.6,20.7,".368",0,"92.375140769",22.9,35.8,33.3,55.2,"95.7"
"Blanco, Ronel",669854,2026,20.3,11.2,".374",9.3,"93.532513229",29.1,42.8,25.9,61.5,"93.4"
"Chapman, Aroldis",547973,2026,33.3,10.8,".315",6.8,"94.466137143",33.1,41.5,30.4,63.4,"97.4"
"Moll, Sam",594580,2026,21.8,11.7,".359",5.9,"94.21959731",25.3,39.7,22.6,55.7,"91.7"
"Ferrer, José A.",678606,2026,18.3,6.8,".342",6.1,"93.411498565",29.5,38.1,19.6,67.2,"97.6"
"Webb, Jacob",657097,2026,25.7,8.8,".394",7.7,"94.259427127",32.5,42.6,33.3,66.5,"94.2"
"Faucher, Calvin",676534,2026,24.8,12.6,".327",4.4,"93.99021764",28.5,37.9,26,58,"94.6"
"Montgomery, Jordan",656756,2026,19.2,5.8,".323",7.8,"92.998548182",30.6,41.5,21.2,59.2,"90.5"
"Suarez, Ranger",624133,2026,22.9,7.5,".340",5.3,"93.221690944",31.4,44.6,21.7,65.8,"90.1"
"Dollander, Chase",801403,2026,24.9,9.5,".358",9.9,"95.408276218",27.6,42.5,28,56.1,"98.6"
"Teng, Kai-Wei",678906,2026,22.2,10,".377",8.1,"94.185621154",28.5,39.7,26.3,60.5,"93.3"
"Gervase, Paul",801434,2026,23.5,14.7,".330",4.8,"93.670738",26.1,43.5,28,47.1,"92.1"
"Banda, Anthony",607455,2026,21.2,9.6,".348",7.1,"94.254916042",27.1,36.5,26.7,57.7,"94.6"
"Paddack, Chris",663978,2026,15,7.1,".373",8.4,"94.0863732",33.3,41.9,21.4,68.5,"91.3"
"Pfaadt, Brandon",694297,2026,16.7,5.7,".337",7.2,"93.444159579",32.1,43.3,21.3,66.4,"92.6"
"Stallings, Garrett",668831,2026,33.3,9.8,".176",0,"91.297072857",33.3,42.3,33,72.5,"90"
"Jax, Griffin",643377,2026,25.3,7.6,".394",8.5,"94.063749197",35.1,39.7,30,66.4,"95.4"
"Cabrera, Edward",665795,2026,20.3,10.3,".402",11.7,"95.008789915",32,40,26.5,57.7,"96.5"
"Klassen, George",691946,2026,19.2,16.8,".372",9,"95.205656316",25.4,40.9,31.3,54.4,"96.4"
"Severino, Luis",622663,2026,24,11.4,".365",8.7,"93.696996959",31.3,43.3,23,60.5,"95.9"
"Giolito, Lucas",608337,2026,13,16.7,".339",4.2,"94.557978632",19,39.6,24,48.6,"90.8"
"Kerr, Ray",678061,2026,16.7,3,".308",5.9,"93.208475625",35.4,36.8,23.4,72.7,"94.5"
"Halvorsen, Seth",678020,2026,16.3,12.1,".406",7.1,"94.58040898",28,39.5,21,54,"98.9"
"Woods Richardson, Simeon",680573,2026,13.2,12.2,".376",8.5,"94.806903091",22.2,41.7,18.5,57.1,"92.6"
"Finnegan, Kyle",640448,2026,17.4,12.6,".390",9.6,"95.061698",27.8,41.2,25.2,62.2,"96.2"
"Wacha, Michael",608379,2026,19.5,6.7,".350",7.1,"93.646793625",29.5,41.9,21.6,65,"92.2"
"Jacob, Alek",689690,2026,26.1,8.7,".296",7.1,"92.786542857",42.3,48.3,37.8,56.5,"84.2"
"Miller, Mason",695243,2026,47.4,9.6,".309",7,"92.786414386",36.1,40,45.3,57.9,"101.4"
"Kelly, Antwone",699008,2026,17.3,9.9,".372",6.9,"94.099260877",25.2,38.2,16.2,64.2,"98.5"
"Thornton, Trent",663423,2026,15.8,8.7,".367",10.3,"94.570327708",31.1,39.8,20.6,62.1,"93.7"
"Cameron, Noah",702070,2026,21.2,7.8,".361",8.2,"94.050283346",29.4,41.8,25.8,59.1,"91.3"
"Klein, Will",694361,2026,25.9,11.1,".333",2.6,"94.184867719",28.5,41.5,23.9,59.8,"97.5"
"Jameson, Drey",686753,2026,15.1,11.6,".349",4.8,"92.90940129",30.6,37.9,27.1,62.8,"96.3"
"Irvin, Jake",663623,2026,23.4,10.2,".412",10.9,"94.851185282",25,41.6,24,62.6,"92.3"
"Yean, Eddy",678868,2026,15.6,4.4,".290",2.9,"92.922509429",21,43.5,14.1,57.8,"96.8"
"Lugo, Seth",607625,2026,17.8,7.2,".386",8,"94.587265746",25.3,41.8,18.7,64.4,"91"
"Legumina, Casey",668984,2026,18,6.2,".354",6.3,"93.525589182",32.1,43.3,20.8,68.2,"92.9"
"Domínguez, Seranthony",622554,2026,25,11.9,".334",6.9,"93.351024304",28.2,39.1,27.9,60.6,"97.4"
"Murphy, Owen",702566,2026,16.1,5.4,".460",11.6,"95.492985349",34.7,44.3,19.2,67.9,"92.9"
"Topa, Justin",623437,2026,13.9,11.1,".377",7.8,"95.083613377",25.9,41.1,16.6,61.1,"92.7"
"López, Reynaldo",625643,2026,21.1,9.8,".385",7.2,"93.600347436",27.2,41.7,22.3,58.4,"94.1"
"Blackburn, Paul",621112,2026,20.5,9.8,".327",5.6,"93.465775108",28.4,41,22.8,60.6,"93.4"
"Cruz, Steven",674444,2026,26.4,8.1,".389",11.4,"94.351879416",27.9,43,28.6,63.5,"96.9"
"Painter, Andrew",691725,2026,20.8,8.5,".368",8.1,"93.561590714",33.8,42.9,25.6,62.5,"96.3"
"McCullers Jr., Lance",621121,2026,24.6,13.8,".369",7.6,"95.041010254",26.8,39,27.9,56.4,"90.1"
"Castaño, Blas",680604,2026,18.9,8.1,".418",9,"94.698184103",28.7,42.2,18.6,64.9,"93.4"
"Herrin, Tim",682120,2026,22.5,11.7,".333",8.5,"93.778213026",32.1,39.7,30.7,53.4,"94.1"
"Canning, Griffin",656288,2026,22.3,10.5,".378",8.2,"94.739413906",26.8,42,25.5,56.3,"93.8"
"Ureña, Walbert",700712,2026,22.7,10.9,".302",5.4,"93.621245821",31.7,42.7,27.7,56.3,"98.1"
"Paredes, Mike",702474,2026,12.3,8.4,".356",6.8,"95.312608718",28.5,42.6,19.3,62.3,"91.4"
"Hughes, Gabriel",687312,2026,19.8,8.5,".340",6,"92.953896205",26.6,42,20.7,59.7,"92.5"
"Ramírez, Yohan",670990,2026,28.2,12.2,".321",4.5,"92.76090545",29.7,41,27.9,58.6,"96.4"
"Lowder, Rhett",695076,2026,17.1,9.3,".390",9.8,"94.193184",26.6,42.4,18.6,59.2,"93.4"
"Ryan, Joe",657746,2026,25.9,5,".369",10,"94.339559142",32.1,42.9,25.8,67.1,"93.4"
"Herz, DJ",687792,2026,17.1,8.6,".563",26.9,"96.79266",29.7,38.3,22.4,60,"92.9"
"Stock, Robert",476594,2026,19.7,10.2,".370",8.1,"93.993070208",28.4,43,24,61.2,"93.4"
"Treinen, Blake",595014,2026,23.8,10,".419",10.7,"94.597450625",34.6,43.1,24.9,61.2,"94.4"
"Bazardo, Eduard",660825,2026,23.6,8.4,".413",9.5,"94.406865204",26.3,44.7,21.9,65.1,"95.7"
"Foster, Cameron",671382,2026,18.4,16.3,".340",6.5,"92.681593548",26.5,39.2,27.9,55.1,"94.5"
"Bender, Anthony",669622,2026,29.3,8.6,".302",7.1,"93.131032857",26.1,39.9,24,61.2,"96.4"
"Drohan, Shane",675660,2026,23.7,8.3,".353",8.5,"94.000294522",32.7,41,27.3,66.3,"94.1"
"Ashcraft, Graham",668933,2026,26.5,15.9,".336",6.3,"93.58313038",34.5,43.5,30.5,57.6,"97.7"
"Nance, Tommy",667297,2026,26.4,9.3,".404",7.3,"93.999472025",34.7,41.2,26.5,61.5,"94.5"
"McFarlane, Alex",686934,2026,25.3,8.9,".354",7.7,"93.810677451",31.7,42.3,27.9,50.6,"99.3"
"Burrows, Mike",681347,2026,17.7,8.3,".372",8.4,"93.877639707",32.3,41.2,21.6,64.1,"94.8"
"Hartlieb, Geoff",664129,2026,17.7,11.3,".314",5.7,"94.334356552",34.2,45.3,27.1,62.9,"94"
"Ekness, Josh",694795,2026,17.9,14.9,".295",5.7,"92.900182209",22.9,42.1,21.8,59.1,"98.1"
"Cellucci, Brendan",676454,2026,36.7,10,".361",6.3,"92.937016875",34.5,38.4,34.7,62.1,"93.6"
"Guerrero, Tyron",594027,2026,24.7,4.8,".312",3.5,"93.042132385",35.6,41.8,24.1,67.3,"100.2"
"Dion, Will",702021,2026,27.4,8.5,".347",7,"93.1043092",34.5,42.8,26.6,60.2,"90.4"
"Rodón, Carlos",607074,2026,26.8,11.2,".361",6.8,"94.09593561",29.9,37.1,30,58.8,"94.1"
"Hart, Kyle",606996,2026,22,9.7,".326",8.4,"93.447673953",27.5,42.2,22.7,61.9,"93.8"
"Alvarez, Andrew",674841,2026,24.1,10.8,".365",6.2,"94.479949636",30,37.1,26.4,54.1,"92.1"
"Gusto, Ryan",687473,2026,18.9,7.1,".386",8.8,"94.188049895",30.5,42,20.7,67.3,"93.1"
"Young, Danny",664849,2026,23.1,20,".436",17.6,"97.231403125",20.3,38.1,24.7,63.5,"93.7"
"Thompson, Keegan",624522,2026,19.3,3.5,".497",13.6,"95.707776512",26.3,40,21.6,57.9,"91"
"Criswell, Cooper",681867,2026,18,9.3,".331",4.8,"93.801266639",34.8,44.9,20.7,70.4,"89.4"
"Beeter, Clayton",690925,2026,22.5,14.8,".371",6.3,"94.415450806",28.5,35.8,28.2,56,"95.7"
"Morales, Luis",806960,2026,14.4,15.6,".422",11.3,"94.018958226",26.9,42.5,18.5,57.8,"97"
"De Jesus, Enmanuel",646241,2026,21.9,8.4,".374",7.4,"94.536764583",29.5,45.4,24.2,62.9,"92.2"
"Johnson, Pierce",572955,2026,19.9,9,".387",10.1,"93.85046483",33.5,41.3,24,64,"95.7"
"Yamamoto, Yoshinobu",808967,2026,25.7,5.9,".324",6.5,"93.786488889",33.9,45.2,27.9,62.6,"94.7"
"Holmes, Clay",605280,2026,18.6,10,".324",4.4,"94.127816667",32.8,41.7,21.9,58.9,"91.8"
"Spiers, Carson",686730,2026,25,0,".584",22.2,"95.866286111",37.1,44.7,18.4,70.8,"91.4"
"Strahm, Matt",621381,2026,18.6,8.7,".348",11.3,"93.65788513",31.9,44.5,23.2,60.9,"90.8"
"Burgos, Raymond",670103,2026,19.5,1.2,".339",6.3,"93.841246613",32,47.3,18.8,64.6,"89.6"
"Hoffmann, Andrew",694851,2026,20.3,13.6,".356",8.1,"95.232855714",16.2,40.9,19.1,54.2,"94.5"
"Miller, Bryce",682243,2026,24.5,7.8,".358",8,"92.970371656",35.5,43.5,25,65.2,"95.3"
"De León, Luis",801725,2026,16.7,5.6,".241",7.1,"93.489824643",38.7,44.4,15.3,69.4,"95.9"
"Abel, Mick",690953,2026,24.7,10.8,".415",5.3,"94.005191091",33.1,45.9,28.8,71,"94.7"
"Varland, Gus",681402,2026,20.6,9.7,".469",15.9,"96.210662308",32.6,46.5,21.8,66.2,"95.1"
"Young, Brandon",687064,2026,19.9,9.1,".357",6.9,"94.191988268",33.7,41.6,24.3,65.3,"94.3"
"Early, Connelly",813349,2026,23.5,8.5,".367",10.6,"94.361787461",31.2,40.3,23.5,61,"93.4"
"Hader, Josh",623352,2026,32.9,9,".261",6.2,"92.557630722",41.1,43.8,34.2,72.5,"95.1"
"Taillon, Jameson",592791,2026,20.5,8.6,".432",14.6,"94.451266525",30.1,41.2,26.5,55.7,"90"
"Bidois, Brandan",684049,2026,25,15,".426",17,"94.93941413",33.9,37.5,37.7,51.2,"96.9"
"Hanner, Bradley",690440,2026,20.6,2.9,".445",15.4,"97.1558272",26.5,29.7,15.9,64.7,"91.9"
"Rogers, Trevor",669432,2026,22.5,5.6,".352",6.8,"93.709961362",35.6,45.7,24.4,69.7,"92.4"
"Kahnle, Tommy",592454,2026,11.6,14,".381",15.6,"96.818810968",26.8,40.5,17.4,51.2,"93.6"
"France, J.P.",641585,2026,12.9,16.1,".419",14.3,"95.002808571",21.1,39.3,15.1,58.1,"89.9"
"Holton, Tyler",663947,2026,18.3,6.3,".329",5.5,"93.552477051",28.2,39.6,23.4,63.8,"89.5"
"Lord, Brad",695418,2026,21.6,9.2,".340",6.4,"93.826361255",29,41.8,19.7,64.2,"94.5"
"Martin, Corbin",656686,2026,16,20,".400",12.5,"95.8569125",31.8,37.8,34,56,"94.9"
"Pomeranz, Drew",519141,2026,12.6,11.9,".361",9.1,"93.822268061",26.7,41,17.6,52.7,"92.1"
"Hagenman, Justin",663795,2026,12.1,6.1,".407",14.8,"94.658416667",36,50.8,12.3,60.6,"88.3"
"Prielipp, Connor",687570,2026,23.9,8.2,".360",6.5,"94.166952816",30.4,39.8,23.6,65,"95.4"
"Medina, Luis",665622,2026,29.3,12.3,".372",7.9,"94.222761486",26.4,38.5,32.4,54.1,"97.5"
"Loáisiga, Jonathan",642528,2026,18.4,5,".311",3.5,"92.850123077",35.9,41.8,23.1,67.4,"97.6"
"Peterson, David",656849,2026,20.7,9.8,".377",6.4,"94.292709085",28.8,42.9,22.7,61.5,"92.3"
"Núñez, Dedniel",673380,2026,27.8,0,".405",11.5,"94.450022941",49.1,35.7,36.6,76.4,"96.6"
"Pérez, Eury",691587,2026,25.8,10.3,".364",10,"94.273191222",32,40.3,28.6,60.8,"98"
"Hollowell, Gavin",668970,2026,20.3,14.1,".390",14.6,"93.96529175",25.4,49,27.5,56.3,"94.7"
"Bolton, Cody",675989,2026,23.2,14.7,".442",10.3,"95.079233929",23.5,43,19.6,51.6,"93.3"
"Seymour, Ian",693855,2026,28.7,6.5,".380",9.9,"93.81275102",35.3,43,29.4,66.2,"90.8"
"Phillips, Connor",683175,2026,20,21.4,".368",8.5,"94.177107073",20.8,38.5,25.1,54.5,"98.3"
"Mautz, Brycen",802408,2026,25.3,14.7,".411",9.3,"93.825449524",23.3,39.7,32.6,53.3,"93.4"
"Garrett, Braxton",666129,2026,14.3,22.4,".322",6.9,"92.989786897",19.5,37.7,20.8,40.8,"91.1"
"Mushinski, Parker",656786,2026,0,14.7,".337",3.4,"93.465733103",24,43.9,12.1,61.8,"90.9"
"Gage, Matt",657424,2026,17.5,13.5,".369",10.5,"93.123724353",34.1,42.6,24.4,61.9,"92.3"
"Henriquez, Edgardo",683618,2026,29.3,10.3,".264",2.9,"92.413019265",34.3,38.1,30.3,60.7,"99.6"
"Mathews, Quinn",687273,2026,21.8,9.5,".341",4.9,"94.046755857",26,39.1,26.8,63.5,"93.3"
"Curtis, Khristian",694753,2026,14.9,13.8,".276",8.2,"92.602039016",30.2,44.4,23.5,56.3,"93.6"
"Frasso, Nick",693308,2026,22.2,7.1,".375",4.4,"93.771165152",33.5,38.5,24.2,61.6,"94.5"
"Trevino, Jose",624431,2026,6.1,2,".462",13.6,"94.920047045",37.9,33.6,7.7,53.1,
"Banks, Tanner",621383,2026,21.6,8.5,".367",6.6,"93.363377521",31.3,44.1,22.8,70.3,"91.7"
"Smith-Shawver, AJ",700363,2026,18.8,11.1,".359",9.1,"94.006957959",31.4,45.9,23.3,57.6,"95.6"
"Assad, Javier",665871,2026,16.7,7.1,".358",6.7,"94.378785786",23.2,41.2,15.9,60.5,"92.7"
"Pérez, Martín",527048,2026,17.1,10.4,".347",4.7,"93.738206124",27.4,46.3,21.1,60.1,"87.7"
"Booser, Cam",592155,2026,29.6,3.9,".338",5.9,"94.197371771",34.2,43.1,28.6,65.1,"92.1"
"Wheeler, Zack",554430,2026,29.9,7.3,".334",6,"93.435190576",36.3,42.4,30.9,65.9,"94.4"
"Rom, Drew",680723,2026,20.5,8.4,".411",10.2,"96.652714655",17.3,35,18.9,57.3,"91.7"
"Bubic, Kris",663460,2026,24.8,11.5,".364",7.1,"94.027429071",29.8,41.4,25.9,59.7,"91.8"
"Kent, Zak",687849,2026,15.6,10.4,".373",12.3,"94.365274386",30.6,37.4,21.1,57.1,"92.9"
"Sears, Andrew",808825,2026,16.3,8.7,".326",6.2,"93.737872031",29.4,36.5,27,58.7,"93.8"
"Cecconi, Slade",677944,2026,18.8,7.4,".380",8.8,"94.399007277",27.8,40.3,20.8,67,"91.8"
"Lodolo, Nick",666157,2026,17.1,9.5,".413",9,"94.662235333",28.6,43.5,21.5,59.7,"93.7"
"Crochet, Garrett",676979,2026,26.8,8,".432",10.7,"94.816238434",30.1,42.9,24,55.1,"94.2"
"Pop, Zach",647315,2026,19.4,9.7,".334",4.8,"94.717864286",25,36.2,15.4,54.8,"96.1"
"Svanson, Matt",694335,2026,19.8,10.1,".421",7,"94.915151197",25.2,40.5,18.8,56,"94.9"
"Graceffo, Gordon",700669,2026,19.3,11,".360",9,"94.899808869",28.9,40.8,21.2,58,"93.8"
"Sugano, Tomoyuki",608372,2026,14.6,5.5,".424",11.7,"95.032128547",27.8,40.6,19.6,60.2,"91.8"
"Thielbar, Caleb",573204,2026,28.4,8.1,".436",10.6,"94.439259615",35.8,41.3,28.9,66,"93.3"
"Gerber, Joey",680702,2026,23.5,11.8,".350",9.1,"96.105960909",23.1,45.7,23.5,55.9,"91.4"
"Bruihl, Justin",677865,2026,15.3,8.1,".334",5.9,"93.394692898",29.8,37.5,17.8,60.2,"90.3"
"Espino, Daniel",682982,2026,38.5,10.8,".373",12.1,"93.172357879",30.6,45.1,36.8,56.9,"98.8"
"Woo, Bryan",693433,2026,24.6,5.5,".364",7,"94.383196523",34.2,44.4,25.2,67.9,"96"
"Sims, Lucas",608371,2026,21.7,15.2,".343",7.1,"94.09861",27.4,45,21.6,52.2,"94.1"
"Duran, Jhoan",661395,2026,35.6,4.2,".312",3.7,"94.12616194",34,39.2,35.7,57.4,"100.5"
"Gilbert, Logan",669302,2026,27.3,6.5,".373",10,"94.374292417",32.6,41.6,30.7,66.9,"95.8"
"Cuas, Jose",621016,2026,23.1,13.9,".411",2.9,"92.81102",31.5,41.9,27.3,56.1,"91.7"
"Okert, Steven",595345,2026,26.1,5.4,".337",6.9,"93.312259588",29.6,43.8,30.9,60.2,"91"
"Black, Mason",696131,2026,13.4,14.1,".391",9.9,"95.05425505",21.4,46.4,18.5,57,"93.4"
"Burnes, Corbin",669203,2026,17,8.5,".443",17.1,"94.568210571",30.1,38.4,28.4,48.9,"92.1"
"Peterson, Austin",804926,2026,29.6,7.4,".489",17.6,"95.863937059",28.8,41,29.5,55.6,"90.5"
"Povich, Cade",700249,2026,17.5,9.4,".361",6.9,"94.483620087",29.7,35.5,22.6,57.5,"91.7"
"Dodd, Dylan",689266,2026,27.3,7.2,".334",8.9,"93.49856377",34.9,41.3,29.5,63.2,"91.4"
"Erceg, Lucas",668674,2026,14.9,14,".315",4.5,"93.683219935",28.4,40.1,20.9,58.4,"97.1"
"Wells, Tyler",669330,2026,26,6.5,".325",7,"92.953249171",34.7,45.7,30.6,66.3,"91.8"
"Speier, Gabe",642100,2026,23.7,7.9,".346",10.5,"93.911668852",32.3,38.4,24.5,68.6,"95.3"
"Abbott, Andrew",671096,2026,18,10.4,".371",8.3,"94.19366968",29,42.2,22.4,58.7,"92.2"
"Maton, Phil",664208,2026,22.8,11.8,".454",11.9,"94.435043293",29.3,39.7,25.7,69.1,"89.7"
"Díaz, Yilber",700270,2026,17.6,14.7,".550",13,"95.559716087",26.8,37.7,22.2,55.9,"97"
"Brash, Matt",666374,2026,23.4,9.4,".356",5,"94.384422308",28.9,39.3,32.1,64.1,"97.2"
"Hernández, Jonathan",642546,2026,20.2,11.9,".360",5.5,"93.577970411",26.6,44.1,19.9,57.4,"97.1"
"Glasnow, Tyler",607192,2026,34,8.7,".353",8.5,"93.941386111",29.5,38.5,32.1,61.5,"95.6"
"Kerkering, Orion",689147,2026,23.5,12.7,".321",6.1,"92.757836852",28.3,39.7,26.1,59.9,"96.8"
"Gallen, Zac",668678,2026,13.6,7.4,".417",10.8,"95.048510981",31.1,43,19,65.3,"93.3"
"McDermott, Chayce",694646,2026,16.7,11.1,".358",15.4,"93.8503016",25,38.7,23.6,47.2,"92.4"
"McLean, Nolan",690997,2026,26,9.4,".342",6.5,"93.541793595",28,41.9,23.6,59.7,"94.9"
"Nunez, Anthony",689296,2026,25.9,10.2,".363",6.3,"93.983125161",36.3,35.5,32.8,65.2,"95.3"
"McCambley, Zach",685112,2026,23.3,10,".439",10.5,"94.961948158",34.4,41,29.1,56.7,"90.9"
"Ashby, Aaron",676879,2026,30.3,10.7,".326",4.9,"94.447155135",29.5,38.2,32.1,59.7,"97.7"
"Schweitzer, Tyler",805326,2026,11.7,7.8,".379",8.9,"95.135184344",29,43.3,21.3,62.3,"93.9"
"Burns, Chase",695505,2026,29.4,8.9,".352",8.2,"93.796248271",34.3,39,32,60.2,"97.6"
"Leibrandt, Brandon",605335,2026,10,10,".473",18.2,"93.648600476",40,39.4,23.4,43.3,"87.9"
"Leasure, Jordan",673929,2026,23.1,10.3,".507",25,"95.789029615",34.1,39.6,26.5,59.7,"95.8"
"Morgan, David",688158,2026,24.1,13.6,".331",3.1,"92.732784516",33.3,38.9,30.6,59.6,"97.4"
"Suárez, Albert",544150,2026,17.6,7.6,".346",7.1,"93.954084844",29.8,43.3,23.7,60.7,"91.3"
"Kuhnel, Joel",669270,2026,13.9,8.9,".382",6.7,"94.114225067",27.8,40.6,22.8,58.9,"93.6"
"Garcia, Rico",670329,2026,25.7,8.3,".317",5.2,"93.200597337",29.5,43.2,31.9,61.6,"95.4"
"Palencia, Daniel",694037,2026,24.4,8.9,".355",5,"92.93369875",28.9,42.1,27,56.6,"99.2"
"Rucker, Michael",621074,2026,26.9,9.1,".371",8.5,"93.663867931",33.3,41.2,25.9,61.3,"94"
"Roberts, Ethan",681799,2026,15.5,12.7,".338",3.9,"94.509798026",25.1,41.5,22.6,61.8,"93.1"
"Fedde, Erick",607200,2026,16.3,8.6,".364",8.3,"94.077809263",24.2,43.1,18.2,65.2,"93"
"De Los Santos, Enyel",660853,2026,22.3,6.6,".338",5.6,"93.489452844",33.4,42.1,27.1,64.3,"95.1"
"García, Luis",472610,2026,8.1,8.1,".401",5.2,"94.974048772",34.1,35.8,20.9,64.9,"95"
"Romero, JoJo",668941,2026,22.7,7.6,".385",7.5,"94.932814051",27.6,42.3,22.1,61.4,"93.7"
"Warren, Will",701542,2026,23.3,8,".383",7.2,"95.031624527",29.4,42.1,22.7,62.2,"93.6"
"Anderson, Kade",807739,2026,21.9,6.2,".364",7.6,"93.919997885",33.9,43.3,24.4,63.7,"93.5"
"Quintana, Jose",500779,2026,11.8,9.4,".370",9.6,"93.541115276",31.4,42.8,20.9,59.9,"89.7"
"Brogdon, Connor",641401,2026,21.4,4.3,".423",13.7,"95.268325833",27.1,42.3,26.1,41.4,"93.5"
"Suter, Brent",608718,2026,20.7,6.9,".359",6.7,"93.096854924",29.5,41.7,23.6,65.9,"88.5"
"McGee, Easton",668834,2026,17.3,9.6,".401",10.5,"94.632513158",34.1,47.8,18.9,69.2,"91"
"Johnson, Ty",694494,2026,32.4,11.8,".400",10.5,"93.307372222",31.8,36,29.1,61.8,"93.2"
"Harris, Hogan",663687,2026,28.3,13.5,".344",6.9,"93.184765698",23.9,41,25.3,55.3,"95.2"
"Cook, Alex",702047,2026,20.8,8.3,".231",5.9,"93.982228824",19.6,50,22.5,50,"95.4"
"Gore, MacKenzie",669022,2026,23.2,9.5,".364",8.7,"94.520309857",29.9,41.4,24.9,57.2,"94.6"
"Morán, Jovani",663558,2026,26.8,12.1,".326",8,"93.332538654",29,41.9,32.1,57.4,"91.3"
"Pagán, Emilio",641941,2026,25.9,6.3,".348",10.5,"94.391015398",30.6,39.3,25.9,65.5,"92.8"
"Lange, Alex",656638,2026,21.8,12,".395",13.6,"94.9903748",29.6,41.4,27.3,60.4,"94.7"
"Weiss, Ryan",680802,2026,22.9,15.3,".441",11.1,"95.266850247",28.9,42.3,23.7,51.9,"94.7"
"Davila, Nick",689546,2026,10.9,10.9,".320",4.5,"92.678903146",29.4,44.4,15.8,61.3,"94.8"
"Corbin, Patrick",571578,2026,17.5,6.9,".399",7.5,"94.269118447",30.7,40.9,21.1,61.9,"89.9"
"Juenger, Hayden",696522,2026,7.4,9.9,".359",7.7,"93.703478906",28.3,45.9,14.8,50.6,"93.2"
"Peralta, Freddy",642547,2026,21.4,8.6,".339",5.8,"93.480881149",31.3,38.7,26.1,58.4,"94.3"
"Phillips, Evan",623465,2026,31.1,5.7,".458",16.7,"95.348925152",35.4,41.6,26.7,59.2,"96.1"
"Blewett, Scott",656240,2026,21.3,6.9,".355",5.2,"93.292814825",36.4,41.3,25.9,59.7,"92.4"
"Rangel, Alan",660604,2026,23.6,10.6,".361",5.1,"93.370295974",33.5,42,24.4,61,"92.9"
"Payamps, Joel",606303,2026,25,11.1,".469",17.4,"94.354103913",25.6,42.4,22.9,63.9,"93.7"
"Perales, Luis",691384,2026,21.7,21.7,".428",14.7,"94.827093824",28.2,38,33.6,56.7,"95.7"
"Rasmussen, Drew",656876,2026,26,4.8,".337",5.9,"93.596998204",33.1,42.4,25.1,67.4,"93.6"
"Taylor, Grant",691799,2026,31.5,8.9,".343",7.6,"94.193453604",33,42.2,29.4,60.4,"98.3"
"Gasser, Robert",688107,2026,22.3,7.4,".367",7.6,"93.170492147",28.1,41.1,22.5,64.7,"91.6"
"Bigge, Hunter",685801,2026,16.5,16.5,".299",5.3,"93.618107544",26.9,42.6,25.9,59.5,"96.5"
"Martin, Trevor",694680,2026,12.3,9.6,".361",9.1,"93.7484",25,43.8,20.9,67.1,"93"
"Gibson, Trey",694346,2026,20,14.6,".410",8.5,"95.275285508",27.5,40.2,21.5,58.4,"93.9"
"Saucedo, Tayler",642048,2026,29.9,8,".299",5.9,"93.4927932",33.7,37,37.2,66.7,"92.5"
"VanWey, Logan",701121,2026,19.6,2.2,".308",5.6,"95.399543143",30.2,48.5,23.8,65.2,"92.7"
"Heuer, Codi",676051,2026,13,10.9,".329",2.9,"95.215088824",26.9,40.7,25.3,58.7,"95.4"
"O'Brien, Riley",676617,2026,23.2,10.5,".393",7.6,"94.684393593",29.2,38.5,26.8,65.1,"97.7"
"Melton, Troy",675512,2026,20,7.9,".335",6,"93.751201429",31.6,41.8,23.4,60.4,"94.8"
"Gaddis, Hunter",683769,2026,22.2,8.6,".357",7.5,"92.352765294",33.5,40.9,29.5,64.6,"95.1"
"Senga, Kodai",673540,2026,26.5,14.5,".415",13.5,"94.234641063",25.9,40,29.1,55.1,"94.6"
"Keller, Brad",641745,2026,23.7,9.6,".316",4.6,"92.65674069",28,37.1,22.5,59.3,"96.9"
"Jansen, Kenley",445276,2026,28.3,12.8,".346",9.5,"93.927649118",30.1,44.7,26.6,62,"92.6"
"Fermin, José",820862,2026,26.1,10.5,".397",7.5,"94.298914041",32.1,43.1,29.8,57.4,"96.4"
"Rocker, Kumar",677958,2026,21.4,9.5,".371",7.5,"94.358751777",31.4,39.8,26.1,56.6,"93.4"
"Sandlin, David",689818,2026,24,7.8,".368",8.8,"93.311753451",29.9,40.3,24.5,59.9,"94.7"
"Johnson, Seth",686751,2026,25.3,12.7,".385",11.6,"94.267569362",29.2,42.5,27.8,58.9,"97.4"
"Franco, Jose",683742,2026,16.3,16.3,".347",10,"93.386985833",23.3,35.3,20.6,53.3,"95.1"
"Lambert, Peter",663567,2026,23.2,8.9,".336",6.8,"93.498135893",31,42.2,25.4,64.2,"93.4"
"Gómez, Yoendrys",672782,2026,21.9,13.1,".405",8.4,"93.899877326",27,39.2,26.2,59.2,"94.8"
"Borucki, Ryan",621366,2026,14.4,8.7,".319",5.1,"93.865849231",30.8,40.3,28.2,59.2,"93.2"
"Singer, Brady",663903,2026,17.4,8.6,".408",10.8,"94.981323386",27,42.5,23.9,58.3,"90.7"
"Headrick, Brent",687396,2026,30.1,8.3,".350",4.5,"93.769256218",33.8,42.4,31.8,64.4,"94"
"Detmers, Reid",672282,2026,28.5,6.5,".359",7.8,"94.207967559",32.8,42.5,29.1,65.3,"94"
"Ritchie, JR",702275,2026,20.9,13.2,".376",9.6,"94.20390568",26,41.9,22.4,56,"93.4"
"Dobbins, Hunter",690928,2026,22.5,10.4,".344",7.2,"93.898949013",26.6,40.1,23.1,60.2,"94.6"
"Hentges, Sam",656529,2026,23.7,14.5,".319",3.9,"92.6503016",24.8,41.2,27.2,58.7,"94.3"
"Scott, Christian",681035,2026,28.3,9.9,".357",6.3,"93.111514714",29.8,42.1,27,61.4,"93.8"
"Matsui, Yuki",673513,2026,26.2,13.8,".291",7.2,"92.645001554",31.6,38.7,33.1,63.4,"91.9"
"Law, Derek",571882,2026,14.7,5.9,".394",3.8,"93.815920385",30.2,39.4,20.6,47.1,"91.2"
"Alexander, Tyler",641302,2026,19.2,7.7,".308",4,"93.025949865",30.6,43.5,20.9,67,"90.4"
"Buehler, Walker",621111,2026,20.1,8.8,".356",8.4,"94.111974602",27,42.4,19.5,65.6,"92.7"
"Skenes, Paul",694973,2026,28.1,6.9,".349",7.3,"93.834466757",32.3,43.1,28.2,61.9,"96.8"
"Raley, Brooks",548384,2026,22.8,8.9,".353",6.7,"93.445607203",31,38.5,23.4,63.2,"88.2"
"Cole, Gerrit",543037,2026,25.2,4.8,".379",9,"94.50239887",29.1,43.7,21.3,69,"96.7"
"Lavender, Nate",681320,2026,32.9,5.1,".311",8.2,"92.986921633",29.5,42.2,26.6,60.8,"92.4"
"Englert, Mason",669438,2026,21.2,5,".464",16.3,"94.382689291",37.1,44.7,24.2,69.5,"90.9"
"Javier, Cristian",664299,2026,21.4,10.1,".380",9.1,"93.749699516",33.9,42.5,29,63.8,"92.6"
"Devenski, Chris",606965,2026,13.2,2.6,".363",9.7,"95.328017742",36.5,40.3,17.6,60.5,"92.3"
"Zuber, Tyler",676604,2026,24,6.3,".363",6.7,"94.65624839",29.4,41.8,22.9,68.6,"95.3"
"Palmquist, Carson",687223,2026,19.2,10.3,".356",3.8,"91.862239184",34.3,43.1,22.5,62.8,"89.3"
"Hancock, Emerson",676106,2026,22.3,5.7,".368",8.8,"94.375884623",28.5,42,23.7,65,"93.7"
"Jones, Jared",683003,2026,29.6,7.5,".352",7.4,"93.99720063",32.8,40.8,32.6,57.8,"98.2"
"Beeks, Jalen",656222,2026,18.6,7.1,".427",10.7,"95.425185375",28.4,43.7,23.4,61.6,"91.6"
"Kilian, Caleb",668873,2026,26.8,10.5,".354",8.6,"93.499167317",32.7,41,27.9,63.3,"96.6"
"Ross, Joe",605452,2026,12.3,10.5,".411",11.4,"93.411029318",33.6,42.4,30,57.9,"95.4"
"Manaea, Sean",640455,2026,22.1,6.7,".390",11,"94.726521199",31.1,42.7,22.2,59.4,"90.2"
"Clarke, Taylor",664199,2026,15.6,4.9,".360",8.9,"93.585851216",31.3,42,22.7,63.3,"94.8"
"Duarte, Daniel",650960,2026,26.8,6.3,".323",6.8,"92.489769589",39.2,44.3,22.5,67,"91.9"
"Baz, Shane",669358,2026,20,8.2,".360",6.8,"94.335776691",29.9,41.6,21.5,62,"94.1"
"Paez, Jedixson",699151,2026,14,8.8,".462",15.9,"95.762905",29.8,40.6,21.7,54.4,"90.9"
"Akin, Keegan",669211,2026,14.9,7.9,".315",5.8,"92.532357381",28,45.4,19.3,66.7,"93.7"
"Dallas, Chad",689149,2026,26.6,12.5,".331",5.1,"93.825042051",35.2,37.3,28.1,50,"93.1"
"Hopkins, Brody",811315,2026,29.2,25,".208",0,"91.941385455",15.4,41.7,27,70.8,"99.4"
"Petersen, Michael",656848,2026,30.1,10.8,".355",12.3,"94.72682474",33.8,39.8,30.1,62.2,"98"
"Seymour, Carson",693313,2026,16.4,11.4,".412",9,"94.015876327",25.9,35.7,23.8,52.5,"96.1"
"Schreiber, John",670167,2026,16.3,10.6,".328",5.1,"93.8817088",28,39.3,20.9,59.7,"92.8"
"Barnes, Charlie",656212,2026,9.5,11.1,".404",8.2,"96.113630816",26.5,42.3,15.1,60.3,"89.3"
"Cabrera, Jose",703615,2026,15.5,8.5,".367",9.5,"94.193622353",26.5,35.6,19,61.2,"92.3"
"Uribe, Abner",682842,2026,26.5,8.1,".315",2,"93.478825705",26.8,40,26.8,58.4,"98.8"
"Rolison, Ryan",669020,2026,21.5,10.9,".350",7,"93.505629412",26.5,43.3,19.7,58.4,"94.8"
"Mikolas, Miles",571945,2026,11.6,4.6,".383",9.2,"95.003337482",28.4,42.6,14.5,65.3,"93"
"Alcantara, Sandy",645261,2026,17.1,6.6,".329",5.5,"93.732935068",31.1,43.9,21.1,63.4,"95.5"
"Trivino III, Lou",642152,2026,19.4,19.4,".298",4.8,"93.038717143",26.1,36.1,31.7,50,"93.5"
"Peralta, Wandy",593974,2026,15.6,7.2,".347",4.5,"93.573145063",33.2,41,22.3,63.4,"96.1"
"Roycroft, Chris",688297,2026,15.3,11.1,".400",9.6,"95.271176718",25,43,17.3,63.5,"94.6"
"Matthews, Zebby",805673,2026,21.3,7.2,".375",10.6,"94.781309269",28.2,41.5,22.7,65.7,"94.2"
"Klein, John",804619,2026,20,17.1,".334",9.1,"93.027508182",26.8,44.6,17.4,57.1,"93.4"
"Strzelecki, Peter",657265,2026,13.1,9.8,".273",4.4,"93.894146364",24.3,42.6,17,52.5,"92.3"
"Dobnak, Randy",677976,2026,15.3,8.1,".359",4.6,"94.63596865",29.4,44.1,19.1,59.2,"91.6"
"Ullola, Miguel",699044,2026,25.8,8.1,".262",10.3,"92.616739744",29.8,40.7,27.4,59.7,"94.2"
"Slaten, Justin",686580,2026,28.5,5.8,".345",4.4,"93.940124253",33.3,42.9,25.2,62.8,"95.2"
"Mejia, Juan",675848,2026,20.4,12.4,".366",3.8,"94.307856",30.2,39.5,23.7,57.8,"96.8"
"Bello, Brayan",678394,2026,18.3,7.2,".381",7.3,"94.579724211",32.6,43.3,24.8,63.7,"93.6"
"Morejon, Adrian",670970,2026,30.4,8,".300",2.8,"93.323366588",38.6,40.1,34.2,66.6,"99.4"
"Williams, Trevor",592866,2026,28.3,8.3,".376",6.8,"93.495855946",31,45.7,27.9,58.3,"89.4"
"Ginkel, Kevin",656464,2026,26.2,6.2,".366",9.2,"94.082514088",36.1,42.2,29.5,63.9,"95.7"
"Rojas, Kendry",696070,2026,26.2,16.9,".293",6.8,"93.244567571",26.3,40.5,28.1,64.6,"95.7"
"Hicks, Jordan",663855,2026,29.6,15.3,".294",1.7,"93.498076",30,38.4,28.2,67.8,"99.2"
"Morris, Andrew",702193,2026,21.5,8.4,".323",4.5,"93.290280818",28.1,43.9,23,66.2,"95.6"
"Martin, Davis",663436,2026,19.8,7.5,".374",6.5,"94.916930606",31.8,40.1,23.4,57.1,"92.6"
"Quantrill, Cal",615698,2026,18.3,5.6,".341",7.3,"93.727857073",30.1,42.4,19.6,62.7,"92.4"
"Thompson, Ryan",657044,2026,15.6,7,".339",4.3,"93.778151957",35.9,45.9,19.2,66.1,"89.5"
"Harrison, Kyle",690986,2026,27.9,7.1,".392",8.1,"94.027615868",32.4,42.9,27.9,64,"94.8"
"Estrada, Lazaro",681751,2026,15.8,17.5,".315",8.1,"93.975474286",28.2,34.2,23.8,57.1,"90.5"
"Wilkinson, Matt",683363,2026,18.2,4.5,".311",7.1,"93.90163881",25.7,46.8,18.5,59.1,"89.8"
"Ray, Robbie",592662,2026,19.9,12,".368",8,"93.988523369",28.2,38.4,24.6,58.7,"93"
"Rashi, Taylor",688497,2026,19.2,11.5,".402",5.6,"94.579956111",32.5,42,33.3,73.1,"90.1"
"Carrillo, Gerardo",672629,2026,25.9,19.8,".296",7.1,"92.721842857",23.3,40.5,28.8,48.8,"95"
"Marte, Yunior",805074,2026,14.6,9.7,".386",11.5,"95.190047403",25.4,38.8,20.1,53.4,"93"
"Scholtens, Jesse",669947,2026,17.7,7.2,".390",10.4,"93.582087434",31.4,42.8,20.1,68.9,"92.6"
"Leahy, Kyle",681517,2026,22.1,6.9,".403",9.8,"95.319318313",27.2,41.2,22.7,62.2,"94.2"
"Cano, Yennier",666974,2026,22.2,5.9,".329",5.8,"94.259977914",30.2,44.1,25.7,60.6,"94.8"
"Vásquez, Randy",681190,2026,14.8,6.3,".393",9.6,"94.789382286",28.3,42.4,19.1,65.6,"93.7"
"Shugart, Chase",663767,2026,26.5,9,".361",10,"93.222298643",25.7,40.9,23.4,58.7,"93.6"
"Yesavage, Trey",702056,2026,24.2,11.7,".312",6.7,"93.36483316",30,38.7,30.2,59.6,"94.2"
"Waldron, Matt",663362,2026,17,5.7,".321",5.4,"93.241847431",31.5,44.9,17.8,63.4,"90.3"
"Cavalli, Cade",676917,2026,28.3,6.8,".371",7,"94.2981775",32.1,40,27.4,62.2,"96.3"
"Orze, Eric",679358,2026,19,11.1,".337",7,"93.146678976",28.2,39.4,21.8,57.2,"92.8"
"Harris, Trent",805345,2026,28.7,7.4,".297",1.7,"92.025286",29.9,46.7,23.4,59.6,"94"
"Stewart, Brock",592779,2026,24.3,9.7,".286",4.4,"92.388121765",34.8,40.8,28.2,60.8,"95"
"Urquidy, José",664353,2026,18.3,4.3,".324",5.6,"93.448633548",32.4,47.9,22,66.5,"92.6"
"Sale, Chris",519242,2026,30.9,4.8,".349",6.2,"93.43608195",36.5,44.1,30.4,65,"96"
"Samaniego, Tyler",701719,2026,18.9,8.9,".362",3.2,"94.453521034",25.6,42.4,21.6,63.3,"92.8"
"Scott, Tanner",656945,2026,32.7,6,".383",6.5,"93.6064356",40.7,43.6,35.5,74.5,"96.9"
"Walker, Josh",677020,2026,23,9.5,".285",3.6,"92.92126963",29.4,38.8,21.6,62.1,"92.8"
"Anderson, Grant",681982,2026,22.1,9.8,".307",7.5,"93.441895605",29.1,42.2,25.4,57.5,"93.3"
"Kikuchi, Yusei",579328,2026,22,9.8,".384",8.3,"95.386079706",26.5,42.2,23.5,64.6,"94.8"
"Gonzales, Marco",594835,2026,10.3,13.8,".245",4.5,"91.4655",32.3,42.4,17.3,69,"89.1"
"Castro, Kervin",665645,2026,34.8,8.7,".308",0,"95.867182308",33.3,42.6,25,60.9,"93.5"
"Bernardino, Brennan",657514,2026,18.4,5.6,".334",5.6,"92.822812789",25.4,40.4,22.2,59.4,"89.5"
"Hall, DL",669084,2026,26.6,14.5,".309",6.5,"93.283887687",26,38.6,28,61,"95.3"
"Avila, Luinder",679883,2026,19.7,13.6,".363",5.9,"93.52563355",26.9,40.2,23.9,56.3,"96.3"
"Bachar, Lake",669199,2026,26,10.1,".328",7.6,"93.574848318",28.6,38.5,30.2,60.6,"94.3"
"Jump, Gage",695611,2026,24.7,10.5,".392",6.8,"94.427945055",30.4,40.5,25.2,60.9,"96.1"
"Whisenhunt, Carson",687931,2026,15.9,12.8,".387",7.8,"95.059663739",31.4,41,28.2,64,"92.8"
"Kolek, Stephen",663568,2026,15.2,5.4,".330",6.9,"93.867281676",26.7,45.5,19.8,57.1,"93.3"
"Beck, Tristan",663941,2026,10.8,6,".329",8.8,"93.463736269",27.8,41.5,18.2,54.2,"94.8"
"Milner, Hoby",571948,2026,14.1,5.6,".374",5.8,"93.847236",29.2,43.9,19,65.9,"86.9"
"Wicks, Jordan",696136,2026,16,4,".359",7.7,"94.256597949",29.3,44.4,23.9,66,"93.1"
"Kinley, Tyler",641755,2026,20.7,11.2,".311",6.5,"92.373871776",27.2,42.2,27.1,56.1,"94.4"
"Sulser, Cole",642121,2026,23.7,7.2,".403",11.8,"94.345345975",35.5,37.3,27.1,62.8,"91.2"
"Fairbanks, Pete",664126,2026,31.1,11.5,".417",11.9,"95.039719697",31.1,40.3,31.9,66.7,"94.8"
"Nelson, Ryne",669194,2026,17.6,6.4,".396",10.1,"94.762995884",33.7,42.9,21.3,64.7,"95.9"
"Greene, Hunter",668881,2026,27.3,7.4,".419",5.1,"94.803173333",32,39.9,27.2,62,"98.3"
"Thornton, Zac",804267,2026,18.7,5.3,".374",9.5,"94.26501288",32.7,41.1,17.8,65.6,"90.5"
"Martin, Chris",455119,2026,13.6,3,".459",11.1,"95.450445926",32.2,38.3,15.9,69.7,"92.8"
"Junk, Janson",676083,2026,17,6.3,".349",7.3,"94.335657763",28.2,43.2,15.9,62.7,"94"
"Perdomo, Cesar",702885,2026,13.5,6.7,".347",7.2,"94.022218642",27.9,40.5,19.9,60.6,"93"
"Kelly, Zack",677161,2026,19.7,9.9,".421",8.2,"94.175049574",28,46.6,21.1,45.1,"92.8"
"Sommers, Drew",805427,2026,36.7,8.3,".310",3.3,"92.693397907",35.6,42.8,31.1,68.9,"95"
"Yarbrough, Ryan",642232,2026,18.3,8.6,".302",3.6,"91.67577828",28,45.1,25,60.8,"86"
"Rodríguez, Manuel",655889,2026,28.6,22.9,".397",6.3,"94.215677333",29.1,38.4,25,52.9,"96"
"Winn, Cole",668390,2026,22.8,7.4,".410",6.8,"94.554598288",35.9,42.9,27.7,60.9,"93.4"
"Junis, Jakob",596001,2026,16.2,7.7,".349",3.5,"93.28685659",29.1,42.1,18.3,62.1,"92.2"
"Williams, Gavin",668909,2026,33.2,8.2,".413",11.4,"94.995264941",33.6,40,32.8,63.1,"96.8"
"Bellozo, Valente",678368,2026,16.7,14.6,".554",15.6,"96.118864839",21.6,33.5,29.5,54.3,"88.2"
"Wilson, Bryse",669060,2026,20.5,2,".393",4.4,"95.212694196",31.6,44.4,18.1,68.2,"90.7"
"Sullivan, Sean",807743,2026,14,9.6,".338",9.5,"93.572283133",28.1,45.4,16.2,58.8,"86.4"
"Roa, Christian",685005,2026,14,16.3,".399",7.4,"96.231188889",19.4,39.9,24.7,48.8,"95.9"
"Mederos, Victor",682989,2026,23,9.5,".314",3.1,"93.352539684",33.9,35.7,30,57.4,"94.2"
"Bednar, David",670280,2026,27.1,7.1,".325",4.9,"93.295998994",38.4,43,30.8,62.7,"96.1"
"Martinez, Nick",607259,2026,15.1,3.6,".345",6.8,"93.176832266",32.1,45.9,17.4,65.4,"91.4"
"De los Santos, Yerry",660787,2026,18.1,8.5,".380",7.2,"94.989843134",22,36.9,16,69.9,"95.2"
"Davis, Tyler",699823,2026,21.1,12.5,".310",5.9,"94.063795176",34.6,42.2,22.7,68.3,"96.3"
"Gray, Peyton",682608,2026,24.1,6.8,".357",7.2,"93.157421768",33,42.1,25.4,63.3,"93.1"
"Smith, Dylan",681916,2026,25.4,12.4,".358",6.5,"94.587806154",27.3,40.8,25.1,56.3,"95.6"
"Williams, Devin",642207,2026,28.3,11.4,".334",4.5,"92.785165648",38.6,42.7,34.4,60.7,"93.7"
"Hoppe, Alex",695380,2026,24.5,10.4,".361",4.1,"94.310762893",26.7,37.2,25.9,60.5,"98.4"
"Enns, Dietrich",608650,2026,18.6,15.7,".290",6.5,"94.5765975",26.3,36.4,23.1,62.9,"92.6"
"Imai, Tatsuya",837227,2026,28.7,15.1,".389",9.1,"94.37402125",28.1,40.7,32.7,53,"94.8"
"Adam, Jason",592094,2026,15.5,7,".312",7.5,"93.431740849",34.4,37.6,28.5,61.3,"93.5"
"Yoho, Craig",684974,2026,25,11,".369",9,"92.988084388",31.9,40.5,28.4,64,"93.4"
"Vodnik, Victor",680767,2026,16.5,12.4,".313",4.3,"94.210686209",26.4,39.3,25.2,55.8,"98.4"
"Kimbrel, Craig",518886,2026,20.4,11.2,".344",5.3,"93.830723178",28.7,41,23.1,55.7,"93.6"
"Suarez, Robert",663158,2026,20,4.6,".333",3.1,"92.706857579",38.4,44.4,23.1,65.4,"98.1"
"Dotel, Wilber",696062,2026,22.5,8.8,".353",4,"94.66631626",28.1,41.4,24.8,60.2,"96.3"
"Sandoval, Patrick",663776,2026,22.7,10,".393",6.5,"93.427408995",28.4,41.4,25.3,56.4,"93.6"
"Ginn, J.T.",669372,2026,20.9,9.8,".344",6.1,"93.593564416",29.6,40.9,26.7,55.2,"92.6"
"Spence, Mitch",687765,2026,10.7,16.1,".339",2.4,"94.568340732",27.7,41.5,20,58.9,"92.1"
"Holmes, Grant",656550,2026,17.9,9.7,".378",8.9,"94.933788534",31.8,40.6,27.3,59,"93.6"
"Waldrep, Hurston",694462,2026,16.1,17.9,".334",8.6,"94.318526571",21.1,37.7,23.3,60.7,"93.4"
"Soriano, José",667755,2026,22.7,9.8,".372",7.5,"93.998668316",32.8,44,28.6,59.2,"96.6"
"Mize, Casey",663554,2026,20,6.9,".346",8.3,"94.10273368",29.4,41.9,23.2,65.2,"93.3"
"Kittredge, Andrew",552640,2026,18.6,5.6,".360",6.1,"93.889976478",40.4,40.5,23.1,68.1,"94.8"
"Johnson, Ryan",696270,2026,18.1,9.8,".365",9.4,"93.422879023",28.4,41.8,23.1,62.2,"90.5"
"Weissert, Greg",669711,2026,23.5,7.8,".345",5.3,"92.73874426",32.7,43.3,23.7,68.5,"94"
"Parker, Mitchell",680730,2026,19.1,7.3,".399",8.5,"95.129785333",32,43.7,28.1,59,"93.6"
"Tong, Jonah",804636,2026,25.4,10.4,".304",6,"94.042658875",31.1,44,30.2,56,"93.7"
"Wrobleski, Justin",680736,2026,20.4,5.4,".385",9.4,"94.628612458",32,42.2,20.7,65.5,"94.5"
"Vest, Will",676684,2026,23.3,8.6,".354",5.3,"93.968132",33.5,39.7,27.5,70.7,"95.7"
"King, Bryan",687911,2026,18.3,8.3,".338",5.1,"93.345267409",30.8,45.3,18.3,62.3,"91.9"
"Bird, Jake",656234,2026,23.8,7.6,".371",8.8,"93.71227885",23.9,43.2,27.1,58.7,"94.3"
"Vesia, Alex",681911,2026,31.2,13.5,".300",6.1,"92.757592977",31.9,39.2,33.6,62,"92.1"
"Boyd, Matthew",571510,2026,18.5,7.5,".368",7.7,"93.9352125",32.1,43,22.3,66.9,"92.8"
"Roupp, Landen",694738,2026,21.8,11.4,".329",5.1,"92.694203207",30.2,45.1,24.4,57.5,"92.3"
"Estes, Joey",683155,2026,14.7,5.9,".447",14.8,"93.888562963",28.1,38.4,24.6,70.6,"91.2"
"Zeferjahn, Ryan",666171,2026,31,12.9,".318",5.7,"93.477205696",26.8,38.9,32,57.7,"97.1"
"Kerry, Brett",695049,2026,22.2,3.7,".329",5,"94.504978",34.5,39.6,26.7,66.7,"91.6"
"Burke, Brock",656271,2026,23.6,12.7,".330",7.9,"93.366755508",28.2,40.6,28.7,63.3,"95.5"
"May, Dustin",669160,2026,23.2,8.1,".379",7.8,"94.649461397",30.3,42.8,23,61,"95.6"
"Curry, Xzavion",675540,2026,16,9.6,".363",13,"94.582842319",24.9,43.7,17.6,52.1,"90.5"
"Snelling, Robby",702281,2026,9.1,18.2,".336",6.3,"95.067349286",31.1,41.9,28.6,72.7,"94.9"
"Drake, Kohl",684442,2026,17.9,7.4,".468",16.4,"95.518452615",24.5,39.8,22,64.2,"90.4"
"Maxwell, Zach",687209,2026,17.9,14.9,".391",11.4,"94.337208864",22.9,45,16.4,62.7,"97.3"
"Strider, Spencer",675911,2026,27.9,12.1,".339",11.2,"93.837080619",28.7,40.2,30.7,58.8,"95.1"
"Gibson, Cade",806188,2026,19.9,9.5,".300",3.3,"93.068793581",31.7,42.4,22.1,64.1,"92.1"
"Sandlin, Nick",680704,2026,15,12.5,".361",7.7,"93.321805769",19.1,38.9,31.1,45,"91.4"
"Hanifee, Brenan",669724,2026,10.8,7.5,".388",8.1,"94.960762222",22.5,39.9,14.4,64.1,"95.2"
"Montgomery, Mason",682254,2026,37.8,9.4,".346",6.2,"94.686447014",32.6,39.4,32.5,60.9,"98.6"
"Bachman, Sam",696147,2026,22.6,13.4,".329",8.3,"93.24215771",31.4,41.3,33.3,61.6,"98.6"
"Rodriguez, Bradgley",699134,2026,26.9,6.6,".293",4.5,"92.978718367",34.8,45.8,30.1,61.5,"98"
"Martin, Riley",702303,2026,31.3,9.4,".315",5.3,"94.396053889",20.5,41.5,20.3,75,"94.5"
"Gil, Luis",661563,2026,13.7,14.5,".347",7.1,"95.513872771",24.4,42.5,19.7,62.9,"95.2"
"Mears, Nick",683232,2026,18.1,13.3,".428",12.5,"95.619898929",29.2,39.9,18.7,53,"94.5"
"Garcia, Julian",670062,2026,22.9,10.6,".286",4.3,"92.79282188",29.9,42.3,27.7,60.3,"92.4"
"Lawrence, Justin",664875,2026,24.3,15.8,".437",10,"94.919665152",24,33.3,26.3,58,"95.6"
"Gilbert, Tyler",656457,2026,12.5,12.5,".484",12.5,"96.946011667",23.1,41,20,68.8,"89.4"
"Soroka, Michael",647336,2026,24.1,6.1,".379",8,"93.331667969",34.1,42,23,62.4,"92.5"
"Rivera, Eduardo",700842,2026,22.7,13.6,".316",3.6,"95.384818929",28.1,40,25,50,"95.3"
"Kranick, Max",668820,2026,11.7,13.8,".361",5.8,"93.297253582",30.2,35.6,23.3,63.8,"95.4"
"Coulombe, Danny",543056,2026,10.4,15.6,".280",1.4,"91.666853478",25.5,37.3,17.1,57.3,"87.6"
"Basso, Brady",669620,2026,15.5,5,".345",5.1,"94.131882436",32.6,43.5,20.2,60.6,"91.9"
"Sousa, Bennett",656986,2026,22.7,12.8,".347",9.9,"93.588781667",34,41.3,31,65.2,"93.8"
"Olds, Wyatt",681544,2026,29.4,11.8,".330",7.9,"93.269193158",29.4,47.2,33.1,51.5,"95.1"
"Raya, Marco",694397,2026,16,12,".357",5.6,"92.746235",30.5,42,26.2,52,"94.4"
"Way, Beck",694360,2026,20,9.5,".385",6.8,"94.947046575",30,43.7,25.9,61,"94.1"
"Curvelo, Luis",681168,2026,11.1,11.1,".413",9.5,"95.344187143",26,47.1,21.8,62.3,"95.2"
"Helsley, Ryan",664854,2026,30.9,13.2,".320",5.3,"94.720571622",29.8,33.7,37.9,56.7,"98.7"
"Bido, Osvaldo",674370,2026,13.6,12.3,".368",8.9,"94.242770536",31.9,39.7,23.4,67.9,"94.6"
"Bratt, Mitch",683352,2026,15.5,13.9,".304",6.6,"92.768892348",25.3,42.8,14.9,59.8,"90.9"
"Alvarado, Elvis",665660,2026,28.4,10.9,".406",13.1,"94.9608175",28.2,40.6,31.4,58.8,"98.5"
"Sasaki, Roki",808963,2026,23.6,9.2,".373",9.8,"94.430844694",33.3,39.9,29.7,60.9,"97.9"
"Barlow, Scott",605130,2026,19,13.1,".376",9.3,"93.335849794",31.5,39.6,33.1,54.3,"89.1"
"Jobe, Jackson",695549,2026,26.4,8.3,".363",9.1,"93.796381488",32.2,42.2,25.3,60.1,"96.8"
"Fluharty, Mason",689254,2026,24.7,10.6,".292",5.9,"92.710897515",34.5,42.6,28.7,63.6,"90.8"
"Bradish, Kyle",680694,2026,21.2,10.5,".366",8.5,"93.996358607",30.2,37.8,23.6,56.4,"94.6"
"Sewald, Paul",623149,2026,24.2,5.9,".382",13.4,"94.308157432",32.9,44.1,26.2,59.2,"91.3"
"Blubaugh, AJ",805123,2026,23.4,10.5,".365",10.3,"93.871060784",28.8,41.5,28.1,64.1,"95.3"
"Holderman, Colin",670059,2026,22.5,9,".327",7.8,"94.545200071",29.8,39.2,27,57,"96.7"
"Kelly, Merrill",518876,2026,16.1,9.9,".415",11,"94.587108094",35.1,44.5,21.6,61.9,"91.9"
"Hurter, Brant",676428,2026,16.8,10.5,".307",3,"93.181420909",27.6,42.4,20.8,59.9,"91.8"
"Waldichuk, Ken",686610,2026,20,12.5,".449",19.2,"94.638837391",24.7,38.9,27.4,60,"91.2"
"Hill, Jaden",677955,2026,22.1,12.7,".330",4.4,"93.75526708",27.9,41.2,29.3,57.5,"97.1"
"Fernandez, Ryan",681676,2026,28,11,".351",6.6,"93.819617377",30,40.1,33.5,57,"94.5"
"Hurt, Kyle",669165,2026,29.3,11.6,".370",7.8,"94.208150348",30.1,44.3,34.6,58.4,"96.6"
"Cerantola, Eric",672021,2026,25,39.3,".358",20,"94.518277",17.3,27,40.5,25,"92.9"
"Freeland, Kyle",607536,2026,17.6,4.7,".412",11.1,"95.282319222",33.9,42.1,22.2,65.9,"89.9"
"Gamboa, Alec",687941,2026,17.4,8.3,".283",3.1,"94.501330532",28.8,42.1,16.4,67.4,"95"
"Boyle, Joe",671212,2026,25.9,11.1,".366",4,"93.770476",27,40.6,24.2,55.6,"97.3"
"Allen, Logan",671106,2026,19.8,7.4,".350",8.9,"95.805486786",29.9,40.3,19.7,66.7,"88.4"
"Littell, Zack",641793,2026,13.5,7.2,".418",11.3,"94.935601948",30.3,42.8,16.2,64.4,"91.6"
"Mlodzinski, Carmen",669387,2026,18.1,8.2,".377",6.9,"94.880415452",28.7,42.4,20.9,62.4,"94.5"
"Ralston, Jack",667652,2026,24.7,11.7,".388",14.6,"94.306513913",19.2,43.7,17.6,51.9,"93.6"
"Silseth, Chase",681217,2026,27.3,12.9,".368",9.6,"93.417283506",30.3,41.5,32.8,62.9,"95.8"
"Phillips, Tyler",663969,2026,18.8,10.4,".363",8,"94.262393324",32.5,41.5,26.4,60.6,"95.6"
"Rodriguez, Carlos",692230,2026,19,9.5,".302",3.3,"91.243844667",27.8,35.2,26.4,73.8,"92.1"
"Irvin, Cole",608344,2026,16.7,10,".422",9.5,"96.2271275",30.8,41.2,18.2,70,"88.2"
"Sands, Cole",663485,2026,19.6,8.9,".416",10.3,"96.512770263",27.1,41.6,23.3,55.4,"91.2"
"Miller, Erik",669062,2026,32.6,15,".320",5.4,"92.650225849",27.2,39.2,35,52,"96.8"
"Sterner, Justin",686993,2026,21.7,7.1,".345",9.2,"94.78859648",33.9,42.8,29.9,62.8,"91.4"
"Zerpa, Angel",672582,2026,14.5,10.9,".442",7.3,"97.04415225",20.8,40.3,17.8,65.5,"95.6"
"Festa, Matt",670036,2026,23.9,7.3,".358",7.8,"93.829441204",31.3,39.8,27.6,55,"92.6"
"Kelly, Michael",547184,2026,18.8,18.8,".487",15,"95.454895",16,42.1,24.1,59.4,"95.8"
"Rodriguez, Eduardo",593958,2026,18.1,7.9,".355",7.6,"93.24426528",30.6,44.3,21.9,63.7,"91.3"
"Díaz, Edwin",621242,2026,29.2,11.5,".415",7.5,"94.774877547",29.9,41.8,24.9,60,"96.5"
"Karinchak, James",675916,2026,21.6,13.5,".268",8.3,"93.09376625",23,40.1,26.6,43.2,"95"
"Chandler, Bubba",696149,2026,20.8,11.9,".344",6.1,"93.95743175",28.1,42.9,22.2,59.9,"98.2"
"Grove, Michael",675627,2026,21.4,0,".538",18.2,"95.023928182",38.1,42.7,28.9,71.4,"92.7"
"Brown, Hunter",686613,2026,27.5,12.2,".320",6,"93.253422453",27.5,40.6,26.7,56.3,"96"
"Van Eyk, CJ",669310,2026,5.5,3.6,".393",12.5,"94.502705208",31.5,44.9,15.9,63.6,"90.9"
"Warren, Austin",681810,2026,25.5,11.1,".391",11.4,"94.370082519",25.9,37.9,27.3,55.6,"93.9"
"Fulton, Dax",690978,2026,23.8,12.3,".328",5.3,"94.292281974",27.8,42.2,26.8,62.3,"95"
"Beck, Brendan",694341,2026,22.4,13.8,".478",24.3,"96.471595676",26.1,40.2,35.5,65.5,"92.5"
"Tidwell, Blade",694918,2026,19.6,8.9,".342",10.5,"93.900451667",24.6,38,23.1,60,"94.4"
"Blalock, Bradley",687134,2026,25,8.3,".423",12.5,"94.972071563",30.6,46,20.2,66.7,"95.5"
"Verlander, Justin",434378,2026,17.9,7.7,".441",13.8,"95.503844828",33,45,18.6,61.5,"92.9"
"Kelly, Kevin",687330,2026,22.6,3.9,".351",6,"94.606937387",34.6,42,24,67.9,"91.5"
"Webb, Logan",657277,2026,20.1,6.1,".355",5.8,"93.920994968",32.9,44.3,21.5,62.3,"91.6"
"Bennett, Jake",687562,2026,20,4.6,".336",7.9,"94.122067576",37.4,44.1,23.7,64.4,"92.2"
"Pintaro, Jonathan",702752,2026,23.1,12.3,".348",6.3,"93.967919231",27.5,38.2,25.7,50,"92.8"
"Armstrong, Shawn",542888,2026,22.1,12.3,".345",7.1,"93.400017604",24.2,39,23.7,60.8,"92.4"
"Crow, Coleman",689441,2026,11.8,7.1,".358",7.4,"93.672238824",35.5,46.4,16.3,66.7,"89.3"
"Waguespack, Jacob",621097,2026,19.1,9.8,".281",4.7,"93.035393089",27.6,39.4,25.4,63.9,"90.3"
"Ober, Bailey",641927,2026,17.1,6.6,".371",9.9,"94.096311185",29.9,41.5,20.3,60.4,"88.1"
"Nardi, Andrew",677053,2026,27.3,11.1,".436",13.3,"95.192862373",29.5,42.6,30.4,68.7,"94.6"
"Weisenburger, Jack",674073,2026,28,8,".298",6.3,"93.226258387",35.5,42.9,26,66,"93.3"
"Kay, Anthony",641743,2026,18.2,7.9,".372",8.1,"94.225161921",33,41.1,23.4,60.3,"94.5"
"Brito, Jhony",666745,2026,17.1,2.9,".332",10.7,"92.8598825",40.6,43.1,27.8,71.4,"94.6"
"Morillo, Juan",666661,2026,28,8.7,".277",3.1,"92.9485095",35.9,39.3,29.4,63.5,"98.6"
"Doval, Camilo",666808,2026,24.2,12.1,".335",6.5,"94.84315006",29,44.6,28.5,58.3,"98.4"
"Dreyer, Jack",676263,2026,28,8.8,".370",7.5,"94.756477006",32.2,37.9,28,64.5,"94"
"Allard, Kolby",663465,2026,20,6.7,".463",15.6,"95.313818438",34.5,41.8,17.4,61.4,"87.4"
"Farris, Mitch",815083,2026,24.4,11.2,".405",9.2,"94.862754568",29,39.4,28.8,55.3,"90.9"
"Varland, Louis",686973,2026,31.6,7.5,".309",3.7,"93.486047268",36.6,41.1,29.4,69.3,"98.7"
"Fried, Max",608331,2026,24,7.6,".280",2.4,"92.608685451",30.2,43,25,57.4,"93.1"
"Muñoz, Andrés",662253,2026,37.1,10,".396",8.7,"94.883502258",37.1,37.9,39.6,62.9,"99.6"
"Walker, Taijuan",592836,2026,14.8,9.6,".452",12.9,"93.579713529",26.4,41,16.8,61.7,"89.8"
"Whitlock, Garrett",676477,2026,29.8,4.5,".335",3.8,"93.234516094",42.1,42.7,31.5,68.2,"94.9"
"Leiter Jr., Mark",643410,2026,26.4,7.6,".387",3.3,"92.833247802",33.8,39.2,30.3,66,"91.7"
"Kirby, George",669923,2026,20,6.3,".366",6.6,"94.141239424",34.3,43.2,22.5,66.5,"96.5"
"Hill, Tim",657612,2026,10.4,5.4,".331",6.6,"94.871825729",28.1,42.9,13.1,60,"88.4"
"Abreu, Bryan",650556,2026,29.9,15.3,".363",6.4,"94.178094015",27.6,40.7,33.8,55.2,"95.1"
"Lovelady, Richard",663992,2026,18,14,".385",6.3,"92.995488774",29.6,39.8,22.3,59.4,"91.2"
"Bradford, Cody",674003,2026,11.4,5.2,".369",10.1,"94.581961765",31.4,47,18.1,68.4,"88.6"
"Smith, Hagen",696146,2026,37.3,14.5,".295",1.9,"93.418211538",28.7,42.4,36.2,54.5,"92.2"
"Laweryson, Cody",689520,2026,23.1,10.3,".374",8.2,"95.198623673",27.5,45.9,20.3,64.1,"90.9"
"Chivilli, Angel",683409,2026,21.9,9.6,".346",6.3,"94.493778298",31.3,40,32.6,46.6,"98"
"Morris, Kade",695034,2026,11.2,7.9,".361",5.8,"94.993501029",30.9,41.9,18.2,52.8,"93.9"
"Weaver, Luke",596133,2026,27.3,6.7,".337",7.8,"93.351498013",34.8,42.4,30.3,65.4,"94.3"
"Pallante, Andre",669467,2026,16.2,7.4,".338",4.9,"93.517819921",26.4,40,21,62.2,"95.3"
"Ahlstrom, Robby",695239,2026,20.7,9.1,".365",7.2,"92.677934404",25.2,42,25.6,57.8,"94.4"
"Davitt, Duncan",701474,2026,13.5,10.8,".449",14.3,"95.047418929",26.9,48.8,20.7,52.8,"93"
"Cantillo, Joey",676282,2026,24.9,11.8,".350",7.5,"93.87355431",27.5,41.2,29.1,56.5,"91.2"
"Joyce, Ben",690829,2026,29.5,14.8,".357",9.1,"92.824502424",20.2,39.4,31.5,46.7,"99.4"
"Megill, Trevor",656730,2026,28.5,6.2,".327",6.4,"94.306671184",38.6,41.4,30.5,68.6,"97.9"
"Shook, TJ",669298,2026,19.4,5.6,".374",7.4,"94.191351481",31.9,41,21.9,61.1,"91.8"
"Rodriguez, Grayson",680570,2026,19.1,9.7,".406",8.7,"94.854158608",27.9,42.1,23.9,61.3,"96.1"
"Collyer, Gavin",686560,2026,20.4,16.8,".304",6.2,"93.036276615",22.9,40.2,25.5,50.9,"94"
"Kochanowicz, Jack",686799,2026,15.9,12.2,".373",7.4,"94.691266287",25.6,43.8,23.6,53.4,"95.9"
"Kempner, William",687531,2026,28,8,".369",3.3,"92.613606333",30,45.7,34.1,62,"93.8"