"last_name, first_name","player_id","year","k_percent","bb_percent","xwobacon","barrel_batted_rate","avg_hyper_speed","oz_swing_percent","edge_percent","whiff_percent","f_strike_percent","fastball_avg_speed"
"Dreyer, Jack",676263,2026,28.6,7.1,".328",5.7,"94.479262308",31.2,40.6,27.6,71.4,"93.2"
"Whitlock, Garrett",676477,2026,30.9,7.4,".415",8,"93.758576667",37.4,39.8,28.8,63,"94.6"
"Johnson, Pierce",572955,2026,22.5,9,".474",15.3,"93.909889138",31.7,37.2,24.4,60.7,"95"
"Gómez, Yoendrys",672782,2026,19.6,11.6,".402",12.3,"93.940855915",25.4,37.6,23,53.6,"93.8"
"Peralta, Freddy",642547,2026,24,10.3,".339",5.3,"93.59769375",29.3,37.3,27.3,63.1,"93.8"
"Hoffmann, Andrew",694851,2026,20.3,13.6,".356",8.1,"95.232855714",16.2,40.9,19.1,54.2,"94.5"
"Suter, Brent",608718,2026,21.4,11.6,".353",6.8,"93.421081408",34.1,38.5,24.6,66.7,"87.5"
"Romano, Jordan",605447,2026,28.6,14.3,".382",8.7,"94.539991739",30.7,36.5,32.5,64.3,"94.5"
"Senga, Kodai",673540,2026,23.7,13.4,".383",10,"93.934487119",26.3,40.1,29,52.6,"93.3"
"Rocker, Kumar",677958,2026,19.4,10.2,".371",7.4,"94.822446351",29.7,39.4,22.8,54.6,"93.7"
"Orze, Eric",679358,2026,20.4,12.6,".309",5.8,"93.311823768",31.3,38,25,58.4,"92.1"
"Morgan, Eli",669212,2026,15.8,10.5,".448",4.8,"94.22338122",30.5,39.1,19.8,63.2,"91.1"
"Kay, Anthony",641743,2026,16.5,9.7,".389",9.9,"94.940196352",32.5,41.8,20.6,60.6,"94.1"
"Newcomb, Sean",656794,2026,21.1,6.5,".348",4.7,"93.55452",27.9,46.6,23.5,62.3,"93.6"
"Zeferjahn, Ryan",666171,2026,27.8,13,".288",3.6,"93.115431786",23,37.4,29.5,52.8,"96.6"
"Bazardo, Eduard",660825,2026,22.2,9.1,".371",9,"94.681431538",30.7,48.6,23.6,65.3,"94.7"
"Weiss, Ryan",680802,2026,22.9,15.3,".441",11.1,"95.266850247",28.9,42.3,23.7,51.9,"94.7"
"Hoppe, Alex",695380,2026,22.6,9.4,".392",2.9,"94.780716",29.8,35.6,25.5,58.5,"97.4"
"Funderburk, Kody",681892,2026,14.3,18.6,".321",4.4,"93.050830714",18,38.7,17.5,48.6,"91.9"
"Samaniego, Tyler",701719,2026,18.1,9.7,".365",4,"94.322302826",24,43.8,19.3,68.1,"92.7"
"Payamps, Joel",606303,2026,25,11.1,".469",17.4,"94.354103913",25.6,42.4,22.9,63.9,"93.7"
"Adams, Travis",701519,2026,26.5,8.8,".287",9.1,"91.186838571",30.3,41.3,28.6,64.7,"92.6"
"Mahle, Tyler",641816,2026,23.6,9.2,".380",9.2,"93.893042867",27.8,47.6,21.1,54.1,"91.2"
"Ginn, J.T.",669372,2026,22.1,10.6,".339",6.3,"93.183943404",30.1,40.1,24.3,53.5,"93.6"
"Kremer, Dean",665152,2026,37.2,4.7,".495",16,"93.5105996",35.6,40.6,35.4,67.4,"92.5"
"Suarez, Ranger",624133,2026,22.9,7.4,".333",6.1,"93.526927692",31.7,45.4,21,62.8,"90.2"
"Lange, Alex",656638,2026,22.8,12.9,".381",15.9,"95.14524871",32,42.1,30.3,60.4,"94.3"
"Ryan, Joe",657746,2026,27.1,6.2,".334",10.2,"94.627129726",31.7,42.7,25.9,65.8,"92.9"
"Baker, Bryan",641329,2026,29.2,10.1,".320",7.4,"92.997340185",35.9,43.2,35,69.7,"96.9"
"France, J.P.",641585,2026,12.9,16.1,".419",14.3,"95.002808571",21.1,39.3,15.1,58.1,"89.9"
"Irvin, Jake",663623,2026,25.4,9.6,".421",12,"95.050745461",25,41.9,25.7,61.4,"91.7"
"Rodriguez, Bradgley",699134,2026,22.3,6.8,".244",1.4,"91.789475775",30.2,48.3,31.3,64.1,"96.1"
"Thielbar, Caleb",573204,2026,26.1,10.9,".307",7.1,"93.502182593",34,33.5,24.5,62.2,"93.5"
"Armstrong, Shawn",542888,2026,30.2,15.1,".421",10.7,"94.916526071",19,38.9,27.8,58.5,"92.4"
"Cavalli, Cade",676917,2026,25.1,7.8,".373",8.5,"94.565589804",30.7,39.1,24.6,61.3,"96.3"
"Banks, Tanner",621383,2026,23.2,10.1,".349",1.5,"93.220759531",35.1,41.8,24.1,65.3,"91.6"
"Fedde, Erick",607200,2026,14.3,9.2,".356",9.9,"94.063648148",24.1,43.2,15.9,61.3,"92"
"Muñoz, Andrés",662253,2026,38.1,8.3,".509",13.3,"95.702428636",40.1,38,43.3,61.9,"98.3"
"King, John",667463,2026,20.2,9.5,".273",5.4,"92.468693929",30.7,39.9,24.2,63.9,"90.8"
"Seymour, Ian",693855,2026,26.3,8.5,".388",10.5,"93.807266056",37.3,44.5,28.3,68.7,"90.7"
"Hoffman, Jeff",656546,2026,37,7.4,".395",7,"92.983970536",40,45.4,41.3,59.8,"96.7"
"Gonzalez, Domingo",682445,2026,20.8,12.5,".501",12.5,"96.129916875",22.5,41.1,21.3,66.7,"93"
"Martin, Chris",455119,2026,17.9,2.6,".514",10,"96.413319333",35,38.8,22.7,74.4,"93"
"Miles, Spencer",693686,2026,25,6.9,".345",3.8,"92.32352641",27.5,43.8,23.2,65.5,"96"
"Herget, Jimmy",623474,2026,24.3,5.7,".405",12.5,"95.467443191",32.6,35.9,29.5,65.7,"91.4"
"Soroka, Michael",647336,2026,24.5,6,".408",8.9,"93.674926923",33.9,42.8,23.7,63.5,"92.6"
"Petty, Chase",695534,2026,4.4,6.7,".406",7.7,"94.121293333",29,45.3,14.1,68.9,"96.4"
"Kerkering, Orion",689147,2026,22.2,8.6,".246",7.3,"91.406209623",32.9,41.3,23,64.2,"96.7"
"Uribe, Abner",682842,2026,25.3,9.3,".364",4.1,"93.295483061",24,42.4,22,58.7,"98.3"
"Graceffo, Gordon",700669,2026,11.7,10.7,".350",9,"94.799125641",23.1,41.6,13.9,60.8,"95.5"
"Chapman, Aroldis",547973,2026,33.8,10.3,".363",13.5,"95.944324722",31.9,42.9,33.1,70.6,"97.4"
"Schultz, Noah",702273,2026,19.6,13.1,".387",11.1,"93.84181434",23.9,41.9,21.6,58.9,"93.7"
"Kuhnel, Joel",669270,2026,15.5,6,".355",4.7,"93.936217656",31,40.8,25,58.3,"93.3"
"Javier, Cristian",664299,2026,8.3,18.8,".354",12.1,"95.015725625",22.1,40.9,22,62.5,"92.8"
"Waldichuk, Ken",686610,2026,20,12.5,".449",19.2,"94.638837391",24.7,38.9,27.4,60,"91.2"
"Yarbrough, Ryan",642232,2026,19.7,8.5,".275",2,"91.581531042",27.4,43.8,21.3,57.7,"86.2"
"Enns, Dietrich",608650,2026,18.6,15.7,".291",6.5,"94.5765975",26.3,36.4,23.1,62.9,"92.6"
"Liberatore, Matthew",669461,2026,21.4,8.9,".431",9.8,"95.189872035",28.1,42.7,23.4,62.9,"94.1"
"Bubic, Kris",663460,2026,24.6,12.6,".379",7.8,"94.143149606",28.6,41.7,26.1,57.5,"91.6"
"Williams, Devin",642207,2026,32.5,13,".378",9.5,"93.28207325",37.1,45.3,39.6,59.2,"93.5"
"Strider, Spencer",675911,2026,32.9,14.6,".303",9.3,"93.157374524",29.4,40.9,36.1,62.2,"95.2"
"Woods Richardson, Simeon",680573,2026,10.4,10.4,".379",9.1,"95.103727081",23,40.1,17.7,60.7,"92.6"
"Lugo, Seth",607625,2026,19.8,8.4,".413",10.7,"94.633030674",24.8,43.2,17.4,67.4,"91"
"Fernandez, Ryan",681676,2026,40.6,6.3,".408",5.9,"93.522145294",35.4,42.6,41.4,62.5,"94.4"
"Iglesias, Raisel",628452,2026,33.9,5.4,".275",0,"92.720843529",42.2,40.7,38.3,62.5,"94.5"
"Crow, Coleman",689441,2026,17.5,2.5,".326",6.5,"92.567342581",37.1,49,15.6,72.5,"89.5"
"Prielipp, Connor",687570,2026,24.4,9.8,".354",11.5,"94.014986623",31.2,38.2,23.3,65.9,"94.9"
"Pérez, Cionel",672335,2026,12.3,15.1,".468",15.1,"96.578201132",19.2,39,19.2,58.9,"95.9"
"Ashcraft, Graham",668933,2026,29.4,14.7,".341",7.3,"93.603063636",33.3,42.4,32.4,56.9,"98"
"Kittredge, Andrew",552640,2026,17.8,8.9,".331",6.1,"93.241287813",31.8,46.1,23.5,56.8,"94.6"
"Alvarado, José",621237,2026,26.7,8.9,".364",1.9,"93.428113529",37.9,42.6,32.7,56.8,"95.9"
"Legumina, Casey",668984,2026,16,6.4,".365",6,"93.430169242",29.6,41.3,21.3,66.7,"93.3"
"Smith, Burch",572143,2026,27.4,9.6,".352",4.4,"94.787385682",26.2,44.9,22.7,58.9,"91.8"
"Holmes, Grant",656550,2026,21.5,10.8,".365",9.3,"94.7146276",33.6,39.5,29,55.2,"94"
"Yesavage, Trey",702056,2026,27.3,7.8,".259",3.7,"92.814310125",33.7,34.9,31.3,56.3,"94.2"
"Jax, Griffin",643377,2026,20.5,12.8,".372",6.4,"94.197939467",32.3,38.6,29.8,66.4,"95.8"
"Henriquez, Edgardo",683618,2026,23.4,10.4,".257",2,"92.372703542",33.1,37,26.2,58.4,"99.6"
"Leiter Jr., Mark",643410,2026,23.8,6.9,".423",4.3,"93.136635797",35.5,41.3,27,65.3,"91.8"
"Feltner, Ryan",663372,2026,19.3,9.1,".454",15.9,"94.910235238",24.5,37.4,25.5,56.8,"94.7"
"Abbott, Andrew",671096,2026,15.4,10.5,".359",6.4,"93.928089357",26.7,41.8,21.1,58.7,"92.6"
"Collyer, Gavin",686560,2026,19.3,14,".232",0,"92.494045294",21.9,40.4,23.9,40.4,"93.7"
"Farris, Mitch",815083,2026,19.7,6.6,".399",7.1,"93.493314286",33.5,40.3,29.7,60.5,"90.6"
"Marinaccio, Ron",676760,2026,20.5,7.4,".363",6.8,"93.650562386",27.2,41.7,27.2,59,"91.5"
"Pagán, Emilio",641941,2026,17.7,9.7,".376",11.4,"95.369850455",30.1,38.4,25.4,64.5,"92.1"
"Smith, Cade",671922,2026,36.3,4.9,".364",8.3,"95.2153",31.8,38.7,37.1,58.8,"96.6"
"Morales, Luis",806960,2026,12.7,21.8,".482",14.3,"95.184186286",25.2,43.4,15.3,47.3,"96.2"
"Bennett, Jake",687562,2026,9.5,9.5,".369",5.9,"95.778220303",32.6,41.5,17,57.1,"91.5"
"Morillo, Juan",666661,2026,27.1,8.2,".261",5.8,"93.574555283",32.7,41.1,31,69.4,"98.7"
"Murray, Jayden",681151,2026,9.4,13.2,".323",7.3,"93.854722927",26.7,44.8,17.4,66,"94.6"
"Woo, Bryan",693433,2026,23,5.5,".339",7.2,"94.598271611",35.2,42,23.8,70.7,"95.5"
"Megill, Trevor",656730,2026,30.1,8.2,".368",6.8,"95.5193625",32.7,43.4,34.8,57.5,"97.4"
"Dollander, Chase",801403,2026,24.9,9.5,".358",9.9,"95.408276218",27.6,42.5,28,56.1,"98.6"
"Pfaadt, Brandon",694297,2026,17.5,9.7,".373",10,"94.285108273",32.1,42,23.8,66.2,"92.7"
"Early, Connelly",813349,2026,22.1,8.4,".393",13.2,"94.934250805",32.5,40.6,21.8,62.8,"93.2"
"Boyd, Matthew",571510,2026,31,6,".444",9.5,"95.821121905",37.7,45.8,31.2,66,"92.4"
"Mayza, Tim",641835,2026,24.5,6.9,".355",4.3,"94.309703188",26.2,46.5,24.4,68.3,"94.2"
"Gore, MacKenzie",669022,2026,26.6,11.2,".370",9.7,"94.995462098",30.7,41.2,25.3,58.4,"94.6"
"Lodolo, Nick",666157,2026,19.6,9.8,".428",15.5,"95.00209",32.7,42.5,25.1,59.8,"94.2"
"Speier, Gabe",642100,2026,21.4,8.9,".396",10.5,"93.839978649",35.3,33.6,23.9,70.9,"94.4"
"Kinley, Tyler",641755,2026,26,9.4,".324",6.7,"92.5455975",25,43.7,25.9,53.7,"94.5"
"Gray, Peyton",682608,2026,18.6,10,".361",8.2,"94.186967292",30.8,44.4,25.4,58.6,"92.1"
"Montero, Keider",672456,2026,16.3,7.1,".334",9.4,"94.321773878",22.2,42.1,17.1,65.3,"94.3"
"Márquez, Germán",608566,2026,14.8,9.4,".394",10.4,"94.690062421",24,40.3,19.5,65.6,"94.2"
"McLean, Nolan",690997,2026,29.6,7.5,".351",7.2,"93.775167763",27.2,40.6,25.3,61.7,"94.7"
"Mejia, Juan",675848,2026,25.4,13.2,".341",2.9,"94.369823382",34.4,42.7,31,57.1,"97.3"
"Gervase, Paul",801434,2026,23.8,9.5,".361",0,"93.973081429",33.3,47.9,33.3,57.1,"92.4"
"Montgomery, Mason",682254,2026,32.6,9.3,".421",10,"95.6503762",35.8,39.5,35.2,64,"98.4"
"Martin, Corbin",656686,2026,16,20,".400",12.5,"95.8569125",31.8,37.8,34,56,"94.9"
"Fisher, Braydon",680755,2026,27.4,10.6,".379",11.8,"93.866929706",32,45.7,28,61.1,"94.2"
"Urquidy, José",664353,2026,16.7,5.6,".355",7.4,"93.8934",43.3,42,27.4,72.2,"92.6"
"Anderson, Drew",623454,2026,29.2,11.8,".335",7.2,"94.360068902",32.1,39.7,30.4,62.5,"95.1"
"Melton, Troy",675512,2026,13.6,13.6,".380",6.3,"96.271844375",27.3,43,17.9,50,"95.7"
"Pallette, Peyton",688883,2026,22.7,16.5,".378",7.1,"94.720014821",21.5,41,28.4,50.5,"95.4"
"Tolle, Payton",801139,2026,27.9,6.4,".287",6.6,"93.722146364",32.2,38.2,26,62.9,"94.5"
"Wolfram, Grant",664991,2026,32.3,1.5,".405",7.5,"95.337476216",34.7,38.6,29.2,64.1,"95.6"
"McCullers Jr., Lance",621121,2026,25,12.8,".379",8.6,"95.581272762",27.3,38.9,27.8,55.2,"90.3"
"Gibson, Cade",806188,2026,23.1,11.5,".403",7.1,"94.737265714",35.3,44.9,17.3,61.5,"91.9"
"Phillips, Tyler",663969,2026,21.5,12.5,".302",6.4,"92.741339362",35.9,37.8,30.6,61.8,"96.2"
"Sasaki, Roki",808963,2026,21.3,8.9,".401",11.7,"94.715917333",31.1,38.3,28.1,59.4,"97"
"Milner, Hoby",571948,2026,10.9,6.5,".348",6.8,"93.375955479",27.5,46.5,14.9,65.2,"87"
"Walker, Ryan",676254,2026,19.2,13.7,".360",6.1,"92.111094255",24.2,43.1,16.4,66.7,"95.4"
"Clarke, Taylor",664199,2026,11.8,3.5,".280",5.7,"92.646335072",26.8,39,19.3,59.5,"94.5"
"Stanek, Ryne",592773,2026,27.7,17.8,".390",7.4,"95.894882407",28.4,37.1,36,60.4,"98"
"Sabrowski, Erik",681870,2026,47,15.7,".373",9.7,"94.702739355",29.1,36.6,36.1,53,"94.1"
"Sanders, Cam",676742,2026,25.9,18.5,".349",7.1,"93.616538462",30.2,37,34.6,48.1,"95.8"
"Wilcox, Cole",677961,2026,21.4,17.1,".464",12.5,"95.341749",32.9,39.3,30,63.8,"96.5"
"Bowlan, Jonathan",680742,2026,23.5,5.9,".317",4.2,"92.963337234",33.5,41.4,32.3,61.8,"97.2"
"Taylor, Grant",691799,2026,34.8,8,".341",6.3,"94.235363968",33.2,44.4,29.3,60.7,"98.4"
"Eisert, Brandon",685126,2026,20,14.3,".378",4.3,"95.756602857",29,40.4,26.9,48.6,"89.2"
"Taillon, Jameson",592791,2026,20.2,7.7,".417",14.5,"94.17876497",30.4,41,25.5,57.1,"89.7"
"Alcantara, Sandy",645261,2026,16.4,6.8,".317",5.4,"93.730465092",32.2,45.2,22.2,65.4,"96.2"
"Springs, Jeffrey",605488,2026,19.7,7.5,".349",9.3,"93.189697017",33.3,41,23.8,64.2,"91.2"
"Messick, Parker",800048,2026,28,7.6,".357",5,"93.307209873",33.5,41.2,27.8,60,"92.7"
"Blubaugh, AJ",805123,2026,17.3,15.1,".355",9.8,"93.663437386",25.6,37.5,28.3,57.6,"95"
"Luzardo, Jesús",666200,2026,27.7,6.5,".352",5.4,"92.427087561",35.1,40.5,32,58.1,"96.7"
"Miller, Erik",669062,2026,33.3,19,".308",6.7,"92.550658",21.5,38.4,33.9,41.3,"96.9"
"Davis, Tyler",699823,2026,23.2,14.3,".257",5.7,"93.962268",33.7,42.4,21.9,63,"96.1"
"Ramírez, Yohan",670990,2026,26.3,12.8,".355",6.7,"92.60411",34.5,39.2,28.8,53.5,"96.1"
"Abel, Mick",690953,2026,24.7,10.8,".415",5.3,"94.005191091",33.1,45.9,28.8,71,"94.7"
"Paddack, Chris",663978,2026,18.1,7.3,".367",7.9,"94.321494748",33.7,42.6,22.5,67.4,"91.2"
"Kimbrel, Craig",518886,2026,23.4,9.4,".404",4.7,"93.968897619",32.8,43.3,26.2,58.7,"93.6"
"Sulser, Cole",642121,2026,16.8,9.5,".356",10.1,"94.234636667",32.6,35.4,21.3,58.9,"90.8"
"Mlodzinski, Carmen",669387,2026,19.3,8.4,".387",7.1,"95.362410536",28,43.2,20.5,60.5,"94.6"
"Erceg, Lucas",668674,2026,19.4,14,".319",4.8,"94.259229508",26.7,40.8,20.7,58.1,"97"
"deGrom, Jacob",594798,2026,29.8,5.1,".426",12.1,"95.244487914",35.8,44.1,33.2,63.7,"97.1"
"Johnson, Ryan",696270,2026,10.6,14.9,".379",8.6,"95.073927429",26.7,41.8,23.1,63.8,"90.6"
"Martin, Riley",702303,2026,31.3,9.4,".315",5.3,"94.396053889",20.5,41.5,20.3,75,"94.5"
"Suárez, Albert",544150,2026,12.3,11.1,".354",8.1,"93.597275",23.7,43.7,21,64.2,"91"
"Leiter, Jack",683004,2026,25.2,9.7,".406",11.8,"94.379400526",29.8,45.2,27.3,57.6,"95.8"
"Gibson, Trey",694346,2026,12.9,9.7,".404",16.7,"96.665852083",36.5,42.7,14,48.4,"93.7"
"Mize, Casey",663554,2026,25.1,6.4,".315",6.9,"93.484078783",31.1,40.8,27.4,64.3,"93.2"
"Teng, Kai-Wei",678906,2026,24.8,10.3,".343",5.4,"94.328863846",26.4,40.4,24.6,59.3,"94"
"Pop, Zach",647315,2026,19.4,9.7,".334",4.8,"94.717864286",25,36.2,15.4,54.8,"96.1"
"Okert, Steven",595345,2026,22.6,8.6,".353",8.1,"92.082768689",28.6,46.2,29,54.8,"90.9"
"May, Dustin",669160,2026,18.3,7.4,".355",6.6,"95.025040606",30.1,43.2,19.4,57,"95.7"
"Weaver, Luke",596133,2026,25.3,8.8,".334",8.5,"92.837935517",33.2,46.1,26.4,64.8,"93.9"
"Sánchez, Cristopher",650911,2026,29.1,5.4,".354",8.3,"94.760831354",37,42.6,33.3,69.9,"94.9"
"Treinen, Blake",595014,2026,22.2,8.3,".480",16.7,"95.323895",33.3,42,26.2,60.6,"94.4"
"Williamson, Brandon",682227,2026,14.8,15.6,".391",10.5,"94.091964302",24.6,42.5,24.1,52.3,"90.7"
"Gallen, Zac",668678,2026,16.7,7.1,".385",9.4,"95.109351167",32.7,42.2,19.1,66.3,"93.3"
"Strahm, Matt",621381,2026,23.9,9.9,".298",4.3,"93.422961957",29.3,43.4,23.3,59.2,"90.6"
"De los Santos, Yerry",660787,2026,28.6,14.3,".318",0,"95.3294875",13.2,42.9,15.6,71.4,"95.8"
"Svanson, Matt",694335,2026,20.6,11.9,".478",7.1,"96.182259048",23.3,40.7,20.2,58.7,"94.9"
"Matsui, Yuki",673513,2026,28.3,15.2,".301",8,"91.422606522",30.2,41.7,44.3,60.9,"91.6"
"Baumler, Carter",691945,2026,22.2,22.2,".341",7.1,"95.045617143",28.4,35.9,30,59.3,"94.9"
"Santillan, Tony",663574,2026,23.9,12.5,".453",16.1,"95.127649286",26.1,43.5,22.4,62.5,"94.3"
"Sandlin, Nick",680704,2026,15,12.5,".361",7.7,"93.321805769",19.1,38.9,31.1,45,"91.4"
"Palencia, Daniel",694037,2026,26.2,9.5,".396",7.4,"92.983587407",33,46.3,35,61,"99.5"
"Woodruff, Brandon",605540,2026,20.7,5.8,".326",8,"93.478746552",33.8,39.5,22.8,66.9,"91.5"
"Civale, Aaron",650644,2026,15.9,6.9,".390",8.5,"94.819368342",29,44.9,18.7,66.3,"89.1"
"Fluharty, Mason",689254,2026,30.6,10.6,".271",6,"91.907463061",35.6,44.4,31,58.3,"90.9"
"Richards, Trevor",670950,2026,24.5,9.4,".322",5.7,"92.939561429",32.4,41.5,20.2,64.2,"92.2"
"Bradish, Kyle",680694,2026,24,11.8,".373",11.9,"94.152996899",30,38.1,25.8,52.4,"94.3"
"Murphy, Chris",669684,2026,18.8,15.6,".320",9.5,"93.4492165",23.6,41.3,31.4,50,"94.7"
"Giolito, Lucas",608337,2026,12.2,19.5,".242",0,"93.371684815",17,40.9,18.8,56.1,"90.4"
"Lorenzen, Michael",547179,2026,15.7,6.9,".418",9.6,"95.222467259",25.9,41,20.3,63.2,"92.9"
"Rodriguez, Eduardo",593958,2026,17.4,9.3,".355",7.2,"93.493378101",28,45.1,18.2,60.7,"91"
"Kent, Zak",687849,2026,15.9,11.4,".371",12.5,"94.844852188",29.5,37.1,23.5,52.3,"92.2"
"Schreiber, John",670167,2026,13.6,11.4,".393",6.3,"94.821569524",28.2,38.1,18.2,57,"91.6"
"Cleavinger, Garrett",664076,2026,31,14.3,".454",9.1,"95.117931429",40.2,45.6,24.7,66.7,"95.6"
"Banda, Anthony",607455,2026,19,8,".326",6,"94.117315077",28,35.7,26,57,"93.8"
"Ashcraft, Braxton",677952,2026,26.4,6.5,".328",5.6,"94.158129125",35.5,44.7,27.1,65.9,"96.9"
"Cantillo, Joey",676282,2026,21.9,11.6,".337",7.1,"93.940106821",28.5,41.8,28.3,54.1,"91.8"
"Lawrence, Justin",664875,2026,22.9,10.4,".422",10,"94.4400525",29.2,35.3,24.2,66.3,"95.6"
"Burke, Brock",656271,2026,22.5,14.4,".392",10.9,"93.284151746",26.1,42.1,29.4,52.3,"95.5"
"Winn, Cole",668390,2026,25.8,7.9,".432",5.2,"95.304788276",36.7,43.7,28.7,61.8,"93"
"Kikuchi, Yusei",579328,2026,23.2,9.9,".402",8.5,"95.256198936",27.4,42.7,25.9,62.7,"94.1"
"Brazobán, Huascar",623211,2026,18.6,9.8,".264",1.4,"91.793155571",32,40.3,26.4,66.3,"95.8"
"Headrick, Brent",687396,2026,25.7,8,".363",5.3,"94.493092676",32.5,40,29.7,54,"93.8"
"Nelson, Ryne",669194,2026,19.3,7.5,".384",10.3,"94.817892022",33.3,44.7,22.5,62.2,"95.8"
"Roupp, Landen",694738,2026,27.4,8.9,".334",2.6,"92.359209474",30,45.3,26.2,58.1,"92"
"Gordon, Colton",676467,2026,22,6,".513",11.4,"94.67184",32.5,43.6,17.2,55.1,"91.2"
"Garcia, Robert",676395,2026,17.6,20.6,".306",0,"93.610478571",18.7,39.2,30.6,52.9,"94.2"
"Sterner, Justin",686993,2026,24,6.7,".316",6.9,"95.11635",35.9,42.5,30,64.1,"91"
"Leasure, Jordan",673929,2026,24.3,10.8,".511",25,"95.661532083",34.7,39.6,27.1,61.6,"95.8"
"Raley, Brooks",548384,2026,27.4,10.7,".364",5.9,"93.401237708",28.8,41.4,26.4,63.9,"88.2"
"Chandler, Bubba",696149,2026,22.2,16,".358",9.3,"94.08998685",29.8,42.4,24.8,60.8,"98.5"
"Weathers, Ryan",677960,2026,28.3,7,".404",10.1,"94.725304422",31.1,43.9,26.3,63,"95"
"Rodriguez, Grayson",680570,2026,19.6,13,".501",12.9,"94.612310968",19.5,46,21.6,52.2,"96.3"
"Gordon, Tanner",685299,2026,23.4,5,".419",13.9,"94.901831327",29.9,42.6,24.8,65,"92.9"
"Allard, Kolby",663465,2026,20,6.7,".463",15.6,"95.313818438",34.5,41.8,17.4,61.4,"87.4"
"Doval, Camilo",666808,2026,20.5,4.8,".320",4.8,"94.859843387",27.2,46.8,26.4,55.4,"97.8"
"Kelly, Kevin",687330,2026,19.1,5.6,".357",9.4,"95.082194375",34.1,35.9,20.1,66.3,"91.4"
"Castaño, Blas",680604,2026,20,11.4,".353",4.5,"94.711222273",26.5,42.7,28.3,71.4,"93.1"
"Hudson, Bryan",663542,2026,22.4,9.3,".293",1.4,"92.756390303",23.7,40.9,25.3,57.9,"91.3"
"López, Reynaldo",625643,2026,20.7,11.4,".386",7.5,"93.579596559",25.6,44,19.5,55.7,"94"
"Miller, Bryce",682243,2026,22.6,3.2,".297",4.3,"92.243971111",33.6,43.2,26,61.3,"97"
"Ureña, Walbert",700712,2026,21.4,13.1,".303",7.3,"93.168668333",32.5,43.3,28.1,51.8,"97.7"
"Shuster, Jared",694363,2026,6.3,9.4,".216",0,"93.812316296",27,32.5,8.3,48.4,"92.2"
"Weissert, Greg",669711,2026,22.2,7.8,".347",4.9,"93.059948361",31.7,44.5,22.2,66.3,"93.8"
"Griffin, Foster",656492,2026,23.2,7.3,".380",12,"94.116840174",29.3,42.4,24.1,57.9,"89.4"
"Tidwell, Blade",694918,2026,21.3,6.4,".334",6.1,"92.998822424",30.2,44.5,31,66,"96"
"Hall, DL",669084,2026,25.7,18.8,".306",7.3,"92.982819455",23.1,39.9,28.4,54.5,"94.5"
"Junk, Janson",676083,2026,16.9,5.1,".350",6.6,"94.722669372",28.5,42.9,18,64.7,"94.2"
"Povich, Cade",700249,2026,14.6,8.5,".376",9.7,"95.342202459",31,34.5,26.1,61,"91.8"
"Sproat, Brandon",687075,2026,24.5,13.8,".392",8.5,"94.43669431",25.4,42.7,26.1,58.2,"95.2"
"McClanahan, Shane",663556,2026,24.6,9.4,".352",9.1,"94.120923828",31.3,40.6,28.9,57.1,"95.4"
"Bigge, Hunter",685801,2026,16.7,15.4,".289",3.8,"93.498937925",27.6,42.6,26.7,58.4,"96.6"
"Baz, Shane",669358,2026,19.2,10,".379",9.8,"94.310581322",29.4,38.9,20.2,57.2,"94.1"
"Boyle, Joe",671212,2026,24.2,9.1,".398",4.7,"94.492599535",27.6,40.3,26.4,57.6,"97.1"
"Bernardino, Brennan",657514,2026,17.8,5.6,".327",4.6,"91.778033438",28.1,39.7,22.3,64,"89.4"
"Laweryson, Cody",689520,2026,30.8,7.7,".352",0,"94.177420714",21.7,45.3,17.5,61.5,"90.9"
"Gasser, Robert",688107,2026,17.1,14.6,".290",8,"93.076746",26.9,36.3,25.7,65.9,"90.3"
"Flaherty, Jack",656427,2026,24.4,12.9,".406",9.6,"95.082925267",25.6,41,24.3,59.6,"92.2"
"Brubaker, JT",664141,2026,16.4,12.9,".361",3.7,"93.315671463",32.4,40.9,23.9,66.4,"93.8"
"Morejon, Adrian",670970,2026,29.4,5.5,".337",2.9,"92.788522464",37.2,40.8,37.5,67.9,"99.3"
"Nance, Tommy",667297,2026,29.4,9.4,".371",3.8,"93.705478039",36,38.3,26.2,69.4,"94.7"
"Phillips, Connor",683175,2026,21.1,21.1,".384",9.5,"94.120155676",21.1,38.5,26.8,56.4,"98.3"
"Cameron, Noah",702070,2026,21,7.6,".413",10.7,"95.0241362",28.7,42.7,24.5,59,"91.2"
"Kirby, George",669923,2026,19.8,5.8,".335",5.4,"94.30743701",35.7,45.2,20.9,64,"96.5"
"Davila, Nick",689546,2026,13.8,20.7,".308",5.3,"92.026411579",27.5,51.6,14.9,55.2,"95"
"Glasnow, Tyler",607192,2026,33.1,8.8,".333",8.1,"93.85257907",29.4,36.9,29.8,60.1,"95.5"
"Gray, Sonny",543243,2026,18.7,6,".376",9.3,"93.789502403",29.6,39.8,20.7,61.5,"90.6"
"Winn, Keaton",676775,2026,24.4,9.3,".237",1.8,"92.194946",30.9,46.7,26.4,67.1,"96"
"Martin, Davis",663436,2026,27.4,5,".387",7.6,"95.06523641",35.4,41,28,60.6,"92.6"
"Senzatela, Antonio",622608,2026,22,6.8,".312",4.8,"93.338091341",32.2,47.7,26.1,66.7,"94.8"
"Patrick, Chad",694477,2026,17.6,10.3,".325",7.6,"94.585783534",30.6,42.9,24.4,60,"91.9"
"Lambert, Peter",663567,2026,23.8,10.7,".341",5.7,"93.779362095",28.2,42.3,27.2,60.7,"93.9"
"Brash, Matt",666374,2026,23.4,4.3,".375",6.1,"94.843970313",33.3,37.8,32.1,66,"97.1"
"Mikolas, Miles",571945,2026,15.3,6.9,".399",12.3,"95.439644481",27.4,45,17.5,65,"92.7"
"Harrison, Kyle",690986,2026,32.2,7.7,".358",5.6,"93.333630192",34.4,44,31.1,66.7,"94.9"
"Myers, Tobias",668964,2026,20.8,5.6,".330",6.5,"94.60785978",27.7,39.2,19.7,65.3,"91.6"
"Snelling, Robby",702281,2026,9.1,18.2,".336",6.3,"95.067349286",31.1,41.9,28.6,72.7,"94.9"
"Bellozo, Valente",678368,2026,16.7,14.6,".554",15.6,"96.118864839",21.6,33.5,29.5,54.3,"88.2"
"Bolton, Cody",675989,2026,23.2,14.7,".442",10.3,"95.079233929",23.5,43,19.6,51.6,"93.3"
"Falter, Bailey",663559,2026,14.6,14.6,".341",0,"92.535567857",19.4,36.3,23.6,36.6,"92.2"
"Crochet, Garrett",676979,2026,26.8,8,".432",10.7,"94.816238434",30.1,42.9,24,55.1,"94.2"
"Herrin, Tim",682120,2026,16.3,15,".292",7.5,"93.670366154",27.3,41.3,29.4,53.8,"93.9"
"Morris, Andrew",702193,2026,17.3,9.2,".318",2.8,"92.84469662",28.6,44.1,22.3,64.3,"94.3"
"Bidois, Brandan",684049,2026,19,14.3,".539",35.7,"96.01299",39.2,41.6,31.9,52.4,"97.4"
"Henderson, Logan",701656,2026,33.3,6.7,".372",9.3,"92.892783704",31,39,28.7,71.1,"91.4"
"Cole, Gerrit",543037,2026,9.1,13.6,".205",0,"90.558465882",22.6,34.7,16.1,81.8,"96.1"
"Vest, Will",676684,2026,25.4,9.5,".334",5,"93.969951795",33.1,40.9,29.7,68.3,"95.3"
"Wrobleski, Justin",680736,2026,13.7,6.2,".341",7.2,"93.99776309",29.3,42,15.3,64.8,"93.6"
"Imai, Tatsuya",837227,2026,22.3,17.5,".392",10.2,"94.630681864",25.9,40.1,30.8,49.5,"94.7"
"Sale, Chris",519242,2026,29.9,5.8,".358",7.3,"93.076212467",38,44.7,29.4,62.2,"95.4"
"Yamamoto, Yoshinobu",808967,2026,23.8,5.2,".379",8,"94.715468372",32.6,44.2,29,61.3,"94.2"
"Rea, Colin",607067,2026,18.8,7.3,".408",12.3,"94.866370237",32.2,42.2,22.1,60.7,"92.7"
"Soto, Gregory",642397,2026,32,10.3,".266",3.7,"92.646318269",26.4,38.3,27.9,63.9,"96.3"
"Faucher, Calvin",676534,2026,23.4,18.1,".348",5.5,"95.354662778",27.3,36.1,27,55.9,"93.6"
"Rodríguez, Elmer",695684,2026,9.4,14.1,".342",4.3,"93.922364444",20.8,38.2,28,54.7,"94.9"
"Ashby, Aaron",676879,2026,33.6,12.1,".315",5.3,"93.971115733",32.3,37.3,34.8,58.3,"97.3"
"De Jesus, Enmanuel",646241,2026,20.8,10.9,".379",7.2,"94.87159209",27.1,46.4,21.3,60.4,"91.6"
"Gage, Matt",657424,2026,19.3,12.5,".308",6.7,"92.204236271",33.3,41.2,24.7,61.4,"92.4"
"De Los Santos, Enyel",660853,2026,20.7,4.6,".319",4.6,"93.787876308",34,39.3,27.4,65.5,"94.8"
"Ribalta, Orlando",687377,2026,21.3,8.5,".225",3,"90.990838125",40.5,47.7,25,70.2,"96.5"
"Skubal, Tarik",669373,2026,27.1,3.6,".371",5.3,"94.414915315",36.1,43.5,29.8,67.5,"96.5"
"Mantiply, Joe",573009,2026,22.5,5.6,".404",10,"96.127078298",35.9,39.4,16.8,63.4,"88.8"
"Freeland, Kyle",607536,2026,19.4,7.8,".426",7.1,"94.944992823",34.7,43.9,23.5,63.3,"89.8"
"Kolek, Stephen",663568,2026,14.3,5.1,".301",5.1,"93.772019487",26.5,49,15.7,63.3,"93"
"Ekness, Josh",694795,2026,22.7,22.7,".371",8.3,"95.1123725",24.5,41.8,23.7,54.5,"97.2"
"Matz, Steven",571927,2026,19.9,9,".375",11.1,"93.830913846",27.3,40.6,25,62,"93.2"
"Hill, Jaden",677955,2026,24.4,10.5,".351",1.8,"93.828085273",29.4,47.1,29.3,54.1,"97.3"
"Fermin, José",820862,2026,21.2,15.4,".391",12.9,"94.962130323",33.3,34.1,29.9,55.8,"96.2"
"Poulin, PJ",676571,2026,15.5,14.6,".388",11.6,"95.971746812",25.3,41.9,16.3,62.7,"89.6"
"Soriano, George",666277,2026,18.9,11.1,".399",11.3,"94.945844516",31.9,42.3,29.9,60.7,"96.6"
"Alvarez, Andrew",674841,2026,32.7,6.1,".448",13.3,"96.438345667",33.7,27.2,31.4,49,"92.9"
"Helsley, Ryan",664854,2026,32.6,15.2,".330",4.2,"95.272648696",25.5,37,41.2,48.9,"98.7"
"Littell, Zack",641793,2026,12.8,7.2,".425",12.3,"95.606958324",25.8,40.7,13.9,62.6,"91.4"
"Hanifee, Brenan",669724,2026,13.5,2.7,".362",10,"93.493503929",31.7,42.1,11.9,67.6,"95.1"
"Romero, JoJo",668941,2026,21.8,9.9,".397",7.5,"95.336873485",27,41.9,24.1,59,"93.9"
"Rojas, Kendry",696070,2026,23,16.4,".300",8.3,"93.567433143",26.4,39.6,29.3,62.3,"95.7"
"Rodón, Carlos",607074,2026,28.8,18.6,".258",6.7,"92.505467241",31.2,33.3,31.5,52.5,"94.3"
"Suarez, José",660761,2026,26.5,14.2,".343",1.5,"93.701308438",34.1,38.7,28.7,59.8,"92.7"
"Wacha, Michael",608379,2026,21.7,8,".363",7.9,"93.852260585",30.3,42.2,24,64.1,"91.9"
"Rogers, Taylor",573124,2026,17.2,6.9,".392",7.7,"93.089608387",26.4,43.7,17.2,62.1,"90.2"
"Sugano, Tomoyuki",608372,2026,12.6,6.8,".453",16.3,"95.491621011",25.3,40.3,16.3,63.1,"91.4"
"Sims, Lucas",608371,2026,21.7,15.2,".343",7.1,"94.09861",27.4,45,21.6,52.2,"94.1"
"Duran, Jhoan",661395,2026,38.7,8.1,".388",9.1,"95.869793939",31.5,41.4,36.7,46.8,"100.1"
"Barlow, Scott",605130,2026,21.6,10.8,".270",4.7,"92.538292656",33.9,39.6,36.7,57.4,"89.1"
"Anderson, Jack",681252,2026,18.8,6.3,".438",12.5,"94.191597391",35.4,46,19.7,62.5,"90.4"
"Latz, Jacob",656641,2026,24.4,5.8,".283",6.7,"94.531855333",27.8,40.1,27.7,55.8,"94"
"Adam, Jason",592094,2026,14.3,7.1,".268",5.6,"93.006856792",32.4,38.8,28,64.3,"93.3"
"Fuentes, Didier",800311,2026,29.6,8.6,".344",6.3,"93.568902708",25,43.5,29.2,66.7,"97"
"Cano, Yennier",666974,2026,23.9,4.5,".366",10.6,"93.999238723",34.5,50.8,28,64.2,"94.6"
"Brogdon, Connor",641401,2026,20.9,4.5,".426",14,"95.183045532",27.9,43.1,26.7,41.8,"93.3"
"Parker, Mitchell",680730,2026,20,7,".345",5.6,"95.044975",34.7,40.8,32.7,56,"93.6"
"Watson, Ryan",670245,2026,19.6,9.4,".445",14.7,"94.780673261",30.3,43.8,24.1,63.8,"92.4"
"Bido, Osvaldo",674370,2026,13.6,12.3,".368",8.9,"94.242770536",31.9,39.7,23.4,67.9,"94.6"
"Bird, Jake",656234,2026,25.7,6.8,".352",8.3,"94.606913958",22.2,44,30.8,60.8,"94.6"
"Varland, Gus",681402,2026,21.1,7.8,".405",11.1,"95.933516885",34.2,47.8,26.4,61.8,"95.3"
"Bruihl, Justin",677865,2026,13.3,12.4,".339",5.4,"94.024646438",24.9,38,18.2,60,"90.5"
"Pérez, Martín",527048,2026,21.6,8.1,".365",7.8,"94.33833552",29,48.1,21.3,62.2,"88.6"
"Alvarado, Elvis",665660,2026,20.5,15.9,".471",25,"94.970136071",26.8,40.7,34.8,47.7,"98.1"
"Morán, Jovani",663558,2026,28.1,12.3,".329",9.1,"93.851571077",27.4,42.5,32,59.3,"90"
"King, Michael",650633,2026,25.4,11.3,".344",9.2,"93.089578581",28.3,43.2,28.9,58.5,"93.2"
"Brown, Hunter",686613,2026,39.5,14,".251",0,"92.434963",23,36.1,26,55.8,"96"
"Loáisiga, Jonathan",642528,2026,15,3.8,".340",4.7,"94.343537619",34.7,38.8,21.7,53.8,"97.3"
"Williams, Gavin",668909,2026,30.3,7.9,".431",13.1,"95.868121856",34.9,40.5,31.1,65.3,"95.6"
"Madden, Ty",680744,2026,27.9,4.7,".313",6.9,"93.168822759",33.7,40.6,26.3,62.8,"91.1"
"Castillo, Luis",622491,2026,23,8.7,".423",11.2,"95.584770331",31.2,45.9,26.5,69.1,"95"
"Curvelo, Luis",681168,2026,14.3,4.8,".386",11.8,"94.674705882",29.6,40.3,26.3,65,"95"
"Scholtens, Jesse",669947,2026,18.3,6.7,".393",10.8,"93.700072458",29.6,41.4,19.3,71.3,"92.5"
"Bello, Brayan",678394,2026,15.1,9.1,".424",10.8,"95.239149769",30.7,40.4,25.2,62.9,"92.6"
"Lord, Brad",695418,2026,19.9,4.1,".354",5.7,"94.720308654",36.1,42.3,23.2,62.1,"94.5"
"Kelly, Merrill",518876,2026,15,9.7,".454",17.3,"95.487119806",32.3,42.8,24.1,64.3,"91.7"
"Alexander, Tyler",641302,2026,18.6,7.8,".275",1.4,"92.354505972",31.8,42.6,17,71.6,"89.5"
"Antone, Tejay",622088,2026,21.9,3.1,".454",14.3,"94.2742",40,39.5,22.6,56.3,"91.7"
"Moll, Sam",594580,2026,23.7,11.3,".325",5.7,"92.960613846",21,40.1,25.3,53.1,"91.2"
"Bednar, David",670280,2026,26.4,9.4,".318",4.5,"93.788309077",37.8,44.3,29.6,64.8,"95.8"
"Soriano, José",667755,2026,27.9,10.2,".379",8.6,"93.623405776",31.9,45,33.4,57.4,"97.2"
"Harris, Hogan",663687,2026,23.1,17.9,".314",4.5,"92.29304697",21.9,42,26.1,49.6,"95"
"Rodriguez, Carlos",692230,2026,20,8,".234",0,"90.908236667",24.1,29.5,30.2,72,"92.2"
"Keller, Mitch",656605,2026,17.9,7.4,".359",5.3,"93.867742527",30.4,44.1,21,60.3,"92.7"
"Nunez, Anthony",689296,2026,26.7,7.6,".421",8.7,"94.756601493",36.7,36.3,35.6,65.7,"95.7"
"Dodd, Dylan",689266,2026,30,3.3,".308",5,"92.696745",40,44.1,32,69,"91.2"
"Ragans, Cole",666142,2026,29.8,15.2,".433",15.7,"94.156201829",27.9,42.1,31.7,54.3,"94.4"
"Arrighetti, Spencer",681293,2026,22.9,14.3,".366",5.8,"92.399897961",27.6,41.9,27.7,55.4,"91.9"
"Barco, Hunter",682995,2026,13.3,15,".381",7.5,"95.06579575",19,40.1,15.2,55,"94.1"
"Nardi, Andrew",677053,2026,26.6,11.7,".421",10.5,"95.120280893",29.9,42.9,30.3,68.1,"94.6"
"Anderson, Grant",681982,2026,21.3,10,".323",9.1,"94.212860364",29.4,40.4,23.9,64.6,"92.9"
"Petersen, Michael",656848,2026,26.9,9,".357",14,"94.867001",26.4,40.3,25.2,64.1,"97.3"
"Beeter, Clayton",690925,2026,24.5,17,".347",10,"94.981658",25.8,39.9,23.4,47.2,"96.2"
"Varland, Louis",686973,2026,36.7,8.3,".287",0,"92.8701315",34.1,42.4,28.5,66.7,"98.2"
"Peguero, Joel",666711,2026,8.1,8.1,".233",0,"91.452107586",35.5,43.8,17.8,73,"99.3"
"Cease, Dylan",656302,2026,35.7,10.1,".380",5.9,"93.965294296",31.6,39.5,36,61.2,"97.5"
"Matthews, Zebby",805673,2026,23.3,2.7,".311",7.5,"93.597101132",28.2,44.3,24.4,69.9,"94.7"
"Abreu, Bryan",650556,2026,24.4,23.3,".408",11.9,"95.61477439",21.1,40.5,32.3,52.3,"94.9"
"Eovaldi, Nathan",543135,2026,23.8,5.5,".389",8,"94.386113011",37.9,43.2,31.9,67.2,"92.4"
"Rasmussen, Drew",656876,2026,23.4,4.6,".347",7.7,"93.472588889",31.1,41,23.5,68.8,"93.5"
"Miller, Mason",695243,2026,52.2,10,".212",0,"90.430141176",39,40.7,52.6,62.2,"100.9"
"Finnegan, Kyle",640448,2026,14.3,18.1,".303",7,"94.544271286",25.8,39.8,22.3,64.8,"96.3"
"Waldron, Matt",663362,2026,20,6.4,".346",7.6,"93.650094605",31.7,46.6,17.8,65.5,"90.6"
"Scott, Tanner",656945,2026,32.5,3.9,".375",8.2,"92.360937959",44.4,43.5,34.9,75.3,"96.3"
"Roberts, Ethan",681799,2026,17.8,13.3,".231",0,"94.390075172",22.2,45.1,22.2,66.7,"92.9"
"Martin, Trevor",694680,2026,19,4.8,".420",20,"95.339367333",22.9,40.8,25,66.7,"92.5"
"McDonald, Trevor",686790,2026,22.3,4.3,".371",4.7,"95.312317778",30.8,49.4,26.3,62.8,"94"
"Brown, Ben",676962,2026,26.4,7.9,".325",6,"94.357013628",32.8,38.3,29.3,62.4,"96.6"
"Warren, Austin",681810,2026,26.8,11.3,".371",9.1,"93.445563182",29.1,38.4,25.8,60.6,"93.5"
"Pérez, Eury",691587,2026,25.2,11.2,".424",15.5,"94.905517857",30.4,38.7,27.8,63.6,"98.1"
"Valdez, Framber",664285,2026,18.7,8.6,".363",6.9,"94.842036223",33.7,43.4,21.4,64.6,"93.9"
"Rodríguez, Yariel",684320,2026,19,19,".467",25,"95.1472375",30.4,45,18.2,47.6,"96"
"García, Luis",472610,2026,8.1,8.1,".402",5.2,"94.974048772",34.1,35.8,20.9,64.9,"95"
"Foster, Cameron",671382,2026,18.4,16.3,".340",6.5,"92.681593548",26.5,39.2,27.9,55.1,"94.5"
"Díaz, Edwin",621242,2026,30.3,15.2,".421",6.3,"92.309416875",33.3,41.7,20.7,57.6,"95.7"
"Manoah, Alek",666201,2026,12.8,20.5,".354",11.5,"93.874489231",20,36.6,19.7,51.3,"87.9"
"Lynch IV, Daniel",663738,2026,29.7,7.7,".309",7.3,"93.786766909",32.8,46.7,35.1,59.3,"94.4"
"Ritchie, JR",702275,2026,18.4,14,".339",5.4,"93.360451507",27.8,42.3,21.8,56.1,"93"
"Pomeranz, Drew",519141,2026,16.7,11.1,".404",10,"93.598903673",29.3,39.9,23.1,51.5,"92.5"
"Bummer, Aaron",607481,2026,16.9,13,".416",15.1,"96.286990962",27.4,36.4,23.1,62.3,"89.8"
"Ober, Bailey",641927,2026,16.9,6.7,".337",9.4,"93.084864368",28.5,38.4,20.6,61,"88.5"
"Coulombe, Danny",543056,2026,15,10,".323",3.4,"92.761707931",28.1,36.8,15.8,62.5,"87.6"
"Perkins, Jack",678022,2026,27.4,4.4,".343",5.7,"94.109249286",39.8,44.8,29.4,69,"95.6"
"Anderson, Shaun",641312,2026,16.4,11,".397",7.7,"92.98094098",26.5,43,24.8,60.3,"93.4"
"Martinez, Nick",607259,2026,14.9,5,".360",6.8,"93.245367277",31.7,45.3,18.5,66.5,"91.5"
"Ginkel, Kevin",656464,2026,28.6,7.1,".298",5.6,"93.87485",35.1,37.5,28.7,65.5,"94.6"
"Dotel, Wilber",696062,2026,24.4,7.3,".322",3.6,"94.912503214",28,45.9,24.7,56.1,"96.7"
"Rogers, Tyler",643511,2026,15.2,9.1,".263",0,"91.697152466",24.3,44.3,13.5,65.6,"82.9"
"Acton, Garrett",670183,2026,32.1,10.7,".310",6.7,"96.357413333",22.4,36.5,35.4,63,"94.2"
"Hill, Tim",657612,2026,12.6,5.7,".307",1.4,"95.278898657",29.8,41.2,13.8,59.3,"88.4"
"Schultz, Paxton",687606,2026,24.7,5.9,".413",10.5,"94.587758545",25.9,36.1,19.9,62.4,"90.8"
"Lowder, Rhett",695076,2026,16.3,10.8,".377",8.5,"94.50319094",25.1,42.2,18.5,53.6,"92.6"
"McGreevy, Michael",700241,2026,17.1,5.5,".433",10.8,"94.780980606",28.4,42.2,19.4,53.9,"89.9"
"Gilbert, Logan",669302,2026,25,5.6,".391",11,"94.841134678",32.1,40.5,28.4,70.2,"94.2"
"Yates, Kirby",489446,2026,32.1,10.7,".382",13.3,"96.377723333",36.5,51.3,25.9,50,"90.3"
"Vesia, Alex",681911,2026,33.8,12.2,".303",5,"91.75798475",35.1,37.4,34.2,55.4,"91.3"
"Ray, Robbie",592662,2026,21.2,11.6,".415",12,"94.024659814",29.3,38.7,25.4,60,"93.2"
"Manaea, Sean",640455,2026,21.9,8.9,".396",9.4,"94.380240842",28.9,41.5,21.7,58.2,"89.5"
"Painter, Andrew",691725,2026,18.3,7.3,".369",8.1,"93.837385063",33.9,41.4,21.8,60.1,"96.2"
"Hancock, Emerson",676106,2026,26.2,5.7,".409",9.9,"94.979384079",26.7,40.7,24.7,66.8,"93.4"
"Burke, Sean",680732,2026,20.5,6.3,".366",6.3,"93.841490513",33.1,41.6,19.2,68.8,"93.9"
"Domínguez, Seranthony",622554,2026,28.6,12.1,".480",11.8,"94.703988627",25.5,37.8,28.3,59.3,"97.2"
"Warren, Will",701542,2026,26.6,6.6,".355",6.2,"94.709871429",27.5,38.8,24.1,61.1,"93.6"
"Bachman, Sam",696147,2026,26.2,10.7,".277",4.8,"92.617162097",30,37.4,33.9,58.3,"98.6"
"Quintana, Jose",500779,2026,11,9.4,".346",8.4,"93.159093929",32,43.5,21.1,59.1,"89.8"
"Roa, Christian",685005,2026,14,16.3,".399",7.4,"96.231188889",19.4,39.9,24.7,48.8,"95.9"
"Wheeler, Zack",554430,2026,25.5,5.7,".351",7.4,"93.854209368",38.6,41.8,25.4,68.8,"94.1"
"Cabrera, Edward",665795,2026,20.7,8.8,".381",12,"94.927803161",33.5,40.4,27.3,62.1,"95.8"
"Smith, Shane",681343,2026,22.4,18.4,".332",0,"93.180966296",30.4,37.3,26,51,"95.6"
"Jansen, Kenley",445276,2026,32.2,13.6,".415",12.5,"93.966272188",25.8,47.1,29.8,61,"92.7"
"Sands, Cole",663485,2026,22,8,".388",8.6,"96.051989412",28.7,42.5,24.4,54,"91"
"Imanaga, Shota",684007,2026,25.7,6.5,".365",9.7,"93.962442989",38,45.7,31.1,57.9,"91.6"
"Suarez, Robert",663158,2026,23.3,5.8,".328",3.4,"92.374974746",39.3,45.1,26.4,61.6,"98.1"
"Houser, Adrian",605288,2026,13.2,8.1,".388",9.3,"95.518314581",26.1,43.6,18.7,65.5,"95"
"Zerpa, Angel",672582,2026,14.5,10.9,".443",7.3,"97.04415225",20.8,40.3,17.8,65.5,"95.6"
"Granillo, Andre",701552,2026,6,16,".351",13.2,"94.561731111",19.3,43.4,9.5,50,"94.2"
"Sheehan, Emmet",686218,2026,27.2,6.5,".395",9.2,"93.919189357",37.3,40.6,31.3,64.1,"94.2"
"Buehler, Walker",621111,2026,20.3,8.9,".386",6.4,"94.019911277",27.9,41.6,19.4,66.8,"92.2"
"Barnes, Charlie",656212,2026,8,16,".311",5.6,"94.27033",17.4,44.8,12.1,56,"89.6"
"Henry, Cole",669371,2026,22.9,14.3,".353",4.8,"94.021667619",25.6,33.3,23.8,42.9,"93.3"
"Holton, Tyler",663947,2026,18.9,7.5,".358",5.3,"94.460329867",27.2,42.9,23,60.4,"89.1"
"Nola, Aaron",605400,2026,22.8,8,".414",9,"94.54137526",31.9,41.2,24.9,64.7,"90.8"
"Mears, Nick",683232,2026,18.2,11.7,".417",13.2,"95.968699811",30.3,39.7,18.8,54.5,"94.4"
"Topa, Justin",623437,2026,13,12,".384",9.1,"95.567519848",23,40.7,14.1,59.8,"92.6"
"Skenes, Paul",694973,2026,28,3.9,".315",4.6,"93.412106026",34.3,45.7,24.7,62.1,"97"
"Agnos, Zach",688642,2026,16.6,7.6,".345",9.2,"93.538825607",37.1,40.8,25.6,66.2,"93.4"
"Hurter, Brant",676428,2026,17.8,11.9,".314",4.3,"93.370473134",26.8,42.5,20.5,57,"92.2"
"Keller, Brad",641745,2026,28.3,7.6,".318",5.3,"92.943805263",31.3,37.8,24,57.6,"96.9"
"Thompson, Ryan",657044,2026,16.7,8.3,".311",5.7,"94.002841509",35.5,45.2,18.9,64.8,"89.3"
"King, Bryan",687911,2026,17.8,8.9,".299",1.4,"93.320464571",31.3,47.4,18.5,64,"91.7"
"Walker, Taijuan",592836,2026,14.8,9.6,".452",12.9,"93.579713529",26.4,41,16.8,61.7,"89.8"
"Blackburn, Paul",621112,2026,15.8,10.5,".330",5.8,"93.448464928",24.2,40.5,17.4,57.9,"92.7"
"Canning, Griffin",656288,2026,24.2,13.1,".390",11.3,"95.409359677",24.3,38.8,27.5,54.5,"93.9"
"Santos, Gregory",666619,2026,4.5,13.6,".343",0,"96.755923333",14.3,47.7,8.1,68.2,"96.9"
"Webb, Jacob",657097,2026,27.3,8.1,".444",11.1,"95.658477742",35.1,44.1,32.6,66.7,"93.8"
"Ferrer, José A.",678606,2026,21.2,2.9,".278",2.6,"92.82055473",34.7,42.4,24.4,72.1,"97.1"
"Corbin, Patrick",571578,2026,16.8,6.8,".401",8.5,"94.896210214",31.2,42.9,20.3,65.3,"89.5"
"Morgan, David",688158,2026,22.1,16.2,".297",2.5,"92.542908158",34.7,37.5,29.1,56.7,"96.9"
"Kochanowicz, Jack",686799,2026,16.3,11.5,".369",7.5,"94.77593686",25.6,43.8,23.4,53.6,"95.8"
"Bradley, Taj",671737,2026,27.2,8.8,".372",9.5,"95.026821765",29.4,42.4,27.2,56.7,"94.3"
"Drohan, Shane",675660,2026,25.5,7.5,".312",5.6,"93.535609857",36.9,43.8,27,67.9,"93.4"
"Rolison, Ryan",669020,2026,25,10,".386",7.7,"94.276950811",19.3,36,17,60,"94.3"
"Assad, Javier",665871,2026,13,6.5,".386",5.7,"95.464720233",21.4,40.2,15.1,61.1,"91.8"
"Schlittler, Cam",693645,2026,29.6,5.1,".341",6.7,"93.806770494",37.1,39.9,29.5,63.6,"96.6"
"Santana, Dennis",642701,2026,15.8,10.5,".398",11.6,"94.131673768",35.6,43.1,22.3,60,"93.6"
"Bassitt, Chris",605135,2026,15.3,8.6,".359",3.7,"93.774740563",23.6,41.2,22.1,59,"90.9"
"Peterson, David",656849,2026,21.8,8.9,".382",5.3,"94.894880878",31.9,44.8,23.1,63.6,"92"
"Pivetta, Nick",601713,2026,36.4,9.1,".272",2.8,"92.184374722",39.4,39.2,26.1,60.6,"93.6"
"Vásquez, Randy",681190,2026,20.1,7.1,".425",12.5,"94.869186203",30.4,42.6,23.8,62.9,"93.1"
"Ohtani, Shohei",660271,2026,28.4,6.8,".299",3.3,"93.736733445",31.8,42.1,31.3,57.9,"97.6"
"Akin, Keegan",669211,2026,20.4,7.4,".413",5.1,"92.219953947",30.3,48.3,23.3,68.5,"93.6"
"Silseth, Chase",681217,2026,21.8,16.7,".319",6.4,"93.179951957",32.8,40.3,35.9,55.8,"95.9"
"Thornton, Trent",663423,2026,13.2,7.9,".434",13.3,"95.051871",24.4,40.8,20.9,55.3,"93.6"
"Rogers, Trevor",669432,2026,17.9,8.7,".371",7.7,"93.958141268",32.9,45.1,23.8,65.3,"91"
"Hentges, Sam",656529,2026,29.6,22.2,".163",0,"90.763071538",19.4,45,27.5,55.6,"93"
"Kelly, Zack",677161,2026,19.7,9.9,".421",8.2,"94.175049574",28,46.6,21.1,45.1,"92.8"
"Vodnik, Victor",680767,2026,17.8,14.4,".339",8.5,"93.847743103",26.4,40.5,28.7,52.8,"98.4"
"Lauer, Eric",641778,2026,16,9.9,".411",12.6,"94.453648718",31.6,43.9,20.4,64.8,"89.5"
"Sewald, Paul",623149,2026,29.7,8.1,".345",11.1,"94.291523864",31.8,44.8,28.7,60.8,"91.4"
"Shugart, Chase",663767,2026,26.5,5.9,".343",7,"94.558443721",27.7,40.9,21.1,48.5,"93.4"
"Scherzer, Max",453286,2026,11.9,9.5,".415",13.8,"94.231939846",30.2,42.9,13.8,60.7,"92.8"
"Estrada, Jeremiah",669093,2026,28.8,12.1,".348",10.3,"92.497719474",32.5,38.4,33.6,62.1,"95.8"
"Quantrill, Cal",615698,2026,16.3,10,".371",12.1,"94.205783621",25.2,42.7,21.7,55,"91.8"
"Franco, Jose",683742,2026,16.5,17.7,".350",12,"93.5772534",24.1,34.7,21.2,53.2,"95.1"
"O'Brien, Riley",676617,2026,27.6,4.1,".338",3.3,"94.157078136",32.4,37.7,29.2,69.4,"98.4"
"Halvorsen, Seth",678020,2026,22.2,17.8,".392",0,"94.806583704",28.4,36.3,23.8,52.3,"98.7"
"Burns, Chase",695505,2026,28.2,7.9,".340",8,"94.067812074",33.1,40,34.7,59.9,"98.1"
"Holmes, Clay",605280,2026,20.9,8.4,".348",5.3,"94.36789",32.9,43.7,21.9,60.5,"93.1"
"Junis, Jakob",596001,2026,14.9,5.7,".313",4.5,"92.458848358",31.9,44.3,17.9,61.6,"91.6"
"Slaten, Justin",686580,2026,32.4,8.1,".385",4.5,"93.954828636",23,42,24,67.6,"94.1"
"Alexander, Jason",669920,2026,17.5,10.5,".333",7.5,"92.9373595",20,40.2,19.8,63.2,"90.5"
"Gaddis, Hunter",683769,2026,19.7,9.8,".339",9.3,"93.226703571",23.9,40.5,34,70.5,"95.2"
"Fitzpatrick, Brian",702153,2026,14.8,11.1,".276",5,"91.9528745",20,41.1,26,63,"93.7"
"Young, Brandon",687064,2026,16,9.9,".347",8.3,"94.444352437",33.1,43.7,21.3,64.2,"93.8"
"Hart, Kyle",606996,2026,14.7,8.8,".298",4,"92.395031702",27.3,41.3,17.2,64.7,"92.7"
"Lovelady, Richard",663992,2026,20.4,14.6,".353",4.7,"93.894434194",30,38.1,26.3,64.4,"91.4"
"Bachar, Lake",669199,2026,28.3,8.5,".313",7.8,"94.181351905",31.7,37.8,33.7,50.9,"94.9"
"Mey, Luis",682825,2026,35,17.5,".497",21.4,"95.743842857",24,40.4,40.9,47.5,"98.8"
"Sisk, Evan",681895,2026,29.5,8,".272",1.9,"92.661387255",23.2,38.7,27,58,"90.8"
"Fried, Max",608331,2026,20.8,7.9,".272",1.8,"92.929946807",29.5,42.1,23.2,52.9,"93.2"
"Gil, Luis",661563,2026,10.6,12.9,".368",9.7,"95.93957082",23,42.4,18.5,60,"94.9"
"Trevino, Jose",624431,2026,3.4,3.4,".431",11.5,"95.996636923",30.4,38.9,2.8,48.3,
"Hurt, Kyle",669165,2026,31.1,6.6,".322",2.7,"93.303312778",35.2,49.5,38.7,60,"96"
"Meyer, Max",676974,2026,27.2,8.8,".377",9,"94.581620129",33.3,37.7,31.3,62.8,"94.6"
"Bender, Anthony",669622,2026,26.4,10.3,".307",7.5,"93.300067925",25.6,43.1,19.2,65.1,"96.4"
"Woodford, Jake",663765,2026,17.6,7.7,".427",5.9,"94.220590299",25.6,44.6,20.4,62.6,"91.7"
"Avila, Luinder",679883,2026,24.4,12.8,".400",10.2,"94.370627959",26.4,39.9,26.3,52.6,"96.3"
"Maton, Phil",664208,2026,24.7,11.7,".411",13,"94.457394",27.3,40.3,27.8,68.8,"89.3"
"Aldegheri, Sam",691951,2026,7.7,11.5,".422",14.3,"93.788864762",25.5,37.3,23.4,50,"92.2"
"Pallante, Andre",669467,2026,18.5,8.6,".331",7.3,"94.283045951",27.9,39.5,23.6,66.1,"95"
"Detmers, Reid",672282,2026,28.3,7.2,".334",6.7,"93.797191402",33.2,43.6,29.1,61.9,"93.9"
"Misiorowski, Jacob",694819,2026,40.3,7.7,".332",2.4,"92.703858862",31.9,42.1,39,65.7,"99.8"
"Elder, Bryce",693821,2026,22,7.7,".311",3.7,"94.030060851",32.1,40.7,24.3,62.6,"91.5"
"Webb, Logan",657277,2026,20.2,7.2,".387",6.8,"95.422235103",34.9,44,20.4,62,"92.1"
"Kilian, Caleb",668873,2026,27.5,13.2,".362",5.8,"93.508797255",30.3,39.9,29.6,62.9,"96.6"
"Severino, Luis",622663,2026,24.2,11.7,".368",9,"93.654282121",31.8,43,23.3,60.6,"95.9"
"Borucki, Ryan",621366,2026,16.5,8.2,".326",4.8,"94.159739032",33.1,40.5,30.4,59.5,"93.3"
"Nicolas, Kyle",693312,2026,16.7,31,".415",5,"93.21861",17.2,39.4,23.7,45.2,"96.8"
"Klein, Will",694361,2026,27.8,6.7,".325",1.8,"94.739216071",28.7,41.6,21.4,64.4,"97.8"
"Horton, Cade",690990,2026,15.4,7.7,".298",5.3,"93.818584737",36.7,44.6,23.3,65.4,"95.5"
"Cruz, Steven",674444,2026,27.5,15.7,".452",17.2,"94.1776425",22.9,40.3,31.9,53.1,"96.3"
"Singer, Brady",663903,2026,15.7,5.6,".429",13,"95.511801914",27.7,41.3,22.3,56.5,"90.6"
"Hicks, Jordan",663855,2026,17.2,19.5,".310",1.9,"94.438897451",20.2,39.6,17.9,64,"98.4"
"Garcia, Brandyn",805299,2026,25,6.3,".218",0,"94.544062",16.7,34.2,23.8,71.9,"96.8"
"Peralta, Wandy",593974,2026,18.8,9.9,".337",4.2,"92.966825915",32.6,41,24.2,55.4,"95.8"
"Gausman, Kevin",592332,2026,23.6,3.9,".364",8.6,"93.962322295",35.7,40.7,26.9,63.2,"93.8"
"Scott, Christian",681035,2026,26.3,12.3,".359",1.5,"92.744793651",25.9,44.3,21.6,53.5,"93.8"
"Backhus, Kyle",679775,2026,24.4,2.4,".354",6.9,"93.383699655",31.6,42.9,16.7,65.9,"91.1"
"Bibee, Tanner",676440,2026,20.7,7.9,".383",10.1,"94.845823191",25.6,41.5,27.2,61.7,"91"
"Mattson, Isaac",676755,2026,17.2,11.5,".419",11.5,"95.265632833",26.3,38.9,19.7,58.6,"93.8"
"Beeks, Jalen",656222,2026,19.5,9.2,".361",8.1,"94.51787541",26,44.1,22.2,61.6,"91.3"
"Cruz, Fernando",518585,2026,31.9,14.9,".331",6.3,"92.94645",28.6,34.8,41.1,57.4,"93.1"
"Criswell, Cooper",681867,2026,20.9,5.8,".362",6.5,"94.137073443",37,47.1,23.6,68.2,"89.6"
"Cecconi, Slade",677944,2026,18.6,7.9,".383",9.3,"93.729480778",27.9,39.6,20.3,65.2,"91.3"
"Leahy, Kyle",681517,2026,18.3,9.6,".437",11.8,"95.993614",25.9,41.6,23.4,58.1,"93.7"
"Burrows, Mike",681347,2026,19.4,8.1,".361",8.5,"93.558730629",32.2,41.6,24.1,61.3,"94.7"
"Lopez, Jacob",682052,2026,15.2,13.5,".306",4.9,"92.812696543",24.8,43.6,19.2,57.8,"89.1"
"Medina, Luis",665622,2026,22.6,10.7,".391",9.3,"94.98816566",20.4,33.8,27.3,54.2,"96.9"
"Festa, Matt",670036,2026,23.8,6.7,".350",8.6,"93.115449571",34.7,43.5,29.8,63.8,"91.7"
"Edwards Jr., Carl",605218,2026,44,16,".367",10,"94.853408",27.5,33.3,51.2,56,"92.5"
"Seabold, Connor",657756,2026,20.6,5.9,".273",4.1,"93.084742245",34,42.8,23.4,67.6,"93.1"
"Pushard, Matt",690155,2026,26.3,15.8,".382",0,"92.514502",28.8,41.5,19.4,52.6,"95"
"Wells, Tyler",669330,2026,24.3,5.8,".375",7,"93.533508088",29.9,41.1,27.7,61.2,"91.9"
"Garcia, Rico",670329,2026,32.5,10.8,".298",4.3,"92.959907234",25.1,42.4,40.3,57.8,"95.4"
"Lee, Dylan",669276,2026,33,3.4,".293",3.6,"92.823763455",36.4,43.3,39.3,59.1,"93.3"
"Fairbanks, Pete",664126,2026,34.5,12.1,".390",17.2,"95.884028929",34.8,39.1,30,65.5,"94.3"
"Holderman, Colin",670059,2026,30,7.1,".343",11.4,"94.123200682",32,35.5,29.3,60,"96.8"
"Englert, Mason",669438,2026,17.8,5.5,".461",14.3,"95.246215536",37.3,44.2,23.1,70.8,"90.5"