"year","last_name, first_name","player_id","team_id","pa","pitches","runs_all","runs_heart","runs_shadow","runs_chase","runs_waste"
"2026","Kochanowicz, Jack","686799","108","295","1106",-8.105987672047764,-0.06242072514681257,13.047395931870948,-12.592341118545567,-8.498621760226339
"2026","Soroka, Michael","647336","109","394","1531",10.911186683735211,11.74893650554677,12.78615365928878,-7.449676482329969,-6.174226998770349
"2026","Harris, Hogan","663687","133","257","1103",1.8180603146490786,8.940385212958013,11.025970991577589,-13.030795818406858,-5.117500071479675
"2026","Holmes, Clay","605280","112","278","1064",15.03924596965082,11.705356426326322,15.993305101108561,-9.781349569553917,-2.8780659882301913
"2026","Schultz, Noah","702273","145","291","1147",-9.920228095983116,12.475592839288158,-2.998650399804785,-12.640513477431039,-6.756657058035447
"2026","Bubic, Kris","663460","118","207","811",4.167769391781685,3.965964163807874,6.5869217099200235,-3.9480542015165554,-2.4370622804296582
"2026","Fried, Max","608331","147","332","1296",14.662964249334353,15.977923044180363,9.931959677855922,-7.203634398357092,-4.043284074344841
"2026","Sulser, Cole","642121","139","194","776",-0.9498641841096647,0.3631595309590062,5.360458464353541,-2.612037937306991,-4.061444242115218
"2026","Ginn, J.T.","669372","133","554","2102",9.529555036519184,11.867062429657466,28.45672523919988,-20.090603946510814,-10.703628685827256
"2026","Gray, Sonny","543243","111","563","2020",20.018299147441326,3.564062860597442,25.64250176858166,-4.105666636751846,-5.082598844985982
"2026","King, Bryan","687911","117","237","911",-6.8196740291841165,3.838059589336993,1.0542098213119004,-5.851119364816102,-5.860824075016875
"2026","Faucher, Calvin","676534","146","239","962",0.7734947926296911,5.972729212202121,12.097295899568321,-13.497657568244657,-3.7988727508960967
"2026","McCullers Jr., Lance","621121","158","195","793",-12.436799296212445,-2.50946204213618,1.5666983712850566,-5.812437531923494,-5.681598093437824
"2026","May, Dustin","669160","158","523","1997",-4.612001289343255,1.9412480847426858,11.857703758995097,-7.11722791206847,-11.293725221012563
"2026","Misiorowski, Jacob","694819","158","550","2179",40.004749927916585,22.295624788740717,32.699908372205016,-7.104623773698334,-7.886159459330623
"2026","Kremer, Dean","665152","142","239","964",-6.052227584020159,3.151761687492106,1.3017076698531727,-3.3962948099273134,-7.109402131438127
"2026","Matsui, Yuki","673513","135","200","820",17.094454809989468,9.90362291812021,12.621086332909877,-2.927017774151189,-2.503236666889469
"2026","McGreevy, Michael","700241","138","558","2225",5.634340022426935,6.914291437710913,12.629010588523121,-6.347763762785417,-7.561198241021699
"2026","Eovaldi, Nathan","543135","140","555","2007",1.2882149930267883,-5.451974658958727,19.931354530261686,-6.205118881180948,-6.9860459970952
"2026","Weissert, Greg","669711","111","207","818",-0.16525886108864926,3.324208446098745,6.120782176311271,-5.13007791434213,-4.480171569156535
"2026","Burke, Brock","656271","113","266","1027",4.270381177645454,10.491238087366664,9.48607863012484,-9.328374264758981,-6.378561275087058
"2026","Smith, Cade","671922","114","233","997",11.729490889443738,8.310184054897203,11.031919742796761,-3.3506156590751597,-4.261997249175075
"2026","Gusto, Ryan","687473","146","255","920",0.14503703256206502,7.018014951083765,2.5259238552519845,-6.098583492416946,-3.300318281356734
"2026","Ryan, Joe","657746","142","523","2089",2.8365575447235463,-10.92568869910951,32.13890460460712,-9.560970829155393,-8.815687531618607
"2026","Matthews, Zebby","805673","142","410","1570",-11.965641860095564,-13.514153450946594,13.091504410563328,-5.644965213227954,-5.898027606484334
"2026","Doval, Camilo","666808","134","220","847",2.009919724339033,4.41285311649841,5.50818540904587,-0.9775056660499009,-6.933613135155345
"2026","Muñoz, Andrés","662253","136","199","794",2.3667946284525545,-0.39053146049020476,7.972296643791638,0.12155251175447951,-5.336523066603361
"2026","Matz, Steven","571927","139","282","1114",-11.019731855362597,-6.455603095541539,8.062608715970354,-9.498016732391855,-3.128720743399555
"2026","Peralta, Freddy","642547","139","600","2436",-12.073586699902739,3.1876881676458324,9.863720194486103,-11.644483278981987,-13.480511783052675
"2026","Paddack, Chris","663978","140","267","1015",-18.207994884220575,0.15949044516106137,-8.804890837697378,-5.939151191727018,-3.62344329995725
"2026","Rogers, Trevor","669432","110","556","2156",-3.112932910944506,6.911432184166804,9.382366425936674,-13.518643555158945,-5.888087965889038
"2026","Gordon, Tanner","685299","115","336","1193",-7.640672764335524,1.4112402167956357,-1.233875197137891,-3.7743315026199884,-4.043706281373274
"2026","Castillo, Luis","622491","145","524","2121",-13.921069441846186,-1.8986887793801426,11.010370130387255,-14.764265368171545,-8.268485424681767
"2026","Brown, Hunter","686613","117","315","1299",4.535364910853082,13.77372881408187,7.877501748696112,-9.569581683305804,-7.546283968619092
"2026","Vesia, Alex","681911","119","191","830",9.579013894408801,2.4444978467460814,13.981922963696288,-3.374444645716302,-3.4729622703172716
"2026","Petersen, Michael","656848","146","217","916",12.055830082120378,4.676088047100408,14.452371445533238,-2.6188189630280228,-4.4538104474852425
"2026","Vodnik, Victor","680767","146","196","763",-3.5415011638217204,10.632050750558827,0.8997736981134363,-7.247602160861707,-7.8257234516322844
"2026","Ashby, Aaron","676879","158","318","1311",3.731930498591029,7.672391420045234,4.927431307438597,-2.7011423649834287,-6.166749863909383
"2026","Henderson, Logan","701656","158","264","1043",13.176757532338659,8.913757063675805,12.385837019026921,-5.471473997485402,-2.65136255287865
"2026","Bachar, Lake","669199","134","296","1196",5.023725058530944,11.371391334099622,7.410419167090992,-7.549567560203656,-6.208517882456014
"2026","Canning, Griffin","656288","135","334","1311",-16.852841872881267,-4.087953329765537,2.96022321824928,-7.091803880673253,-8.633307880691776
"2026","Webb, Logan","657277","137","577","2135",14.440052530213437,12.677941641511488,23.530356430372002,-13.688383783972652,-8.07986175769739
"2026","Legumina, Casey","668984","139","231","890",3.088445776663484,1.8093346610090788,12.907210055186075,-8.572647155541578,-3.055451783990099
"2026","Yesavage, Trey","702056","141","386","1549",10.515423725853614,8.890441118565208,18.03506207052119,-7.864677357397861,-8.545402105834881
"2026","Suter, Brent","608718","144","314","1285",-4.219581824317672,3.0284269425192285,4.012423037440273,-4.956487926199156,-6.303943878078043
"2026","Elder, Bryce","693821","144","579","2063",0.8414058010787779,11.89177258506827,7.352204940702726,-11.494336843846902,-6.908234880845286
"2026","Cruz, Steven","674444","118","203","783",3.361873176290339,2.6445528760087584,7.963100524357018,-4.033583062497785,-3.212197161577647
"2026","Ohtani, Shohei","660271","119","340","1335",22.997245691259046,20.33623465558756,11.636145277894636,-3.5948037973523395,-5.380330444870837
"2026","Mayza, Tim","641835","143","232","939",5.00328793194571,3.158830670612954,8.69027600043186,-3.2009585714479702,-3.644860167651132
"2026","Márquez, Germán","608566","135","236","918",-10.420302233934525,-3.7401272974585456,2.286274908151831,-5.456846568890289,-3.509603275737521
"2026","Woo, Bryan","693433","136","562","2118",5.57046741161957,4.804257917410534,14.628379512734874,-7.887924073256748,-5.974245945269075
"2026","Baker, Bryan","641329","139","198","802",18.581070448838485,9.095984837495784,16.724721831311797,-3.6273992922045064,-3.6122369277646023
"2026","Gray, Peyton","682608","140","225","868",-2.8681003761894646,4.833403592756368,-1.676835460324471,-2.6654825745831667,-3.3591859340381953
"2026","Rogers, Tyler","643511","141","240","841",11.224364815491635,15.53845242444794,1.7117534077886754,-5.024849402613215,-1.00099161413178
"2026","Cease, Dylan","656302","141","579","2458",30.70089129044532,26.832816681652726,30.308231666868284,-16.346297171493003,-10.093859886582791
"2026","Morillo, Juan","666661","109","206","826",10.550815993382868,10.622363929440882,5.733325314496471,-3.3885809863062883,-2.416292264248192
"2026","Pfaadt, Brandon","694297","109","403","1481",7.182303036311723,6.3029626913809125,12.279726523985845,-6.380875108545161,-5.019511070509866
"2026","Bassitt, Chris","605135","110","309","1162",-8.59985185052398,5.62885774589293,4.393491474196583,-11.551279737851203,-7.07092133276231
"2026","Rea, Colin","607067","112","539","2046",-2.5398659341678065,-8.406234548021382,23.0946231384562,-8.524305091387152,-8.703949433215467
"2026","Griffin, Foster","656492","114","610","2431",9.522959656614319,11.62366727594115,20.34437426654337,-12.747526043002017,-9.697555842868189
"2026","Martin, Davis","663436","145","523","2004",0.9615107337132331,2.671015046700272,20.321939478113336,-12.430884986007124,-9.600558805093243
"2026","Taylor, Grant","691799","145","274","1100",15.542195511408758,7.058694709071726,12.328872455123209,-1.6669112898363267,-2.178460362949845
"2026","Finnegan, Kyle","640448","116","232","895",1.5634635488263688,3.984092386722569,7.1625586069464,-4.971409650889564,-4.611777793953043
"2026","Kolek, Stephen","663568","118","224","837",-5.510201290751272,-6.560911259226595,7.7521785402698296,-3.6429159655180072,-3.0585526062765043
"2026","Weathers, Ryan","677960","147","568","2280",4.118905750515979,10.709004019409603,17.12811921195894,-15.966487316419249,-7.7517301644333365
"2026","Ramírez, Yohan","670990","134","297","1173",9.306117881288888,11.901485357011834,11.2811844518452,-3.585397273937307,-10.291154653630832
"2026","Miller, Mason","695243","135","204","877",21.323594715205573,14.370126076835724,8.207163789720656,1.504083342901022,-2.7577784942518186
"2026","Hancock, Emerson","676106","136","542","2104",13.158160467653072,8.730805497484383,27.02125250984945,-13.631924604071251,-8.96197293560944
"2026","Rasmussen, Drew","656876","139","529","2081",16.588429630333163,7.473027648695287,18.33576137972641,-3.1337189666457306,-6.086640431442843
"2026","Arrighetti, Spencer","681293","141","401","1565",-6.397514381332226,6.459269712199522,11.952043081333853,-10.322029575218481,-14.486797599647106
"2026","Lee, Dylan","669276","144","219","910",15.880468357371418,4.29034697939888,13.600383266114473,-0.32576518832697976,-1.6844966998149675
"2026","Miller, Erik","669062","111","174","775",6.124028803609047,5.873230605740387,10.91564435192383,-7.519916285604956,-3.1449298684502143
"2026","Imanaga, Shota","684007","112","592","2328",7.171238777423883,11.798426496515267,11.566991348025068,-9.90916863919269,-6.285010427923735
"2026","Lowder, Rhett","695076","113","476","1794",-4.564633156858168,11.336590689521321,8.739153887419253,-17.556215476722766,-7.0841622570759935
"2026","Williams, Gavin","668909","114","611","2426",9.293260225837356,7.1543994281335035,17.93922910554597,-8.904037494978729,-6.896330812863361
"2026","Hudson, Bryan","663542","145","225","870",-0.863301765435526,3.9863137151865615,5.059803354973807,-6.503818933300096,-3.405599902295796
"2026","Skubal, Tarik","669373","119","473","1826",17.991400545891548,13.126062736522714,10.377089921907684,-2.0515767908747446,-3.4601753216641007
"2026","Sheehan, Emmet","686218","119","411","1698",-7.191313498561263,1.7219840861278901,2.7950110509287938,-2.6528940275204755,-9.05541460809748
"2026","Cruz, Fernando","518585","147","227","924",11.446226039823022,8.436050742164348,11.256412830747362,-3.83820595572376,-4.408031577364939
"2026","Nola, Aaron","605400","143","591","2366",-13.69652209957496,-7.7186773259073265,7.94147418066415,-5.8232394870784345,-8.096079467253324
"2026","Dobbins, Hunter","690928","138","231","932",3.6138501057684476,4.74192387671116,8.79247633382994,-5.582789504517579,-4.337760600255077
"2026","Suarez, José","660761","133","257","1016",-11.203024179873351,-2.2867570988449892,1.7277603216062012,-4.443595153285609,-6.200432249348958
"2026","Festa, Matt","670036","114","238","889",-3.2226960467329473,-2.966433289961304,8.86115247140515,-4.5196640877007965,-4.597751140476005
"2026","Herrin, Tim","682120","114","188","760",3.435520618763,8.16170877272969,8.599042517775711,-8.525050584775306,-4.800180086967097
"2026","Erceg, Lucas","668674","118","206","824",-12.33670309021792,-7.036067039419137,6.705287247753333,-6.048263407502657,-5.957659891049467
"2026","Luzardo, Jesús","666200","143","645","2548",17.425121221402495,13.701626454170812,20.614758275356458,-8.937862640693611,-7.953400867431185
"2026","Jones, Jared","683003","134","289","1135",-2.891067448349483,-0.9007937722945194,7.7182189912482375,-4.4437919371306664,-5.26470073017252
"2026","Kirby, George","669923","136","586","2190",-4.20557991431205,-0.7140856570679068,13.06005001959879,-9.628242301934428,-6.923301974908508
"2026","Miller, Bryce","682243","136","375","1464",-0.3060275633211413,11.346777509455833,-3.1782799702542244,-4.717379512142048,-3.757145590380704
"2026","Watson, Ryan","670245","108","260","974",1.6899106774481234,7.056518556317955,3.1262125103636875,-4.024684441009634,-4.468135948223892
"2026","Detmers, Reid","672282","108","603","2399",15.335750331597888,7.014476626201601,23.80280201164716,-7.239059231566037,-8.242469074684806
"2026","Farris, Mitch","815083","108","194","761",-3.528805347058043,-1.5399512113044111,4.274990386432899,-2.8005928433353895,-3.463251678851142
"2026","Clarke, Taylor","664199","109","220","817",8.356489031776547,5.199751197439999,9.73476520432898,-3.0887783521534375,-3.489249017838981
"2026","Gausman, Kevin","592332","112","608","2415",-4.491919703725773,-8.550117735257835,21.877960539250036,-9.663294458553851,-8.156468049164136
"2026","Assad, Javier","665871","112","331","1305",5.887079113796301,9.763296267844286,10.448209145782501,-9.79709149416344,-4.527334805667051
"2026","Messick, Parker","800048","114","589","2305",28.186831214565682,25.8310292469264,24.728934288738714,-14.175389818825774,-8.197742502273716
"2026","Richards, Trevor","670950","145","249","946",8.861675735492446,8.194653458456221,10.571153018816085,-6.533789342406454,-3.3703413993734137
"2026","Holton, Tyler","663947","116","251","942",0.31875953493972675,2.6174556984070922,5.819206621697752,-4.990294745251099,-3.1276080399140036
"2026","Lauer, Eric","641778","119","438","1700",-5.9830122942418855,-2.5026332397867805,16.335028041681145,-12.80837749815602,-7.00702959798022
"2026","Pérez, Eury","691587","146","514","2093",8.594898666080402,18.07217133277507,15.172688234068454,-9.270018285083566,-15.37994261567955
"2026","Headrick, Brent","687396","147","269","1044",22.36140721382563,8.42315730646605,20.217932988882115,-3.3874001869567034,-2.8922828945658456
"2026","Schlittler, Cam","693645","147","626","2482",28.638934597718997,19.1163323556652,27.83369581118383,-9.097587479730862,-9.213506089399274
"2026","Painter, Andrew","691725","143","410","1576",-15.424382070368548,-6.160357900015409,10.803284846288943,-13.134238171680199,-6.933070844961925
"2026","Sisk, Evan","681895","134","173","743",-1.151810738329897,0.37352772765157555,8.586447889189051,-3.9348616246411354,-6.1769247305293895
"2026","Montgomery, Mason","682254","134","211","895",13.541117177208983,3.571742314631572,16.07519215984131,-0.7801141721575899,-5.325703125106318
"2026","McClanahan, Shane","663556","139","443","1678",9.99547900174636,11.447892302702904,18.668977805048645,-12.463778893298533,-7.6576122127066135
"2026","Kelly, Kevin","687330","139","220","784",14.142349017252245,5.361827166636819,13.990798155492952,-1.1634882114462393,-4.0467880934312745
"2026","Latz, Jacob","656641","140","216","942",14.780000366984606,11.352095900653367,12.910752177594192,-4.203869035571825,-5.27897867569113
"2026","Gore, MacKenzie","669022","140","619","2469",2.0508828695257835,11.76217082394619,12.651024436927193,-11.182551759053855,-11.179760632293764
"2026","Mikolas, Miles","571945","120","498","1827",-22.20866709259352,-3.071490596695487,-2.917635265475613,-12.611972895769915,-3.607568334652543
"2026","Fermin, José","820862","108","186","776",2.328054657540439,3.7474208340247177,7.924303300291422,-6.185386968204117,-3.158282508571591
"2026","Fuentes, Didier","800311","144","232","959",11.516780519404554,3.279085938613052,17.215498575783258,-6.077154243821235,-2.900649751170544
"2026","Bello, Brayan","678394","111","383","1428",-4.87239888372624,6.385893834156661,3.839010779236737,-9.693328111965462,-5.4039753851541725
"2026","Brown, Ben","676962","112","265","1004",19.932038553446073,13.93639282666692,7.754796683811783,-0.4764520704073442,-1.2826988866253306
"2026","Anderson, Drew","623454","116","348","1346",2.683699745717544,4.337946263576119,11.216499332051397,-4.522815075278414,-8.347930774631541
"2026","Flaherty, Jack","656427","116","388","1639",-5.470488626557822,9.403703377315898,7.720425807764329,-9.25257572135705,-13.342042090281012
"2026","Lange, Alex","656638","118","225","929",-6.954285442991832,-0.5332627061724184,5.955024465525459,-5.577980214781488,-6.798066987563378
"2026","Klein, Will","694361","119","187","762",-0.20103055923305332,8.853888159073742,-2.2930273020206995,-2.936909719611874,-3.8249816966742207
"2026","Phillips, Tyler","663969","146","434","1617",3.7512191671267923,11.400508718585135,7.83845128453889,-10.738946651538003,-4.748794184459207
"2026","Junk, Janson","676083","146","413","1553",-5.104704915149877,-7.297593406227454,15.692497757418023,-8.867757139795524,-4.6318521265449135
"2026","Stanek, Ryne","592773","138","220","902",-2.3782740175260706,-6.903551750395962,12.706719211564256,-3.432525402866366,-4.7489160758279905
"2026","Soriano, George","666277","138","239","951",5.227370252806038,3.8803288968388348,10.691704120287293,-4.253939675841963,-5.090723088478134
"2026","O'Brien, Riley","676617","138","224","894",-0.5005105845620683,14.8803533809143,0.48531176034547124,-6.383222669893851,-9.482953055927984
"2026","Taillon, Jameson","592791","141","361","1414",-13.967578085908244,-11.312565839551834,16.03855175225865,-9.811644176534983,-8.88191982208009
"2026","Rodriguez, Grayson","680570","108","296","1207",-17.028194631475206,0.06431620094336166,-1.4972653463774885,-10.16696519892199,-5.4282802871191125
"2026","Sale, Chris","519242","144","541","2171",26.61279230901365,15.698865895139566,26.453145665083284,-9.246983995649755,-6.292235255559552
"2026","Suárez, Albert","544150","110","229","840",-2.6078705364126646,1.4341850125455378,6.3863234620479306,-6.460372825627897,-3.9680061853782354
"2026","Baz, Shane","669358","110","643","2472",4.071526562953241,9.473851167428693,14.708249783159369,-12.388498303140327,-7.7220760844945024
"2026","Mejia, Juan","675848","115","245","1011",-6.66023249799036,2.623908584942754,2.667143743865578,-5.419805459761514,-6.531479367037178
"2026","Brazobán, Huascar","623211","145","245","960",8.190536073521807,5.89689056258065,11.153642243555046,-3.9168013588468047,-4.943195373767085
"2026","Okert, Steven","595345","117","247","996",12.600761786794582,6.0584965027884365,13.414942082037541,-4.128580765057896,-2.744096032973492
"2026","Kerkering, Orion","689147","143","223","930",1.619243476581239,1.6893071939439837,9.131823707859386,-3.2615220611932845,-5.9403653640288345
"2026","Roupp, Landen","694738","137","574","2373",0.0755481012949161,9.092455792471537,25.42265260469833,-25.58265473399643,-8.856905561878468
"2026","Ureña, Walbert","700712","108","478","1936",14.827669313548371,23.600929661288014,15.136436120632144,-12.776248460852951,-11.133448007518801
"2026","Kelly, Merrill","518876","109","563","2079",-19.64212422064262,3.247822634450768,4.9590507793314185,-20.355111970685176,-7.4938856637396745
"2026","Severino, Luis","622663","133","271","1086",-8.999380034427187,1.668923708463296,-2.64151383857314,-3.720094711263922,-4.306695193053413
"2026","Singer, Brady","663903","113","582","2272",-8.242585547709691,4.87635892072943,12.423984291696298,-15.983574433203282,-9.559354326932139
"2026","Javier, Cristian","664299","117","185","743",-6.913877474369617,3.2976037246136953,-2.7930113824847758,-3.589334803495686,-3.8291350130028476
"2026","Lugo, Seth","607625","118","619","2338",-11.191859260606671,3.368468252230543,6.848151595646007,-13.642597517644653,-7.765881590838565
"2026","Yamamoto, Yoshinobu","808967","119","581","2267",27.562453037725174,17.471721863385717,29.85529747189698,-13.026678102640238,-6.737888194917331
"2026","Mlodzinski, Carmen","669387","134","466","1815",-4.200946925047295,-1.3696649607979217,11.767307366764594,-6.500451439897749,-8.098137891116242
"2026","Liberatore, Matthew","669461","138","541","2109",-13.259027215461451,-9.96641400304401,19.064137049871867,-10.807346474982772,-11.54940378730652
"2026","Svanson, Matt","694335","138","207","788",-12.862039762600745,-5.801011526144791,5.1247194576765125,-8.48551885832636,-3.7002288358061084
"2026","deGrom, Jacob","594798","140","515","2118",10.432273850406926,3.942120232581985,14.064157817446576,-2.0186539272871586,-5.555350272334456
"2026","Woods Richardson, Simeon","680573","141","293","1122",-19.142334367411085,4.8374707365915945,-8.326561326686857,-9.914667934478453,-5.738575842837335
"2026","Littell, Zack","641793","109","540","1977",-16.134344624397315,-3.5399926349751674,9.79123358704877,-13.79119325521149,-8.594392321259528
"2026","Jump, Gage","695611","133","359","1445",-4.116198427904131,1.9502289713491123,8.892950213876416,-8.993631269947835,-5.96574634318182
"2026","López, Reynaldo","625643","144","306","1226",1.7150705433438147,3.1792057258665167,11.130743521925845,-7.26226241411505,-5.332616290333487
"2026","Garcia, Rico","670329","110","214","815",12.899175656497217,12.624718412835955,7.728353920623885,-4.632963384024674,-2.820933292937947
"2026","Bradish, Kyle","680694","110","586","2302",1.3611086722875765,11.274387024065794,6.954229342263774,-9.137218169373398,-7.730289524668534
"2026","Zeferjahn, Ryan","666171","112","249","1078",5.778468816853061,8.99776667619474,9.703819572408806,-5.970029173523121,-6.953088258227359
"2026","Cecconi, Slade","677944","114","487","1854",-13.384164671069612,2.8085640228741986,1.9774873961835686,-10.338506530062926,-7.831709560064436
"2026","Newcomb, Sean","656794","145","288","1136",17.40483540477835,22.7556877488106,7.079131843816748,-6.241553768619466,-6.188430419229536
"2026","Sproat, Brandon","687075","158","407","1691",-7.548084584247206,2.7641221115628625,10.201891536358342,-11.623896607739036,-8.890201624429368
"2026","Patrick, Chad","694477","158","371","1477",6.720379290685588,14.92810322651663,8.30048430484762,-10.12000335708723,-6.388204883591422
"2026","Gómez, Yoendrys","672782","142","232","913",4.262733312141051,7.358422299640484,5.90726824090263,-4.510303651673622,-4.492653576728427
"2026","Senga, Kodai","673540","121","241","963",-20.30399087733412,-10.705026711971827,7.116833376421226,-8.395402136954695,-8.320395404828828
"2026","Alvarado, José","621237","143","213","904",-7.382448455667619,2.3382969444894335,-0.7577250859245832,-3.4274169824133334,-5.535603331819136
"2026","Soto, Gregory","642397","134","229","941",3.6481377615571695,8.397197265030645,2.2787303506009446,-3.879871665426013,-3.147918188648414
"2026","Mize, Casey","663554","135","421","1611",15.187479156822917,6.277336039540044,19.23412100403551,-4.1798289905654515,-6.144148896187102
"2026","Gilbert, Logan","669302","136","593","2357",17.13900414818833,7.94503251714444,22.260326686169297,-4.206698250089125,-8.859656805036257
"2026","Quantrill, Cal","615698","140","346","1311",10.6800740916307,6.421402726287021,16.210028203417902,-6.118271425785586,-5.833085412288659
"2026","Varland, Louis","686973","141","257","1050",25.25476568813509,12.146492404756229,16.46092685109362,-1.6656847143190179,-1.686968853395751
"2026","Cavalli, Cade","676917","120","600","2342",4.663342010311519,10.756877917800542,17.945035497310446,-13.769903198611127,-10.268668206188368
"2026","Suarez, Ranger","624133","111","465","1819",5.576815790030574,4.251328051469354,16.162575098940227,-8.935982662271512,-5.901104698107471
"2026","Agnos, Zach","688642","115","326","1214",-14.939100390776973,-1.1240441197743518,0.035085730451220404,-8.222405015974465,-5.627736985479383
"2026","Kay, Anthony","641743","145","565","2246",-2.1069772451591837,13.02388157101578,14.49075662245521,-17.59188211629919,-12.029733322330983
"2026","Valdez, Framber","664285","116","612","2218",3.185317115462379,7.4495444596587195,20.34943656511371,-9.519204242608152,-15.094459666701885
"2026","Burrows, Mike","681347","117","421","1567",-20.653359292808755,-11.691273412652535,12.323483976151246,-13.265418084619258,-8.020151771688239
"2026","Schreiber, John","670167","118","194","799",-0.1519253113488656,3.3547750588499032,7.532424544839149,-6.122546280922203,-4.916578634115707
"2026","Wrobleski, Justin","680736","119","516","1900",10.996479325548034,16.75854556505513,13.558304565288374,-12.524340976171098,-6.796029828624371
"2026","Ober, Bailey","641927","142","457","1717",-3.9281137331589036,5.044436740144534,6.524114242524071,-9.505128617869646,-5.991536097957875
"2026","Nance, Tommy","667297","142","199","771",2.0440298456255097,0.8346258990992999,4.111579307433437,-0.2114265109637633,-2.6907488499434637
"2026","Ashcraft, Braxton","677952","134","602","2184",11.11599322721465,3.034648617210223,18.439208974547416,-4.11756240037832,-6.240301964164681
"2026","Bazardo, Eduard","660825","136","247","945",3.4148758942259705,1.6285670787407038,7.171882349059807,-2.136239915479627,-3.2493336180949135
"2026","Ferrer, José A.","678606","136","235","870",-0.8195113812095522,5.431434578566441,0.8502216743777116,-1.1709790733362253,-5.930188560817479
"2026","Alexander, Tyler","641302","140","242","927",1.811923150599935,7.248981839571268,5.656119556213217,-6.627622267409736,-4.465555977774807
"2026","Gallen, Zac","668678","109","436","1637",-21.484174548257595,-9.813614436573868,4.585441794869046,-9.145216553616132,-7.110785352936624
"2026","Nunez, Anthony","689296","110","200","798",-0.8262923632948255,2.5579318517718734,4.837202854834664,-5.028204487806418,-3.193222582094949
"2026","Bennett, Jake","687562","111","350","1233",12.479726946004389,4.61923729174272,14.365488027796518,-3.082319669565715,-3.4226787039691327
"2026","Early, Connelly","813349","111","390","1528",5.580679404274339,11.589409675625765,12.736268400202059,-9.230762036851521,-9.514236634701968
"2026","Fedde, Erick","607200","145","510","2008",-0.7953504381896533,8.782084003911073,13.623775690460672,-13.96346581405199,-9.23774431850941
"2026","Montero, Keider","672456","116","533","1929",19.63926681362917,18.39458758363435,16.70535668955172,-9.45659950871617,-6.004077950840779
"2026","Melton, Troy","675512","116","355","1343",18.252599547675207,13.96431724793298,14.886466977592551,-6.201048453669881,-4.397136224180446
"2026","De Los Santos, Enyel","660853","117","248","958",1.5616736911068223,4.09754370682193,6.847137506061545,-3.9675139737021343,-5.415493548074503
"2026","Meyer, Max","676974","146","462","1789",14.519421728938987,14.697528684341274,11.751884124229317,-5.3803411711860445,-6.549649908445693
"2026","Uribe, Abner","682842","158","189","758",16.42933520772523,16.98998573195753,6.970197559002535,-4.998198455726666,-2.532649627508164
"2026","Prielipp, Connor","687570","142","408","1602",-14.960399446199533,-14.498215250124835,18.245319791694513,-10.898142412016853,-7.809361575752381
"2026","Peralta, Wandy","593974","135","265","1017",4.434935067369356,8.859654172476134,3.18137494160381,-2.7321117113259064,-4.873982335384669
"2026","Hart, Kyle","606996","135","215","853",-0.021382672000092848,3.6011875351484397,3.4607448538345307,-3.7916614745486683,-3.2916535864343994
"2026","Medina, Luis","665622","133","257","1031",-1.1201986841582046,4.1724845879461485,8.488822663506962,-6.58672176512102,-7.194784170490296
"2026","Gasser, Robert","688107","158","333","1293",-3.373589238653344,7.6393343570262715,1.555306186882607,-7.784816397625353,-4.783413384936856
"2026","Pallante, Andre","669467","138","564","2203",12.601872065373843,9.784103800053945,18.584324585014127,-7.335334329546371,-8.431221990147819
"2026","Webb, Jacob","657097","112","241","968",6.54712107551189,0.1864861822151051,12.545875017406855,-3.0877924749379932,-3.097447649172075
"2026","Cabrera, Edward","665795","112","329","1280",-10.943078277201957,-1.1548342050092228,6.901467637762782,-11.153657661659818,-5.536054048295698
"2026","Holderman, Colin","670059","114","203","792",12.838612057834064,8.589343931602352,11.442299650673581,-1.1989127487356157,-5.994118775706257
"2026","Scott, Christian","681035","121","390","1627",3.747465555338565,9.790078587631054,11.269616275147348,-9.53335191974546,-7.778877387694351
"2026","Bernardino, Brennan","657514","115","217","827",3.3850675427321657,11.512893944635048,2.669302971967045,-5.313043683526032,-5.484085690343906
"2026","Feltner, Ryan","663372","115","408","1511",-15.548063903990869,1.4125696700366936,-0.22780920419887785,-8.521641025382976,-8.2111833444457
"2026","Nelson, Ryne","669194","109","354","1292",-10.45103620853324,-6.018358990698071,4.30887239137155,-5.771321320532268,-2.970228288674457
"2026","Holmes, Grant","656550","144","528","1971",4.976924732502409,15.056514761779699,13.188380462671015,-14.538282771672655,-8.729687720275638
"2026","Boyd, Matthew","571510","112","381","1417",-0.2940951748931194,7.080963416779497,6.188195997487776,-6.764374544164505,-6.798880044995896
"2026","Civale, Aaron","650644","112","421","1613",0.3597898280116469,5.872489995657105,6.890397661596517,-7.59026063094021,-4.812837198301745
"2026","Freeland, Kyle","607536","115","554","2006",-26.241528144848854,-10.040486176198925,-7.716198910002091,-2.3431446221306818,-6.141698436517191
"2026","Sugano, Tomoyuki","608372","115","514","1992",-8.957286169671361,2.5889357353548688,8.125973535264283,-13.134721357646818,-6.537474082643726
"2026","Burke, Sean","680732","145","596","2354",14.220179752572587,11.958639465060314,20.382399513401243,-11.554925004758175,-6.5659342211307825
"2026","Wacha, Michael","608379","118","657","2434",10.234384965509454,21.281934019475315,6.915271707129492,-11.464286265058366,-6.498534496036982
"2026","Lynch IV, Daniel","663738","118","235","853",9.751264545248352,2.024672720692514,13.898332274530345,-3.019185094390999,-3.1525553555835137
"2026","Avila, Luinder","679883","118","309","1293",-11.131363957531015,1.1561390169920598,4.877147815599045,-8.144687559677944,-9.019963230444173
"2026","Anderson, Grant","681982","158","203","796",4.561653306533847,-1.9020706981039672,14.053553266482488,-5.28927267737453,-2.300556584470141
"2026","Cole, Gerrit","543037","147","367","1398",10.888200089344934,12.763892755428758,11.302331953237308,-10.012132409903533,-3.165892209417593
"2026","Chandler, Bubba","696149","134","546","2163",-4.669745763950602,4.533838394913421,17.59160073249013,-15.979794966755032,-10.815389924599147
"2026","Rodriguez, Bradgley","699134","135","233","921",8.640155330632203,8.717777284744649,4.838694744150599,-2.5103924934295803,-2.405924204833458
"2026","Martinez, Nick","607259","139","593","2069",19.613163612706128,13.105281248793908,18.79278658081674,-8.215890665434795,-4.069013551469714
"2026","Leiter, Jack","683004","140","355","1397",-5.735756637515851,2.0604785410450233,10.17240987142111,-11.557246690588734,-6.411398359393259
"2026","Lord, Brad","695418","120","277","1166",0.6817592696404133,6.306250686449446,8.830102632970137,-7.355655015678772,-7.0989390341003995
"2026","Imai, Tatsuya","837227","117","300","1297",-4.193074520976607,9.578224663022677,7.46150659425317,-13.737327199529217,-7.495478578723249
"2026","Lopez, Jacob","682052","133","418","1689",-3.4069077613751073,13.255393404741088,4.714067484884681,-11.932014974440511,-9.444353676560377
"2026","Barnett, Mason","686930","133","184","743",-12.232889121512885,-5.373486569555949,5.430945538617849,-7.68568780795329,-4.604660282621482
"2026","Bieber, Shane","669456","141","242","930",-2.3314073251847534,8.317795718430363,-0.8069282952845336,-5.353653639717954,-4.488621108612628
"2026","Miles, Spencer","693686","141","323","1244",14.43350883942204,6.515929114366472,22.400056293335215,-11.365339276039553,-3.11713729224005
"2026","Young, Brandon","687064","110","529","1983",4.16385975398359,12.47167479972567,2.9776540040027397,-6.233109445781316,-5.0523596039635335
"2026","King, Michael","650633","135","610","2410",17.28910745675782,14.33868658488072,28.121160258615703,-10.210379293709932,-14.96036009302871
"2026","Wheeler, Zack","554430","143","474","1944",19.357901167552022,10.273242183129325,20.622322847991903,-5.736814045362588,-5.800849818206644
"2026","Perkins, Jack","678022","133","402","1558",-20.620836474440694,0.8634942711619762,-3.5578040631843484,-11.12435904972344,-6.802167632694893
"2026","Bibee, Tanner","676440","114","637","2439",7.861251316223922,12.163228618040954,17.796008798002944,-12.970736921020993,-9.127249178798973
"2026","Rogers, Taylor","573124","142","213","848",1.627097788772999,10.655481746114974,6.949717724095449,-11.350094528998804,-4.6280071524386255
"2026","Manaea, Sean","640455","121","506","1985",-11.583187854684224,-0.5105051540517425,8.3585587844848,-8.150062231297367,-11.281179253819895
"2026","McLean, Nolan","690997","121","618","2451",1.6858403160492124,10.075269042289824,18.30443254810822,-11.81637759902102,-14.877483675327834
"2026","Rodón, Carlos","607074","147","228","970",4.411896425749145,12.72174582952113,2.6714882524734875,-5.341759057832515,-5.639578598412954
"2026","Yarbrough, Ryan","642232","147","210","818",-0.7626425211822287,9.012539532118634,1.8587054775110374,-7.976729603864193,-3.657157926947707
"2026","Irvin, Jake","663623","120","339","1383",-12.067272662974391,-2.1685179722299925,6.397356155140134,-9.550843419693269,-6.745267426191308
"2026","Alvarez, Andrew","674841","120","339","1311",8.806204651272592,9.558299196610161,8.119543845679047,-3.0642012147117836,-5.807437176304829
"2026","Ritchie, JR","702275","144","255","1023",-0.6105083735918688,8.651010616043441,7.8070627884198665,-9.664869669627052,-7.403712108428129
"2026","Morán, Jovani","663558","111","220","860",5.405823654952827,6.12505456600261,9.924680908635557,-5.3851509726350795,-5.258760847050249
"2026","Cantillo, Joey","676282","114","563","2265",-1.4992983984628472,9.500583805394529,15.660512580648042,-15.236712609659815,-11.423682174845606
"2026","Dobnak, Randy","677976","118","196","805",10.708028424859993,9.135418059332983,7.65782985505705,-4.102778026165236,-1.9824414633648162
"2026","Bednar, David","670280","147","229","963",14.720860908248943,8.018665365446084,13.580107964486919,-3.253877631376801,-3.624034790307276
"2026","Bowlan, Jonathan","680742","143","187","770",7.030662092533096,8.596358008199367,2.7517970282336366,-0.13572895331637114,-4.1817639905835415
"2026","Ray, Robbie","592662","135","578","2328",11.012687998595213,26.414372696776432,14.25341658585717,-16.66655587593211,-12.988545408106312
"2026","Buehler, Walker","621111","135","535","2145",-4.627423038560636,6.608990120295301,14.360635452141162,-15.324366128370672,-10.272682482626443
"2026","Vásquez, Randy","681190","135","497","1903",-2.8129585973794202,13.092190175969993,4.004409317308463,-13.197938886878527,-6.71161920377935
"2026","Domínguez, Seranthony","622554","136","199","869",-1.0831492332169885,2.0691258203019856,6.222571541790457,-5.861152556380915,-3.5136940389285134
"2026","Brubaker, JT","664141","137","250","1000",6.407057099175428,6.342788544369976,13.021557518085046,-5.420942225412369,-7.536346737867225
"2026","McDonald, Trevor","686790","137","310","1137",-2.7729933596011227,2.054940265081508,8.683696841089638,-4.441946556956861,-9.069683908815401
"2026","Wells, Tyler","669330","139","247","957",10.634069564770321,0.9230529863960966,17.992365957912355,-5.7622607779944754,-2.5190886015436567
"2026","Scherzer, Max","453286","141","202","833",-9.684295314387601,-9.907074334787755,9.495368292700652,-5.152422210440426,-4.120167061860061
"2026","Soriano, José","667755","141","602","2417",16.289084903631576,12.760278819400012,18.55062170580153,-5.422374203405226,-9.599441418164712
"2026","Loáisiga, Jonathan","642528","109","204","769",10.052635203542838,0.8046446917870888,14.792736184441305,-2.7843800251108193,-2.760365647574746
"2026","Peterson, David","656849","112","531","1950",-15.21618831674631,3.8719653538388545,7.797213516095342,-18.958863992707215,-7.926503193973277
"2026","Abbott, Andrew","671096","113","628","2491",2.141825457188843,14.88357361493904,13.765748529491331,-14.69058939846852,-11.816907288772963
"2026","Teng, Kai-Wei","678906","117","308","1190",-2.67180547270694,5.77636514412951,6.746792638000633,-5.427888911691626,-9.767074343145458
"2026","Cameron, Noah","702070","118","599","2347",1.325113604238505,8.969938288201035,17.58538891956193,-16.541504857783284,-8.688708745741181
"2026","Harrison, Kyle","690986","158","401","1695",7.507948203443673,6.0281698381686635,12.021875378899146,-5.979560371341974,-4.562536642282163
"2026","Hoffman, Jeff","656546","142","249","1042",-1.872358252206686,-0.5673375916036585,6.746407660030194,-2.2362940480721454,-5.815134272561064
"2026","Bradley, Taj","671737","142","599","2418",12.280472912864216,18.89528210815677,17.27023614818637,-9.023278284623427,-14.861767058855493
"2026","Keller, Mitch","656605","134","503","1887",-15.581759810152004,-3.552880020611612,11.663582730591143,-14.082115675706387,-9.610346844425122
"2026","Jax, Griffin","643377","139","378","1402",-1.358248775205035,-1.2286174780796095,10.69692294226978,-4.664797533916468,-6.161756705478747
"2026","Rocker, Kumar","677958","140","528","2029",1.0543404368866378,-6.8465312271361265,18.763425303327605,-5.891212086831203,-4.971341552473567
"2026","Silseth, Chase","681217","140","213","878",4.473915491790152,8.199235004186987,5.391718502637478,-3.2096476464269696,-5.907390368607356
"2026","Fisher, Braydon","680755","141","261","1044",7.404509221633738,6.853424965545719,14.347005380830831,-5.2403256157886515,-8.555595508954163
"2026","Lambert, Peter","663567","117","516","2064",13.368189050679389,19.481699530252463,16.218409922536072,-11.42032471671113,-10.911595685397975
"2026","Scott, Tanner","656945","119","197","774",9.418124517690437,6.682347537431426,3.617510344920257,0.5393854797708902,-1.4211188444321354
"2026","Henriquez, Edgardo","683618","119","210","835",10.593144171213316,15.659050094697758,4.964367990557795,-4.030917725502115,-5.999356188540124
"2026","Sasaki, Roki","808963","119","493","1986",-6.210248392208658,9.621813870321047,0.5740614824994574,-7.968820262454309,-8.437303482574874
"2026","Drohan, Shane","675660","158","444","1662",2.1158566184903282,1.2331384139523556,15.575053091896072,-7.930462714575291,-6.761872172782814
"2026","Blackburn, Paul","621112","147","283","1042",17.836754538051597,11.122408026640944,15.126752417297432,-4.168120430807735,-4.244285475079047
"2026","Warren, Will","701542","147","534","2095",-9.848041632794581,3.055667749365902,4.579856895402095,-10.546094682819207,-6.937471594743362
"2026","Skenes, Paul","694973","134","573","2354",4.034795781669109,10.500929559056363,15.868659840154063,-10.972349299049291,-11.362444318492004
"2026","Bruihl, Justin","677865","138","283","1081",4.775247164159213,14.547949198949937,1.007367548447752,-3.5117224212651714,-7.2683471619732964
"2026","Graceffo, Gordon","700669","138","251","937",11.00775739625375,12.100949340179893,11.519373005668358,-6.792125288128199,-5.820439661466297
"2026","Seymour, Ian","693855","139","417","1646",7.517160471734489,0.015121271954286468,16.644872164343905,-4.241514341170753,-4.901318623392904
"2026","Corbin, Patrick","571578","141","360","1412",-13.949231836384113,-4.450674461593161,5.831776819105064,-7.626725456738332,-7.703608737157694
"2026","Fluharty, Mason","689254","141","218","861",-0.30399845587408686,5.664972239239354,2.00495518121347,-3.8240409172691763,-4.149884959057741
"2026","Springs, Jeffrey","605488","133","504","1960",-23.281305985814882,-10.39965183243898,12.746295233675871,-15.280657946997183,-10.347291440054592
"2026","Ginkel, Kevin","656464","109","220","863",1.2783863531085502,4.190903500053809,-0.7668920418500554,-0.8331154046753049,-1.312509700419905
"2026","Rolison, Ryan","669020","112","201","788",4.868739185717719,4.4576779919523295,9.318244271275905,-5.659748731478566,-3.247434346031951
"2026","Lodolo, Nick","666157","113","338","1321",-4.989138700788633,-2.6810880750166066,13.084084696131818,-8.635255169948545,-6.7568801519552935
"2026","Marinaccio, Ron","676760","113","260","1042",-9.286688108170939,-3.829552186613049,8.819193751993325,-6.487944227115763,-7.788385446435443
"2026","Abreu, Bryan","650556","117","212","887",-1.1894335592197471,10.688990792423795,0.9288328959770893,-8.581043977788344,-4.226213269832289
"2026","Blubaugh, AJ","805123","117","332","1366",12.522002888728835,11.588814922259253,17.8337519238101,-8.873826435983478,-8.026737521357058
"2026","Senzatela, Antonio","622608","158","251","935",-4.507880409253405,5.3998167982916785,-0.7177493236188517,-7.126418432941193,-2.0635294509850413
"2026","Sánchez, Cristopher","650911","143","701","2582",28.081843228413433,10.846064115842186,28.14674536164127,-0.8296255284033434,-10.081340720666692
"2026","Duran, Jhoan","661395","143","185","746",14.941426564664312,11.21479387970074,9.405221882687554,-3.0778197492144757,-2.6007694485095167
"2026","Bachman, Sam","696147","108","197","761",3.552270260499087,14.775549380886485,-1.751546494952231,-5.852210437245036,-3.6195221881901327
"2026","Johnson, Ryan","696270","108","295","1175",-12.402278831035488,-4.005740416881621,5.636303434846347,-6.530022159557244,-7.502819689442984
"2026","Rodriguez, Eduardo","593958","109","635","2470",24.5030986085622,13.682988639959223,32.87942856811723,-14.312635119550949,-7.746683479963313
"2026","Pérez, Martín","527048","144","474","1818",10.703858351637315,16.155714087492584,15.949536513312385,-14.458007670931522,-6.943384578236136
"2026","Mahle, Tyler","641816","144","496","1933",-1.670720334286612,-2.863006320222828,21.807575357021243,-14.906103981462467,-5.7091853896224904
"2026","Tolle, Payton","801139","111","482","1811",9.24953216808516,10.180126622469597,10.830888974295245,-7.335608733976962,-4.425874694702716
"2026","Moll, Sam","594580","113","234","987",-3.056935020997863,3.721077237368703,7.210635055231172,-7.307304043497833,-6.681343270099895
"2026","Burns, Chase","695505","113","548","2238",20.69007790070101,12.869484090620473,23.437668189738282,-6.292371111809582,-9.32470326784816
"2026","Lorenzen, Michael","547179","115","562","2188",-40.25485467447646,3.952597362299535,-14.371841681734049,-19.497900023205045,-10.337710331836977
"2026","Dreyer, Jack","676263","119","207","832",9.968876226895205,8.289258525796496,9.683924227590104,-2.110708094647553,-5.8935984318438415
"2026","Alcantara, Sandy","645261","146","728","2667",11.493144816399147,15.330118732739578,24.787820018527302,-18.415174168217234,-10.209619766650475
"2026","Morris, Andrew","702193","142","257","1047",3.350902369960843,1.3382702219570604,12.930662431570534,-7.514967485414633,-3.403062798152121
"2026","Kilian, Caleb","668873","143","207","786",2.6809401479437405,4.126697377782357,4.584593595824384,-3.422613358267778,-2.607737467395222
"2026","Morejon, Adrian","670970","135","278","1085",13.124156127179061,7.1352216192546205,9.366115033916271,-0.5309433700877104,-2.846237155904113
"2026","Houser, Adrian","605288","137","464","1705",-3.6615710649839124,3.541056393746745,12.182823422008944,-11.504616545343785,-7.8808343353958366
"2026","Leahy, Kyle","681517","138","531","2086",15.508317390249822,11.794593101581919,23.484251285258075,-12.90853530016906,-6.8619916964210645