pitch_type,pitch_name,p_throws,baseline_pitches,baseline_pa,velo_mean,velo_sd,ivb_mean,ivb_sd,hb_mean,hb_sd,spin_mean,spin_sd,ext_mean,ext_sd,zone_mean,zone_sd,chase_mean,chase_sd,whiff_mean,whiff_sd,csw_mean,csw_sd,xwoba_mean,xwoba_sd
CH,Changeup,L,1087,282,84.38555657773689,3.656881708365517,4.6891628334866615,5.555297501467811,14.077424103035879,3.2220935033994142,1704.4972170686458,316.5094055460581,6.433210671573137,0.4783441885911641,0.32106715731370744,0.46710144384008134,0.3875338753387534,0.4875176114873529,0.3298059964726631,0.4705576697919399,0.24839006439742412,0.43227809177712384,0.25710344326241136,0.33178300814484557
CH,Changeup,R,1831,478,87.24948115783725,3.157855761326706,3.8881048607318403,4.692048181046373,-15.098503549972692,3.2828918595651966,1789.2389972144847,320.33488649226246,6.436199342825849,0.38300700908441243,0.3113052976515565,0.4631538239785054,0.34099920697858843,0.4742331663128572,0.29931972789115646,0.4582199084404584,0.22282905516111415,0.4162582121438503,0.2547621066945607,0.321559771115851
CS,Slow Curve,R,4,1,69.025,1.1383467544352808,-3.3,2.0979990467109366,17.94,2.823614704594095,2607.75,33.658827470169946,5.825,0.09574271077563393,0.5,0.5773502691896257,0.5,0.7071067811865476,0.3333333333333333,0.5773502691896257,0.25,0.5,0,NA
CU,Curveball,L,491,114,79.36374745417515,3.5015316487375694,-10.185580448065174,5.846256976201118,-8.480162932790224,4.177812724030623,2550.5152749490835,290.03125319079714,6.279633401221996,0.49782452037456254,0.329938900203666,0.4706701652138778,0.3799392097264438,0.48611074338041615,0.26865671641791045,0.4443677379909167,0.31160896130346233,0.46362332731843603,0.30218591228070174,0.3870377441462691
CU,Curveball,R,1163,260,80.32278589853826,3.832130015968226,-10.508718830610489,4.381185481458312,9.951848667239897,5.284168633356943,2607.7059329320728,295.01869806996535,6.379363714531385,0.4588813093448596,0.3594153052450559,0.480035499984899,0.30201342281879195,0.45943949586122823,0.28969957081545067,0.4541103980688204,0.2871883061049011,0.452644843509117,0.3072937846153846,0.409613955409142
FC,Cutter,L,404,86,88.44183168316832,2.544913208167978,8.001980198019801,2.9928238471804622,-1.9232673267326734,2.6984243574216293,2333.9553349875932,203.14025493289955,6.428712871287129,0.36006247973487476,0.4430693069306931,0.4973642539828987,0.29777777777777775,0.45830086465081166,0.19289340101522842,0.3955753415262103,0.24257425742574257,0.4291711752878545,0.35382810465116277,0.34463091596100065
FC,Cutter,R,1411,352,89.86343019135364,2.800173879843415,8.344720056697378,3.723864248238196,2.2015024805102765,3.1928855326552577,2405.307692307693,183.05475516038635,6.434231041814316,0.4193685228165566,0.4649184975194897,0.49894460644743543,0.3125827814569536,0.4638531729072509,0.19136690647482013,0.39366050090086807,0.261516654854713,0.43961649498817096,0.3707336278409091,0.41292170955295154
FF,4-Seam Fastball,L,2027,551,93.44410458806118,2.1439343774751394,15.848939319190922,3.0468893414757514,7.852747903305377,4.057450618955312,2278.977272727273,176.69827741938659,6.4419832264430195,0.4685241933539752,0.49037987173162306,0.5000308023576037,0.3204259438528558,0.4668663186408999,0.16350947158524426,0.37001435838248464,0.25703009373458313,0.43710397174431803,0.3268834845735027,0.4051630220874729
FF,4-Seam Fastball,R,5469,1417,95.08434814408484,2.378389669063993,15.848952276467362,2.773679196817616,-7.980405924300603,3.8769448030171323,2324.48998887653,160.19386431037935,6.508736263736264,0.42068543764477173,0.48016090692996893,0.4996519378142947,0.32254660569820615,0.46753307792026905,0.187316715542522,0.39023709019412833,0.2638507953922106,0.44075965676008844,0.3499385532815808,0.40273732155725944
FS,Split-Finger,L,64,20,83.7046875,2.440038360842089,5.313750000000001,5.084316220355637,10.306875,5.249179187535624,1212.25,242.28711814507932,6.403125,0.38254318150280203,0.15625,0.36596252735569995,0.48148148148148145,0.504348664241606,0.45714285714285713,0.5054326709601877,0.296875,0.46049274850812955,0.13025,0.20256795480971185
FS,Split-Finger,R,756,202,86.4399470899471,3.814092654702266,2.5428571428571427,4.3180096329397895,-11.951746031746032,4.160847037943483,1416.602960969044,343.698247020112,6.660662251655629,0.410669487806293,0.3055555555555556,0.46094729219403485,0.38666666666666666,0.48745065647062064,0.33787465940054495,0.47363131033177275,0.2605820105820106,0.4392427920313001,0.27193626237623764,0.3599062693810247
KC,Knuckle Curve,L,58,17,81.86724137931034,2.0668127790201205,-7.98,3.783415332599286,-3.790344827586207,4.8064711370493605,2355.4827586206898,143.06264624335466,6.212068965517242,0.38936637065739393,0.3793103448275862,0.48945319317801955,0.4444444444444444,0.5039526306789694,0.2903225806451613,0.4614143753790638,0.2413793103448276,0.43165714251849846,0.40999729411764707,0.5297966990349653
KC,Knuckle Curve,R,323,78,81.94241486068111,3.43395038816083,-9.903529411764705,4.934813952602782,8.145510835913313,4.8183297119843855,2570.0712074303406,203.60933670757916,6.400928792569659,0.44453102289658214,0.3157894736842105,0.46555074472467284,0.36199095022624433,0.48166719924323376,0.28104575163398693,0.45098600077276974,0.23839009287925697,0.426760012447893,0.30993412820512817,0.43459375107903275
KN,Knuckleball,R,26,5,70.08846153846154,12.812941174393236,1.4307692307692306,5.199523765174593,0.5353846153846157,8.387663908750389,185.23076923076923,80.39368517106686,5.65,1.0565036677645754,0.2692307692307692,0.45234432086120485,0.21052631578947367,0.41885390829169555,0.5,0.5477225575051661,0.38461538461538464,0.4961389383568339,0.0224,0.05008792269599529
SI,Sinker,L,1243,356,93.16154465004023,2.9437947283727914,7.2609171359613836,4.957473266410004,15.421013676588897,2.915785446279256,2161.5849514563106,173.65863969805548,6.350362027353178,0.5677365128805113,0.5325824617860017,0.4991380737479212,0.2977624784853701,0.45766855048926863,0.12121212121212122,0.3266486973108126,0.27996781979082863,0.4491638310369018,0.36311931741573034,0.32219575745601703
SI,Sinker,R,3105,892,94.39700483091788,2.5460388518933414,7.485333333333333,4.843783496059763,-15.523323671497584,2.9757912022764326,2193.4446620959843,165.74736661434548,6.453146176185866,0.4219206693836248,0.5033816425120773,0.500069097272474,0.28793774319066145,0.4529488370052596,0.11644318983768526,0.32086886993387803,0.27246376811594203,0.44529891652240056,0.3715194630044843,0.3689502971786052
SL,Slider,L,966,258,84.81387163561077,3.322564419440102,1.7052173913043482,4.560645180285801,-4.0873291925465836,3.574102490233167,2377.9543094496366,212.9644392382401,6.3403726708074535,0.4373086149427178,0.4161490683229814,0.4931742112337987,0.374113475177305,0.4843227069178271,0.27419354838709675,0.44655737563729647,0.2753623188405797,0.4469280560021593,0.2617047868217054,0.33699890934052773
SL,Slider,R,2372,610,86.50033726812816,3.115903867027304,1.4269477234401358,4.287623607120629,4.534502529510961,4.255132922048852,2464.5758738277927,230.39852466587686,6.386897717666948,0.4462357615225333,0.37900505902192244,0.48524168255079064,0.3557365919891378,0.4788984939688264,0.3132209405501331,0.4640092943136112,0.29679595278246207,0.45694216324254183,0.2906763737704918,0.36475712796213716
ST,Sweeper,L,584,145,81.47448630136986,2.602765993376776,0.28191780821917817,3.8027656840035955,-14.129383561643836,4.196993732977467,2571.0275387263337,277.83501541748683,6.171404109589041,0.5742210005852267,0.4280821917808219,0.49522497279407596,0.3473053892215569,0.4768281552514887,0.33460076045627374,0.47275032982597076,0.351027397260274,0.47770065258989225,0.20983674482758624,0.31004734980724635
ST,Sweeper,R,1469,356,83.5357385976855,2.9152742688145983,1.3971953710006817,4.565723949218681,13.661865214431586,4.2806523804186565,2607.184903047091,222.40447758522305,6.354594962559564,0.4128236357396326,0.3961878829135466,0.4892708890002643,0.34047350620067646,0.47413578401000156,0.3052147239263804,0.4608518625652695,0.3063308373042886,0.4611258016133329,0.26524226404494383,0.3669432018910395
SV,Slurve,L,61,16,81.9655737704918,1.596755590345795,-2.6262295081967215,4.061847758485632,-11.29377049180328,5.315295590380158,2344.1147540983607,304.9152394989278,6.268852459016394,0.4345652937540217,0.45901639344262296,0.5024529991884243,0.3939393939393939,0.49619766344887317,0.2608695652173913,0.44897775854487965,0.4262295081967213,0.49863200838034916,0.2428125,0.41708036295978573
SV,Slurve,R,86,20,81.03139534883721,2.6059778170653987,-7.120465116279069,3.261113453652347,14.155813953488373,3.6475192101631073,2751.5581395348836,328.3429199032858,5.91046511627907,0.12744463136173095,0.3372093023255814,0.475529800297807,0.2631578947368421,0.4442616583193193,0.2903225806451613,0.46141437537906377,0.29069767441860467,0.45674755724946314,0.33409885,0.43871106947406924
